hashid,name,display,domain,cid
mproPpoq6O,知乎,热榜,zhihu.com,1
KqndgxeLl9,微博,热搜榜,s.weibo.com,1
WnBe01o371,微信,24h热文榜,mp.weixin.qq.com,1
wWmoO5Rd4E,澎湃,热榜,thepaper.cn,1
Jb0vmloB1G,百度,实时热点,baidu.com,1
74KvxwokxM,哔哩哔哩,全站日榜,bilibili.com,3
Q1Vd5Ko85R,36氪,24小时热榜,36kr.com,2
KMZd7VOvrO,知乎日报,Today,daily.zhihu.com,1
DpQvNABoNE,抖音,总榜,douyin.com,3
Y2KeDGQdNP,少数派,热门文章,sspai.com,2
x9ozB4KoXb,今日头条,头条热榜,toutiao.com,1
NKGoRAzel6,吾爱破解,今日热帖,52pojie.cn,4
mDOvnyBoEB,豆瓣电影,豆瓣新片榜,movie.douban.com,3
5VaobgvAj1,虎嗅网,热文,huxiu.com,2
KMZd7X3erO,历史上的今天,Today,baike.so.com,1
Om4ejxvxEN,百度贴吧,热议榜,tieba.baidu.com,4
20MdK2vw1q,果壳,科学人,guokr.com,2
G47o8weMmN,虎扑社区,步行街热帖,bbs.hupu.com,4
KqndgDmeLl,开眼视频,日报,kaiyanapp.com,3
W1VdJPZoLQ,微信,今日视频榜,mp.weixin.qq.com,1
WYKd6jdaPj,豆瓣小组,讨论精选,douban.com,3
WYKd69jvaP,梨视频,排行榜总榜,pearvideo.com,1
4KvxEX0dkx,微信读书,总榜,weread.qq.com,3
NRrvWq3e5z,煎蛋,一周热文,jandan.net,3
n6YoVqDeZa,夸克,热搜榜,so.m.sm.cn,1
rDgeyqeZqJ,水木社区,十大热门话题,newsmth.net,4
NaEdZndrOM,搜狗,实时热点,sogou.com,1
YqoXQGXvOD,汽车之家,论坛精选日报,club.autohome.com.cn,4
qENeYpdY49,AcFun,全站综合榜,acfun.cn,3
L4MdAp1vxD,喷嚏网,本周热读,dapenti.com,3
KMZd7x6erO,360搜索,实时热点榜单,so.com,1
yjvQDpjobg,淘宝 ‧ 天猫,热销总榜,taobao.com,5
VaobmGneAj,起点中文网,畅销榜,book.qidian.com,3
47o8QGjvMm,推书君,完本榜,tuishujun.com,3
7Gdab3peQy,淘宝 ‧ 天猫,每日爆款清单,taobao.com,5
b0vmYyJvB1,纵横中文网,24小时畅销榜,zongheng.com,3
ARe1QZ2e7n,拼多多,实时热销榜,p.pinduoduo.com,5
DgeygBwvZq,起点女生网,畅销榜,qdmm.com,3
x9ozqX7eXb,今日热卖,全网线报聚合,remai.today,5
RrvWx4Rd5z,防疫商品追踪,好价监控,wuhan.taobao.com,5
K7GdagpoQy,什么值得买,好文原创榜,smzdm.com,5
QaqeEage9R,当当,畅销图书榜,book.douban.com,5
VaobJ98oAj,微博,话题榜,s.weibo.com,1
20MdKa2ow1,今日头条,热文日榜,toutiao.com,1
mproPp5oq6,小众软件,每日最新,appinn.com,10
j8Rv21noLw,微信,热词,weixin.sogou.com,1
mDOvnkVdEB,知乎,每日精选,zhihu.com,1
5VaobJgoAj,ZAKER,24小时热榜,myzaker.com,1
0MdKam4ow1,第一财经,新闻排行周榜,yicai.com,6
74Kvx59dkx,IT之家,日榜,ithome.com,2
K7GdaMgdQy,抖音,热搜榜,iesdouyin.com,3
X12owXzvNV,雪球,今日话题,xueqiu.com,6
Ywv41YMdPa,吾爱破解,人气热门,52pojie.cn,4
rx9oz6oXbq,知乎,热搜,zhihu.com,1
LwkvlBqez1,豆瓣话题广场,热门话题,douban.com,1
L4MdA5ldxD,小红书,热榜,xiaohongshu.com,3
G2me3ndwjq,华尔街见闻,日排行,wallstreetcn.com,6
qYwv48MvPa,FT中文网,十大热门文章,ftchinese.com,1
74KvxK7okx,爱范儿,每日最新,ifanr.com,2
DgeyxkwdZq,科普中国网,热点排行,kepuchina.cn,2
Q1Vd5RLe85,ONE · 一个,,wufazhuce.com,10
6ARe1n6o7n,中国国家地理网,热度榜,dili360.com,1
47o8ELqvMm,中国政府网,最新政策,gov.cn,9
aqeEK0rv9R,简书,首页推荐,jianshu.com,1
qndg1WxoLl,CCTV央视新闻,国际新闻,news.cctv.com,1
YqoXQ8XvOD,新京报,排行,bjnews.com.cn,1
Lwkvlxyvz1,豆瓣电影,一周口碑榜,movie.douban.com,3
NaEdZZXdrO,少数派,最新文章,sspai.com,2
YKd6JOqdaP,国家统计局,最新数据发布,stats.gov.cn,9
rYqoXQ8vOD,GitHub,Trending Today,github.com,7
NaEdZ2ndrO,知乎,想法热榜,zhihu.com,4
1VdJp5aoLQ,淘宝 ‧ 天猫,数码家电 ‧ 热销榜,taobao.com,5
RrvWqa7e5z,爱思想,每日文章排行,aisixiang.com,1
3QeLGVPd7k,财新网,评论排行榜,caixin.com,6
n4qv90roaK,威锋网,今日新信息,feng.com,2
Jb0vmWGeB1,收趣,热门收藏,shouqu.me,1
anop0MKolZ,淘宝 ‧ 天猫,居家日用 ‧ 热销榜,taobao.com,5
0MdKLB6ew1,淘宝 ‧ 天猫,男装 ‧ 热销榜,taobao.com,5
rx9ozj7oXb,新浪财经新闻,点击量排行,sina.com.cn,6
ARe1Q64e7n,淘宝 ‧ 天猫,美食 ‧ 热销榜,taobao.com,5
NRrvWYDe5z,极客公园,每日最新,geekpark.net,2
x9ozBY7oXb,财新网,点击排行榜,caixin.com,6
8Rv2k4wdLw,淘宝 ‧ 天猫,鞋品 ‧ 热销榜,taobao.com,5
1yjvQN6dbg,老司机,24小时热门,laosiji.com,4
RrvWOl3v5z,观察者网,要闻,guancha.cn,1
pQvNGwzdNE,淘宝 ‧ 天猫,女装 ‧ 热销榜,taobao.com,5
KqndgapoLl,36氪,最新,36kr.com,2
4Kvx529dkx,淘宝 ‧ 天猫,美妆 ‧ 热销榜,taobao.com,5
WYKd6LmoaP,FT中文网,今日焦点,ftchinese.com,1
3QeLXK9e7k,淘宝 ‧ 天猫,户外运动 ‧ 热销榜,taobao.com,5
12owW1woNV,淘宝 ‧ 天猫,文娱车品 ‧ 热销榜,taobao.com,5
ENeY06RdY4,淘宝 ‧ 天猫,母婴 ‧ 热销榜,taobao.com,5
YqoXz76dOD,淘宝 ‧ 天猫,配饰 ‧ 热销榜,taobao.com,5
3moBaM9eN5,淘宝 ‧ 天猫,内衣 ‧ 热销榜,taobao.com,5
x9ozQxbeXb,淘宝 ‧ 天猫,家装家纺 ‧ 热销榜,taobao.com,5
1Vd5k95o85,淘宝 ‧ 天猫,箱包 ‧ 热销榜,taobao.com,5
RrvWOwRv5z,雪球,热帖,xueqiu.com,6
n3moBVoN5O,CSDN,今日头条热点,csdn.net,7
K7GdaKLoQy,抽屉新热榜,最新,dig.ichouti.cn,1
Jb0vmwGeB1,新浪国内新闻,点击量排行,sina.com.cn,1
WnBe0pbe37,异次元软件世界,全部最新,iplaysoft.com,10
Om4ejl3vxE,微博,社会榜,s.weibo.com,1
Ywv4J0xePa,国家统计局,数据解读,stats.gov.cn,9
4Kvx5R0dkx,21财经,热门,21jingji.com,6
9JndkpJe3V,猫眼,国内票房榜,maoyan.com,3
KqndgxxeLl,豆瓣,每日发现,douban.com,4
20MdKx4ew1,人人都是产品经理,日榜,woshipm.com,7
wWmoO8kv4E,华尔街见闻,最新资讯,wallstreetcn.com,6
QaqeEaVe9R,掘金,全站本周最热,juejin.cn,7
b0vmbRXdB1,哔哩哔哩,每周必看,bilibili.com,3
5PdMxAbvmg,澎湃,首页要闻,thepaper.cn,1
W1VdJAkvLQ,壹心理,,xinli001.com,1
nBe0B3bv37,中国政府网,政策解读,gov.cn,9
MZd7xkGerO,不死鸟,分享为王,hao.su,10
aEdZ2AkdrO,金融八卦女,每日八卦,jinrongbaguanv.com,1
pQvNBYBvNE,封面,聚焦新闻,thecover.cn,1
2me3xYnowj,知乎,话题榜,zhihu.com,4
anopWRkelZ,看看新闻,看看热榜,kankanews.com,1
2KeDwZQdNP,第一财经商业数据中心,CBNData资讯,cbndata.com,6
4anopWBelZ,App Store,中国 iPhone 免费榜,itunes.apple.com,3
YqoXQR0vOD,3DM游戏网,最新新闻,3dmgame.com,3
3QeLGjPd7k,新京报,热评,bjnews.com.cn,1
RrvWVlgo5z,果壳,每日精选,guokr.com,1
Om4ejk3oxE,人人都是产品经理,最新,woshipm.com,7
Y3QeLMPo7k,Readhub,热门话题,readhub.cn,2
WmoOxxDv4E,微信 ‧ 军事,24h热文榜,mp.weixin.qq.com,1
G47o88goMm,新浪,点击量排行,sina.com.cn,1
Y2KeDmQoNP,什么值得买,京东好价榜,smzdm.com,5
5PdMxrZvmg,人民网,传媒频道,media.people.com.cn,1
8Rv21O3oLw,上观,今日文章排行,jfdaily.com,1
3adqR13eng,China Daily,China News,chinadaily.com.cn,1
rYqoXZzdOD,开源中国,热门资讯,oschina.net,7
KGoRAk1el6,格隆汇,热文日排行,gelonghui.com,6
pQvNXgmeNE,南方周末,热门文章,infzm.com,1
6ARe1k2v7n,TapTap,排行榜,taptap.com,3
mproPRldq6,阮一峰的网络日志,,ruanyifeng.com,10
wkvlMlydz1,知乎,影视热榜,zhihu.com,3
ENeY0pZdY4,半月谈,今日谈,banyuetan.org,1
mproPq5vq6,新浪社会新闻,点击量排行,sina.com.cn,1
proPJ9ldq6,中国政府网,国务院信息,gov.cn,9
rDgeyxqdZq,汽车之家,三日热门文章,autohome.com.cn,2
3adqQk3dng,知乎,科学热榜,zhihu.com,2
1Vd5xKLv85,马蜂窝,热门游记,mafengwo.cn,4
Jndkp4ye3V,爱范儿,AppSolution,ifanr.com,3
G2me3Rxdwj,什么值得买,白菜好价榜,smzdm.com,5
n3moBA1eN5,数字尾巴,今日推荐,dgtle.com,2
3moBYR1eN5,360doc个人图书馆,七日热文,360doc.com,1
yjvQy54vbg,iDaily · 每日环球视野,Today,idai.ly,1
0MdKLK2ew1,淘宝,TOP100人气榜,taobao.com,5
YqoXzV6dOD,京东,热销总榜,jd.com,5
m4ejb73exE,IT之家,最新更新,ithome.com,2
rYqoXqXvOD,虫部落,最新热门,chongbuluo.com,4
rx9ozQbeXb,股吧,热榜,guba.eastmoney.com,6
aqeEDxld9R,羊毛日报,最新羊毛,ym.today,5
KMZd7GGdrO,FT中文网,每日更新,ftchinese.com,1
QaqeEY4e9R,瓦斯阅读,24小时热门,q.qnmlgb.tech,1
L4MdAA1dxD,钛媒体,热门文章榜单,tmtpost.com,2
0MdKab8ow1,书伴,,bookfere.com,3
zQ0or7zv8B,新浪国际新闻,点击量排行,sina.com.cn,1
WmoO5DYd4E,中关村在线,7日热文,zol.com.cn,2
WnBe08Ke37,鸟哥笔记,日榜,niaogebiji.com,7
VaobblBoAj,哔哩哔哩专栏,月榜,bilibili.com,3
NaEdZLXorO,什么值得买,天猫好价榜,smzdm.com,5
Dgey97qeZq,知乎,数码热榜,zhihu.com,2
nBe0JLBv37,豆瓣电影,热门剧集排行榜,movie.douban.com,3
5PdMNybemg,NASA 🌍,每日一图,nasa.gov,1
Q0orQNWe8B,蓝点网,每日最新,landiannews.com,2
proPB1Bdq6,福利吧,,fulibus.net,10
WnBe0z1v37,北大未名,首页推荐,bbs.pku.edu.cn,4
ARe1kP6v7n,第一财经,大直播排行周榜,yicai.com,6
ENeYLEZdY4,吾爱破解,精品软件区,52pojie.cn,4
ENeYLNqdY4,看看新闻,最新原创,kankanews.com,1
3adqZlMeng,中华人民共和国外交部,发言人表态,fmprc.gov.cn,9
47o8K20eMm,集思录,今日热门榜,jisilu.cn,6
aqeEKPjv9R,CCTV央视新闻,国内新闻,news.cctv.com,1
Dgey9r5eZq,第一财经商业数据中心,CBNData报告,cbndata.com,6
DpQvNVmvNE,俄罗斯卫星通讯社,,sputniknews.cn,1
MZd7PrPerO,快手,实时热榜,kuaishou.com,3
MZd7wnDdrO,酷安,今日图文编辑精选,coolapk.com,2
pQvNBrJvNE,虎嗅网,最新,huxiu.com,2
8Rv2k9ndLw,拼多多,今日爆单榜,p.pinduoduo.com,5
Dgey9ZKeZq,喜马拉雅,热门免费榜,ximalaya.com,3
proPB7kdq6,知乎,校园热榜,zhihu.com,1
8Rv2GNwdLw,人民网,要闻·热点,news.people.com.cn,1
n3moB3EvN5,先知社区,精华推荐,xz.aliyun.com,4
Ywv41WBdPa,反斗限免,最新限免,free.apprcn.com,10
nBe0z0yv37,360趋势,实时热点,so.com,1
9Jndklye3V,咖啡日报,PMCAFF精选,coffee.pmcaff.com,7
Om4ej8mvxE,游研社,首页推荐,yystv.cn,3
QaqeEAje9R,MBA智库资讯,每日最新,news.mbalib.com,6
47o8RJgdMm,新华网,时政频道,xinhuanet.com,1
b0vmm28vB1,腾讯新闻,国内,news.qq.com,1
W1VdJzndLQ,小鸡词典,热搜,jikipedia.com,3
DOvn8x1eEB,经济观察网,每日热新闻,eeo.com.cn,6
wWmoOVYe4E,机核网,每日最新,gcores.com,3
VaobLKGdAj,哔哩哔哩,综合热门,bilibili.com,3
Om4ej2mexE,新浪国内新闻,评论数排行,sina.com.cn,1
7GdabXpeQy,中国地震局,地震速报,cea.gov.cn,9
ARe1QpLe7n,凤凰科技,新闻24小时,tech.ifeng.com,2
WnBe01Ko37,新浪国际新闻,评论数排行,sina.com.cn,1
VaobMBMeAj,中央纪委国家监委,审查调查,ccdi.gov.cn,9
RrvWqNDe5z,喷嚏网,图卦,dapenti.com,3
NKGoRVZol6,虎扑社区,生活热帖,bbs.hupu.com,4
3adqR6Leng,科普中国网,最新滚动,kepuchina.cn,2
1Vd5rL8e85,第一财经,头条,yicai.com,6
Q1Vd5wLo85,新浪军事新闻,点击量排行,sina.com.cn,1
X12ow2meNV,捷径社区,热门捷径,sharecuts.cn,2
5PdMaaadmg,微信 ‧ 科技,24h热文榜,mp.weixin.qq.com,1
qndg48xeLl,腾讯新闻,热点榜,view.inews.qq.com,1
yjvQNPPdbg,NGA玩家社区,热门主题,bbs.nga.cn,4
Ywv4BDxePa,镝数,最新报告,dydata.io,6
4MdAaXNdxD,哔哩哔哩专栏,周榜,bilibili.com,3
wkvlx0gvz1,38号车评中心,,quaita.com,10
JndkE6Lo3V,爱思想,每周文章排行,aisixiang.com,1
YqoXzm0dOD,wikiHow 中文,首页推荐,zh.wikihow.com,1
3QeLXl9e7k,日经中文网,每日最新,cn.nikkei.com,6
WmoO5Akd4E,头条搜索,猜你想搜,m.toutiao.com,1
n6YoVPadZa,豆瓣电影,北美票房榜,movie.douban.com,3
YKd6JYjdaP,观察者风闻社区,24小时最热,user.guancha.cn,1
BwdG02wePx,ZAKER,科技频道,myzaker.com,2
ENeYQBweY4,南方周末,今日推荐,infzm.com,1
rYqoXNXdOD,雨果网,今日头条,cifnews.com,1
qYwv41WdPa,链滴【黑客派】,热议,ld246.com,4
VaobJ88oAj,站酷,作品总榜,zcool.com.cn,13
12ow2PzeNV,第一财经,图集排行周榜,yicai.com,6
QaqeERxo9R,月光博客,,williamlong.info,10
1VdJpVZoLQ,淘宝,实时跑量榜,taobao.com,5
1VdJzbpdLQ,吾爱破解,最新热门,52pojie.cn,4
Jb0vml8oB1,宽带山,24小时热帖,kdslife.com,4
7Gdaz7geQy,网易新闻,滚动新闻,news.163.com,1
rYqoXMXvOD,新浪科技新闻,点击量排行,sina.com.cn,2
3moB25MoN5,中国互联网联合辟谣平台,新冠肺炎疫情防控辟谣专区,piyao.org.cn,9
KGoRAz2el6,cnBeta,每日最新,cnbeta.com.tw,2
rx9ozQ6eXb,掘金,工具资源本周最热,juejin.cn,7
x9oz03bdXb,人民日报,电子报,paper.people.com.cn,12
3QeLX0Ge7k,创业邦,72小时热文榜,cyzone.cn,2
1VdJPYnoLQ,携程攻略,推荐游记,you.ctrip.com,4
qndg5MpoLl,财联社,热门文章排行榜,cls.cn,6
3QeLJbGv7k,参考消息,滚动新闻,cankaoxiaoxi.com,1
Q1Vd5xKv85,GitHub,Trending Weekly,github.com,7
12ow4RzvNV,凤凰网,凤凰热榜,ishare.ifeng.com,1
b0vm4p8oB1,英为财情,最热门新闻,cn.investing.com,6
a5PdM3bomg,新浪,评论数排行,sina.com.cn,1
ENeYa4DeY4,网易新闻,实时热榜,c.m.163.com,1
3QeLwYGd7k,雪球,7×24,xueqiu.com,6
1VdJPgnoLQ,第一财经,视频排行周榜,yicai.com,6
DpQvN8eNE6,威锋网,72小时热榜,feng.com,2
rx9oznboXb,什么值得买,晒物榜,smzdm.com,5
aqeE1Gxe9R,时代在线,24小时阅读排行,time-weekly.com,6
Ywv416zdPa,北京天文馆,每日一图,bjp.org.cn,1
ARe1kXnv7n,游民星空,今日推荐,gamersky.com,3
VaobbkqoAj,IMDb,热门电影榜,imdb.com,3
YqoXbEPdOD,中国教育考试网,全国硕士研究生招生考试动态,yankao.neea.edu.cn,9
2me3x1rowj,生产力维基,,productivity.wiki,10
KGoRk0xvl6,新华网,财经频道,xinhuanet.com,6
m4ej6k4exE,中央电视台,新闻联播,xwlb.cctv.com,1
YqoXzVXdOD,MCN机构,,mcnjigou.com,2
proPGGOeq6,微信 ‧ 文化,24h热文榜,mp.weixin.qq.com,1
ENeYEXpeY4,华尔街见闻,周排行,wallstreetcn.com,6
6ARe1YLe7n,虎扑社区,NBA论坛热帖,bbs.hupu.com,4
Y3QeL1Po7k,inNeed社区,精选,inneed.club,7
W1VdJQnvLQ,Engadget中文版,每日最新,chinese.engadget.com,2
G2me38nowj,猫眼,热映口碑榜,maoyan.com,3
YqoXQEqvOD,高楼迷,今日热帖,gaoloumi.cc,4
WYKd6JqdaP,湾区日报,最新期刊,wanqu.co,7
4qv9BObdaK,中国政府网,要闻最新,gov.cn,1
KMZd76vrOw,过早客（光谷社区）,今日热议,guozaoke.com,4
nBe0xxje37,微信 ‧ 生活,24h热文榜,mp.weixin.qq.com,1
3adqQnxdng,Acfun,文章榜,acfun.cn,3
1VdJZBndLQ,中国政府网,新闻发布,gov.cn,9
NKGoRM1el6,买买买,24小时热门线报,just998.com,5
Y3QeLAGo7k,钛媒体,最新,tmtpost.com,2
KGoRJbZol6,国家税务总局,最新文件,chinatax.gov.cn,9
mproPEpvq6,汽车之家,论坛热帖榜,club.autohome.com.cn,4
1yjvQDjobg,IT之家,7天热评,ithome.com,2
Kqndg1xoLl,看雪论坛,最新精华,bbs.kanxue.com,4
x9ozQbKeXb,i黑马,热点推荐,iheima.com,2
YqoXQ3xvOD,南方周末,新闻,infzm.com,1
YKd6RDqdaP,镝数,最新数据,dydata.io,6
qndgNRZvLl,36氪,收藏榜,36kr.com,2
0MdKag9ow1,每日腕表杂志,每日新闻,iwatch.ly,1
x9ozBO7oXb,中关村在线,7日热帖,zol.com.cn,4
rDgeyg5vZq,慕课网手记,热门文章,imooc.com,2
DOvn33ydEB,微信 ‧ 职场,24h热文榜,mp.weixin.qq.com,1
yjvQDXPobg,巴比特,新闻日排行,8btc.com,6
JndkwJAd3V,新浪财经,国内滚动新闻,finance.sina.com.cn,6
4MdA8lGvxD,最新限免 / 促销应用,,gofans.cn,10
RrvW7XDv5z,懂车帝,文章排行榜,dongchedi.com,2
4qv98R5oaK,格隆汇,首页推荐,gelonghui.com,6
anoppbRolZ,微信读书,飙升榜,weread.qq.com,3
Ywv4BJRePa,微信 ‧ 财经,24h热文榜,mp.weixin.qq.com,1
YKd6JbwdaP,器物于我,,qwyw.org,1
QaqeEQ4e9R,新浪,视频排行,sina.com.cn,1
m4ejbQ3exE,智能电视论坛,今日热点,znds.com,4
7GdabPXeQy,链节点,今日热帖榜,chainnode.com,6
rYqoXz8dOD,掘金,人工智能本周最热,juejin.cn,7
6ARe12o7nL,cnBeta,热文周榜,cnbeta.com.tw,2
4KvxE1ldkx,中新经纬,今日要闻,jwview.com,6
m4ejJprexE,金融界,7*24小时财经要闻滚动,finance.jrj.com.cn,6
Jndk4qZe3V,抽屉新热榜,一周最热榜,dig.ichouti.cn,1
ENeYQPpeY4,中华人民共和国人力资源和社会保障部,政策法规,mohrss.gov.cn,9
DOvnNXqvEB,微博,电影榜,movie.weibo.com,3
Jb0vmWJeB1,雷锋网,每日更新,leiphone.com,2
wkvlB6Pez1,HelloGitHub,月刊,hellogithub.com,7
1yjvQ6dbgO,威锋网,今日热帖,bbs.feng.com,4
W1VdJZdLQM,SegmentFault,今日热门,segmentfault.com,7
wWmoOqYd4E,新浪体育新闻,点击量排行,sina.com.cn,1
DOvn6g2vEB,后续,跟踪 Live,houxu.app,1
Q0orQa2e8B,少数派,Matrix,sspai.com,2
aqeED7Md9R,36氪,综合榜,36kr.com,2
m4ejqwmdxE,半月谈,要闻TOP10,banyuetan.org,1
qYwv4MNdPa,安全客,最新,anquanke.com,7
KqndgLmeLl,新浪,图片排行,sina.com.cn,1
qndgO7LdLl,吾爱破解,原创发布区,52pojie.cn,4
aqeEKw4v9R,酷壳CoolShell,,coolshell.cn,10
47o8RRQdMm,微信 ‧ 影视,24h热文榜,mp.weixin.qq.com,1
wkvlN2Pez1,金色财经,24小时热文,jinse.com,6
MZd7BVYvrO,微信 ‧ 教育,24h热文榜,mp.weixin.qq.com,1
2me3R7zdwj,中国人大网,法律草案征求列表,npc.gov.cn,9
1Vd5x4Nv85,每日珠宝杂志,每日新闻,igem.ly,1
WmoOGBko4E,全天候科技,,awtmt.com,2
KGoRJ4Nol6,见闻VIP,今日要闻,vip.jianshiapp.com,6
K7GdabpeQy,InfoQ中国,7天热点,infoq.cn,7
n3moBYVeN5,GitHub,Trending Monthly,github.com,7
JndkE9Vo3V,哔哩哔哩专栏,昨天排行榜,bilibili.com,3
x9ozmmYeXb,微信 ‧ 历史,24h热文榜,mp.weixin.qq.com,1
aEdZqwnvrO,知乎,时尚热榜,zhihu.com,3
aEdZqkOvrO,腾讯安全玄武实验室,,xlab.tencent.com,10
Q0orrr0o8B,微信 ‧ 健康,24h热文榜,mp.weixin.qq.com,1
1Vd5Rm5e85,中华人民共和国商务部,政策发布,mofcom.gov.cn,9
VaobPqqdAj,财联社,头条,cls.cn,6
Ywv400MvPa,中国政府网,工作进行时,gov.cn,9
1VdJPEMoLQ,iBag包包,新包杂志,ibag.ly,1
47o8Q7qvMm,少数派,最新上架付费专栏,sspai.com,2
x9ozBG1oXb,21世纪英文报,中英文双语新闻,i21st.cn,2
anopy7kvlZ,中国政府网,图解政策,gov.cn,9
5PdM1Qbdmg,慧博投研资讯,今日热门研报,hibor.com.cn,6
YKd60rzoaP,富途牛牛,要闻,news.futunn.com,6
Ywv4JKzePa,创造者日报,今日推荐,creatorsdaily.com,7
K7Gda2XeQy,虎扑社区,影音娱乐热帖,bbs.hupu.com,4
nBe0RNQv37,CCTV央视新闻,法治新闻,news.cctv.com,1
L4MdA8PvxD,Chiphell,最新热门,chiphell.com,4
WnBe0J1v37,掘金,后端本周最热,juejin.cn,7
BwdG2ajvPx,哔哩哔哩,入站必刷,bilibili.com,3
Y3QeLzPv7k,新浪娱乐新闻,点击量排行,sina.com.cn,3
ARe1kK6v7n,太平洋汽车网,帖子排行榜,bbs.pcauto.com.cn,4
3adqRkMeng,奥一网,见报48小时排行,oeeee.com,1
12ow2rzeNV,太平洋汽车网,汽车热榜,pcauto.com.cn,2
wkvlBMgez1,微信 ‧ 搞笑,24h热文榜,mp.weixin.qq.com,1
b0vmmQGvB1,人民网,观点*人民网评,opinion.people.com.cn,1
qENeY0RdY4,IT之家,周榜,ithome.com,2
Q0orpwYd8B,独立开发者社区,,w2solo.com,4
1Vd5ZE8e85,上观新闻,最新,shobserver.com,1
9JndkyVo3V,新趣集,今天新发现,xinquji.com,7
4MdAa7ldxD,Readhub,科技动态,readhub.me,2
rDgey55eZq,什么值得买,券活动热门,smzdm.com,5
ENeYLZqdY4,易车网,热门视频排行,vc.yiche.com,2
anop04BolZ,人民网,要闻快讯,people.com.cn,1
m4ejbQmexE,21财经,数读,21jingji.com,6
pQvNXYJeNE,效率火箭,,xlrocket.com,10
ENeYLYDdY4,国家地理,每日最新,nationalgeographic.com,1
YqoXb1KdOD,中华人民共和国住房和城乡建设部,政策发布,mohurd.gov.cn,9
BwdG5WLoPx,国务院发展研究中心,调查研究 ‧ 政策解读,drc.gov.cn,9
WmoO7XDo4E,中金在线财经号,财经推荐,mp.cnfol.com,6
4qv9zk1daK,新浪热榜,总榜,rank.sinanews.sina.cn,1
5PdM1rGdmg,投研星球,热门研报,touyanxingqiu.com,6
Vaob5MPeAj,即刻圈子,一觉醒来世界发生了什么,okjike.com,10
WYKd6pzoaP,FreeBuf,最新,freebuf.com,7
n3moBE1eN5,懂球帝,今日头条,dongqiudi.com,3
rx9ozn7oXb,慢慢买,小时排行榜,zhekou.manmanbuy.com,5
4qv9bGpdaK,果壳,吃货研究所,institute.guokr.com,2
DpQvNRpvNE,虎扑社区,游戏电竞热帖,bbs.hupu.com,4
nBe0JXKv37,科技聚变,,techfusionfm.com,10
LBwdG0jePx,Product Hunt,今日新产品,producthunt.com,7
m4ejbjyexE,豆瓣电影,正在上映的电影,movie.douban.com,3
DpQvNXzeNE,什么值得买,好价品类榜,smzdm.com,5
YqoXzxqdOD,英为财情,编辑精选,cn.investing.com,6
3QeLGYPd7k,中关村在线,7日热评,zol.com.cn,2
1Vd58x8v85,什么值得买,好文周热门,post.smzdm.com,5
qENeYQReY4,Apple Music,歌曲排行,itunes.apple.com,3
2me38D0owj,土木在线,热门帖子,bbs.co188.com,4
12owqRJdNV,中华人民共和国教育部,公告公示,moe.gov.cn,9
b0vmbqAdB1,Readhub,每日早报,readhub.cn,2
anopWDkelZ,易车网,最火文章排行,news.bitauto.com,2
3adqr3xeng,36氪,快讯,36kr.com,2
1Vd5PbMv85,中国互联网联合辟谣平台,我来查证,piyao.org.cn,9
n3moBXPdN5,手游那点事,,nadianshi.com,2
pQvNyamoNE,物联网智库,最新资讯,iot101.com,2
2me38Yrowj,奥一网,站内48小时排行,oeeee.com,1
x9ozB8noXb,通信人家园,24小时热帖,txrjy.com,4
WmoOrMBe4E,中国新闻周刊,十大热文,inewsweek.cn,1
LBwdGgdPxq,博客园,48小时阅读排行,cnblogs.com,7
Ywv4JDRePa,玩物志,最新,coolbuy.com,5
Om4ejbxexE,全球主机交流论坛,今日热帖,hostloc.com,4
12owWqmoNV,UX Coffee 设计咖,,uxcoffee.com,10
YqoXVNzdOD,每日经济新闻,电子报,nbd.com.cn,12
74Kvx6wekx,App Store,中国 iPhone 付费榜,itunes.apple.com,3
6YoVqqGeZa,微信 ‧ 娱乐,24h热文榜,mp.weixin.qq.com,1
DOvnNaBvEB,快科技,资讯中心,news.mydrivers.com,2
12owWZjoNV,爱运营,,iyunying.org,7
47o8YY0vMm,人民日报,电子版,people.com.cn,1
KGoRGRDvl6,微信 ‧ 社会,24h热文榜,mp.weixin.qq.com,1
b0vml7loB1,新浪科技,滚动新闻,tech.sina.com.cn,2
DpQvN1BoNE,TechWeb,今日焦点,techweb.com.cn,2
1Vd5kN8o85,腾讯视频,热搜榜,v.qq.com,3
3moB031dN5,上游新闻,头条,cqcb.com,1
1Vd5rqLe85,黑猫投诉,热点追踪,tousu.sina.com.cn,1
Jb0vmkWeB1,互联网的一些事,每日新鲜事,yixieshi.com,2
2KeDwLEdNP,IMDb,Top250剧集榜,imdb.com,3
RrvWVOQo5z,微信 ‧ 汽车,24h热文榜,mp.weixin.qq.com,1
3QeLgrPd7k,证券日报网,24小时排行,zqrb.cn,6
Vaob9g3eAj,书格,每日好书,shuge.org,3
pQvNY9NoNE,抽屉新热榜,24小时最热榜,dig.ichouti.cn,1
m4ejxxyvxE,微信 ‧ 美食,24h热文榜,mp.weixin.qq.com,1
aEdZgQVerO,中国铁路12306,最新动态,12306.cn,9
YqoXQwXvOD,留学世界,,overseastudy.world,2
qndgqDZoLl,中新网,国内新闻,chinanews.com,1
74Kvxk0okx,苹果fans博客,,mac52ipod.cn,10
WmoO7mko4E,环球网,国内要闻,china.huanqiu.com,1
n4qv9a1vaK,什么值得买,3C 家电 好价榜,smzdm.com,5
4KvxBAwekx,澎湃,社论,thepaper.cn,1
8Rv2YM0oLw,微信读书,新书榜,weread.qq.com,3
aqeEaZVe9R,美股市值,TOP100,stock.finance.sina.com.cn,6
YKd6RJwdaP,微信 ‧ 房产,24h热文榜,mp.weixin.qq.com,1
2KeDEyPoNP,南方周末,人物,infzm.com,1
4MdA0mbvxD,财联社,全部 - 电报,cls.cn,6
X12owjjeNV,白鲸出海,今日热文,baijing.cn,7
ENeYGp6vY4,财新网,新冠肺炎防疫全纪录,china.caixin.com,1
Kqndg8LeLl,D2-daily,,github.com,10
KGoRQBDel6,环球科学,首页推荐,huanqiukexue.com,2
aqeEjNlo9R,國家地理雜誌中文網,最新探索,natgeomedia.com,1
aqeEK2xv9R,人民网,国际新闻,world.people.com.cn,1
mproPploq6,新浪科技,苹果汇,tech.sina.com.cn,2
nBe0MDKo37,指股网,热闻,zhiguf.com,6
m3adqR3eng,猫眼,最受期待榜,maoyan.com,3
1Vd5x0Lv85,FT中文网,一周十大热门文章,ftchinese.com,1
DOvnNz1vEB,机器之心,文章库,jiqizhixin.com,7
MZd7P4OerO,新浪热榜,汽车热榜,rank.sinanews.sina.cn,2
5PdMQGldmg,36氪,人气榜,36kr.com,2
DOvnNB1vEB,产品经理@唐杰,,tangjie.me,10
JndkEzQo3V,数字尾巴,每天最新,dgtle.com,2
zQ0or80d8B,反斗软件,最新发布,apprcn.com,3
NKGoRRbol6,卡饭论坛,最新热门,bbs.kafan.cn,4
4MdALOlvxD,起点中文网,阅读指数榜,book.qidian.com,3
pQvNXGmeNE,集思录,社区最新,jisilu.cn,6
aEdZqjXvrO,正版中国,,getitfree.cn,10
RrvWqlDe5z,我爱卡,24H热帖榜,bbs.51credit.com,4
nBe0JAyv37,失业者联盟,优选,losergogogo.com,4
qndgkBmdLl,会计头条,首页推荐,kuaijitoutiao.com,6
Dgey9EBeZq,IMDb,热门剧集榜,imdb.com,3
proPGrleq6,后续,热点 Live,houxu.app,1
DpQvNGzdNE,IT之家,月榜,ithome.com,2
Y3QeLAJo7k,胶片的味道,,letsfilm.org,3
Vaob5mMeAj,巨潮资讯网,巨潮快讯,cninfo.com.cn,6
3QeLp7Ge7k,国家应急广播,预警信息,cneb.gov.cn,9
YqoXK6neOD,中国互联网联合辟谣平台,科学案例,piyao.org.cn,9
x9ozqEKeXb,中国政府网,国务院 - 吹风会,gov.cn,9
x9ozmGKeXb,国家应急广播,预警信息,cneb.gov.cn,9
YqoXQp8vOD,什么值得买,好文今日热门,post.smzdm.com,5
YKd698mvaP,喷嚏网,财经风云,dapenti.com,3
4Kvx5Ywdkx,雷科技,,leikeji.com,2
3adqQ0Zdng,京东,9.9特卖榜,jd.com,5
NKGoRGbvl6,什么值得买,好文资讯榜,smzdm.com,5
qENeYlqdY4,TechWeb,全站精华,techweb.com.cn,2
WnBe0Jyv37,得意生活,本周热门,deyi.com,4
qndgqqLoLl,微信 ‧ 旅行,24h热文榜,mp.weixin.qq.com,1
Q1Vd5G8o85,JavaScript Weekly,最新期刊,javascriptweekly.com,7
NRrvWG1v5z,安全脉搏,最新,secpulse.com,7
b0vmg0JeB1,新华网,新闻热榜,news.cn,1
aqeEO8rv9R,南方周末,观点,infzm.com,1
NKGoRgDvl6,游戏葡萄,,youxiputao.com,7
wWmoOGBo4E,人民网强国社区,一周热榜,bbs1.people.com.cn,4
nBe0Wx5d37,豆瓣电影,正在上映的超过 7.5 分的电影,movie.douban.com,3
x9ozQ2KeXb,腾讯视频,电影排行榜,v.qq.com,3
Y2KeDEYoNP,汽车之家,三日热门视频,autohome.com.cn,2
YqoXwGneOD,凤凰军事,,mil.ifeng.com,1
1Vd5xE5v85,掘金,全站最新,juejin.cn,7
0MdKLw4ew1,科技讯,今日热榜,kejixun.com,2
nBe0JB1v37,汽车之家论坛,媳妇当车模,xifu.club.autohome.com.cn,4
7GdagbYoQy,微信 ‧ 文学,24h热文榜,mp.weixin.qq.com,1
4Kvx607ekx,易车网,推荐热帖排行,news.bitauto.com,2
2me38jrowj,豆瓣电影,最受欢迎的影评,movie.douban.com,3
RrvWEYKe5z,知乎,进站必看,zhihu.com,1
j8Rv2nvLwp,cnBeta,热评周榜,cnbeta.com.tw,2
Q0orpPPd8B,京东,食品 ‧ 热销榜,jd.com,5
aEdZ24OdrO,萝卜报告,,luobobaogao.com,10
KGoRAOZel6,苏州姑苏网,推荐资讯,gusuwang.com,4
proPV4kdq6,咖啡日报,今日推荐,coffee.pmcaff.com,7
9JndkJv3Vr,Solidot,热门文章,solidot.org,7
KGoR15mel6,新华网,国际频道,xinhuanet.com,1
DgeyxRqdZq,China Daily,China Daily News,chinadaily.com.cn,1
YqoXQLXvOD,AppSo,鲜面连线,app.so,3
Q0or6qzo8B,中国政府网,头条,gov.cn,9
JndkwrQd3V,同花顺财经,热榜热文,eq.10jqka.com.cn,6
4MdAa6bdxD,IMDb,Top250电影榜,imdb.com,3
proPQbmvq6,豆瓣,新书速递,book.douban.com,3
2KeDwVYdNP,知乎,体育热榜,zhihu.com,3
Om4ejXxvxE,掘金,iOS本周最热,juejin.cn,7
JndkMNpo3V,新京报,首页推荐,bjnews.com.cn,1
NaEdZQNvrO,北美省钱快报,点击排行榜,cn.dealmoon.com,5
RrvW7Bgv5z,APP喵,,appmiu.com,10
DOvn3WDdEB,中新网,滚动即时新闻,chinanews.com,1
G47o8nqdMm,PanSci 泛科學,,pansci.asia,10
74Kvxr0ekx,虎扑社区,国际足球论坛热帖,bbs.hupu.com,4
DOvnmVDoEB,同花顺财经,热榜热点,t.10jqka.com.cn,6
12owWJjoNV,爱奇艺,电影 ‧ 热播榜,iqiyi.com,3
3moBKKPvN5,微信 ‧ 摄影,24h热文榜,mp.weixin.qq.com,1
b0vmYYWvB1,微信 ‧ 时尚,24h热文榜,mp.weixin.qq.com,1
Y3QeLXAe7k,掘金,阅读本周最热,juejin.cn,7
1Vd588av85,微信 ‧ 宠物,24h热文榜,mp.weixin.qq.com,1
rYqoXz6dOD,厦门小鱼,今日热帖,bbs.xmfish.com,4
mproPQlvq6,PingWest品玩,实时要闻,pingwest.com,2
MZd7azPorO,量子位,每日最新,qbitai.com,2
YqoXW8zeOD,上观新闻,编辑推荐,shobserver.com,1
Jb0vmKJeB1,理想生活实验室,,toodaylab.com,2
6ARe1LLd7n,触乐,,chuapp.com,2
aEdZbnBdrO,金十数据,热点头条,xnews.jin10.com,6
qYwv4JxePa,Hacker News,最新榜单,news.ycombinator.com,7
mproPGkeq6,Mac App Store,中国 免费榜,itunes.apple.com,3
12ow2w0eNV,人民网,财经频道,finance.people.com.cn,2
Om4ejByexE,设计达人,,shejidaren.com,13
wkvlNzBez1,掘金,阅读热门,juejin.cn,7
1VdJ77keLQ,微信 ‧ 情感,24h热文榜,mp.weixin.qq.com,1
VaobbPGoAj,京东,数码 ‧ 热销榜,jd.com,5
KGoRRNzol6,篝火营地,精选,gouhuo.qq.com,3
Q1Vd5k5o85,新浪博客,每日总排行,blog.sina.com.cn,4
YKd6JwndaP,创造者日报,最新产品,creatorsdaily.com,7
8Rv2YjmoLw,SocialBeta,热榜,socialbeta.com,7
RrvW7Z3v5z,新华网,网评,xinhuanet.com,1
1yjvQE4vbg,梅花网,最新推荐,meihua.info,2
YKd6JNqdaP,和讯网,滚动新闻,hexun.com,1
4MdAaVPdxD,果壳,美丽也是技术活,beauty.guokr.com,2
n4qv9ApvaK,猫眼,北美票房榜,maoyan.com,3
Dgeyx7KdZq,育儿论坛,24小时人气好帖排行榜,bbs.ci123.com,4
MZd7VN3vrO,百度视频,热门电影榜,v.baidu.com,3
Ywv419MdPa,喷嚏网,乐影,dapenti.com,3
3adq633eng,中国新闻周刊,首页推荐,inewsweek.cn,1
4qv9bmqdaK,哔哩哔哩专栏,前天排行榜,bilibili.com,3
1Vd5kOLo85,腾讯视频,电视剧排行榜,v.qq.com,3
RrvWNw7o5z,抽屉新热榜,3天最热榜,dig.ichouti.cn,1
3QeLgNWd7k,中国互联网联合辟谣平台,食品案例,piyao.org.cn,9
2KeDE1MoNP,数英网 DIGITALING,,digitaling.com,2
5PdMN80emg,南方周末,文化,infzm.com,1
proPV3kdq6,信息安全知识库,,vipread.com,10
47o8EjjvMm,Indie Hackers,,indiehacker.im,10
3adqQ9Mdng,喜马拉雅,音乐免费榜,ximalaya.com,3
1yjvQwPebg,虎扑社区,运动和装备热帖,bbs.hupu.com,4
DOvnEqloEB,小赚吧,,xiaozuan8.com,10
n4qv9poaKN,TesterHome,七日最热,testerhome.com,7
DOvny22oEB,中国大学MOOC(慕课),最新课程,icourse163.org,7
6YoVP5NdZa,人民网,时政频道,politics.people.com.cn,1
1VdJYjnvLQ,中国经济网,股市滚动新闻,finance.ce.cn,6
DOvnNO1vEB,推书君,畅销榜,tuishujun.com,3
Jb0vmbGdB1,辣品,辣榜,lapin365.com,5
X12owxJvNV,GeekCar,,geekcar.com,10
yjvQDVDobg,荔枝,热榜,lizhi.fm,3
4qv9bZ1daK,京东,文娱车品 ‧ 热销榜,jd.com,5
3moB2JzoN5,人人都是产品经理,天天问热门问答,wen.woshipm.com,7
JndkpwVe3V,环球老虎财经,,laohucaijing.com,6
proP06moq6,中国互联网联合辟谣平台,社会案例,piyao.org.cn,9
JndkwKpd3V,中国经济周刊,电子报,ceweekly.cn,12
qndgqXZoLl,穷游 ‧ 论坛,热门游记,bbs.qyer.com,4
zQ0orpOd8B,掘金,前端本周最热,juejin.cn,7
MZd7wqpdrO,财经,热点追踪,news.caijingmobile.com,1
yjvQDQBobg,异星软件空间,,yxssp.com,10
anop0YBolZ,顾小北的B2C博客,,guxiaobei.com,10
wkvl6kyez1,网易专栏,数读,data.163.com,2
MZd7zXPvrO,北大未名,全站热门话题,bbs.pku.edu.cn,4
qndgxJmeLl,MacTalk,池建强的随想录,macshuo.com,10
WYKd6RqdaP,什么值得买,消费众测榜,smzdm.com,5
Jb0vmlloB1,掘金,Android本周最热,juejin.cn,7
YqoXK1XeOD,证券日报网,博客24小时排行,blog.zqrb.cn,6
12owW5zoNV,美拍,今日排行榜,meipai.com,3
ARe1QALe7n,爱奇艺,电视剧 ‧ 热播榜,iqiyi.com,3
12owmgwdNV,光明日报,电子报,epaper.gmw.cn,12
3QeLMWEo7k,Epic Games Store,游戏限免,epicgames.com,3
Kqndg1WoLl,凯迪网,今日热帖,9kd.com,4
VaobJ3DoAj,多知网,,duozhi.com,2
proPV96dq6,TechWeb,财经,techweb.com.cn,6
proPB50dq6,科学网,首页头条,news.sciencenet.cn,2
4qv9abqvaK,微信 ‧ 游戏,24h热文榜,mp.weixin.qq.com,1
m4ejxb3vxE,摄影世界,,photoworld.com.cn,10
BwdG0mMePx,SegmentFault,每周精选,segmentfault.com,7
aqeE55je9R,微信 ‧ 育儿,24h热文榜,mp.weixin.qq.com,1
KMZd7jGvrO,The Verge,Today,theverge.com,2
Q0orrQ5o8B,澎湃,评论,thepaper.cn,1
yjvQY1kvbg,NASA 🌍,每日星球,nasa.gov,1
wkvlNAPez1,羊毛优惠,,zrfan.com,10
yjvQNp4dbg,新出行,最新,xchuxing.com,2
mDOvnE1oEB,什么值得买,苏宁易购好价榜,smzdm.com,5
4KvxZrrekx,中国科学院大学人工智能学院,通知公告,ai.ucas.ac.cn,9
BwdG74JdPx,惠小助,实时线报,52huixz.com,5
mDOvn31dEB,App Store,美国 iPhone 免费榜,itunes.apple.com,3
LBwdGMLoPx,Sec-News,安全文摘,wiki.ioin.in,7
zQ0ory5e8B,优设网,最新,uisdc.com,13
wWmoORke4E,Mac玩儿法,,waerfa.com,3
47o8Q3gvMm,深圳论坛,本周热帖,szbbs.sznews.com,4
qYwv4WoPaQ,飞客茶馆,最新热门,flyertea.com,5
47o83QweMm,外设天下,论坛精选,wstx.com,4
3QeLlw9e7k,人民日报海外版,电子报,paper.people.com.cn,12
KMZd7BOvrO,什么值得买,好物新晋榜,smzdm.com,5
Q0or4Wnd8B,优设网,每日热文榜单,uisdc.com,13
YqoXglneOD,知乎书店,知乎周刊,zhihu.com,3
KGoRGk2vl6,限时优惠,,xianshiyouhui.com,10
ARe1Lyld7n,GameRes游资网,今日最新,gameres.com,3
6ARe1rpo7n,美漫百科,,mmfen.com,3
1VdJpO8oLQ,爱奇艺,热搜榜,so.iqiyi.com,3
2KeDz6QvNP,好好住,整屋案例精选,haohaozhu.cn,13
WnBe0jjv37,动点科技,,cn.technode.com,2
rYqoXOKeOD,TOPYS,编辑推荐,topys.cn,2
Ywv4J4pePa,人民网,军事频道,military.people.com.cn,1
ENeYNr6oY4,抽屉新热榜,段子,dig.ichouti.cn,1
ENeY0apdY4,人人都是产品经理——iamsujie,,iamsujie.com,10
b0vmY1LvB1,穷游 ‧ 专栏,推荐文章,zhuanlan.qyer.com,4
proPBP6dq6,人民网,观点频道,opinion.people.com.cn,1
4qv9BD0daK,AMZ123,跨境快讯,amz123.com,6
WnBe0RKv37,逛丢,最热点击Top9,guangdiu.com,5
anop0GZolZ,36氪,深氪,36kr.com,2
j8Rv2YwoLw,iTunes Store,中国区播客Top100,itunes.apple.com,3
RrvWJWRo5z,新浪热榜,视频热榜,rank.sinanews.sina.cn,1
ARe1xmqd7n,风刑软件站,,wsf1234.com,10
4MdA8V1vxD,腕表之家,近期十大热帖,bbs.xbiao.com,4
BwdGQmJoPx,IMDb,最受好评的英语电影,imdb.com,3
qYwv4ORoPa,芥末堆网,,jiemodui.com,2
proPGY0eq6,爱范儿,玩物志,ifanr.com,5
JndkaEVo3V,微信 ‧ 体育,24h热文榜,mp.weixin.qq.com,1
X12owEzdNV,Ruby China,精华帖,ruby-china.org,4
YqoXllKoOD,微信 ‧ 星座,24h热文榜,mp.weixin.qq.com,1
ARe1Zylo7n,ZAKER,精读新闻,myzaker.com,1
4MdAL8lvxD,懒得勤快的博客,,masuit.com,10
j8Rv20DeLw,游戏邦GamerBoom,,gamerboom.com,7
YKd6JMzdaP,百度视频,热门电视剧榜,v.baidu.com,3
1yjvQZjdbg,什么值得买,海淘 TOP 榜,smzdm.com,5
anopWKZelZ,Mtime时光网,最新资讯,news.mtime.com,3
2KeDEBQoNP,喷嚏网,铂程斋,dapenti.com,3
anopYMqvlZ,什么值得读,,shenmezhidedu.com,10
4qv9A8rvaK,Emacs China,每日热门主题,emacs-china.org,4
Q1Vd5z8e85,Solidot,最新更新,solidot.org,2
0MdKVVJvw1,微信 ‧ 农业,24h热文榜,mp.weixin.qq.com,1
6YoVV7DoZa,京东,母婴 ‧ 热销榜,jd.com,5
1Vd5xQLv85,老D博客,,laod.cn,10
KGoR1bxel6,电脑爱好者,IT新闻,cfan.com.cn,2
ENeYa9ReY4,新车评,首页推荐,xincheping.com,2
MZd72Y3vrO,ZhiMap知识导图社区,热门,zhimap.com,2
LwkvlNqez1,什么值得买,亚马逊中国好价榜,smzdm.com,5
4Kvx01Pvkx,新华网,军事频道,xinhuanet.com,1
4MdALGNvxD,极果,精选推荐,jiguo.com,5
4MdA13gdxD,观察者网,首页新闻,guancha.cn,1
x9ozBzboXb,运营派,,yunyingpai.com,7
4qv9AGrvaK,腕表之家,热门文章排行榜,xbiao.com,2
Om4ejlmvxE,果壳,物种日历,calendar.guokr.com,2
KGoRRq1ol6,博物志,,bowuzhi.fm,10
4Kvx5GEdkx,腾讯安全响应中心,,security.tencent.com,10
20MdKL6ew1,合肥论坛,今日热帖,bbs.hefei.cc,4
2me3xAxowj,标志情报局,最新,logonews.cn,13
YKd6aOOvaP,印象识堂,每日精选,yinxiang.com,1
wkvlPjqvz1,中国教育报,电子报,paper.jyb.cn,12
WYKd6mmvaP,TechCrunch,Today,techcrunch.com,2
x9ozwADvXb,中国互联网联合辟谣平台,健康案例,piyao.org.cn,9
m4ejXngvxE,人民网,社会频道,society.people.com.cn,1
RrvWqLRe5z,果核剥壳,,ghpym.com,10
x9oz0gndXb,南方都市报,电子报,epaper.oeeee.com,12
aEdZqxNvrO,酷蝌星球,,coak.cn,2
Om4ejXrvxE,东湖社区,本周热帖,bbs.cnhubei.com,4
Ywv4VWMePa,懂车帝,视频排行榜,dongchedi.com,2
ENeYylkeY4,AIbase,AI日报,aibase.com,2
4MdAZ5GexD,白话区块链,热门文章,hellobtc.com,6
aEdZZqOdrO,微信 ‧ 动漫,24h热文榜,mp.weixin.qq.com,1
1VdJl4goLQ,中新网,中新热榜,chinanews.com,1
Jndk0YPe3V,比特范,24H热门阅读,btcfans.com,6
Ywv4A8MdPa,财富中文网,商业频道,fortunechina.com,6
Q0orBjWo8B,新华每日电讯,电子报,mrdx.cn,12
Q0or6yWo8B,深圳证券交易所,最新规则,szse.cn,9
3QeLXr9e7k,InfoQ中国,,infoq.cn,7
X12owWwoNV,青青岛社区,48小时点击榜,club.qingdaonews.com,4
ENeYk7ZvY4,侠盾研报网,日榜,xiadun.net,6
m4ejxR3vxE,纵横中文网,月票榜,zongheng.com,3
2me3rXEdwj,e 公司,快讯,egsea.com,6
3QeLg6Ad7k,少数派,一派话题广场,sspai.com,2
3moBY11eN5,wikiHow 英文,首页推荐,wikihow.com,1
ENeY0VwdY4,旅法师营地,首页推荐,iyingdi.com,3
5PdMxB7vmg,创头条,,ctoutiao.com,7
proPEb5vq6,煎蛋,每日更新,jandan.net,3
1VdJBnkdLQ,中华人民共和国教育部,最新文件,moe.gov.cn,9
ENeYQ7jeY4,砍柴网,热文榜单,ikanchai.com,2
KMZd7gYdrO,GameLook,,gamelook.com.cn,7
8Rv2Z4RvLw,好看视频,今日热播榜,haokan.baidu.com,3
b0vmmQJvB1,卢松松博客,,lusongsong.com,10
wkvlxljvz1,RSSHub 有新路由啦,,docs.rsshub.app,10
3moBK89vN5,澎湃,思想,thepaper.cn,1
zQ0orOzv8B,逛丢,小时风云榜,guangdiu.com,5
KGoROO1vl6,中国政府网,中央有关文件,gov.cn,9
8Rv2kN0dLw,爱奇艺,综艺 ‧ 热播榜,iqiyi.com,3
1Vd58KNv85,游戏打折情报,中文热门游戏折扣合集,yxdzqb.com,10
qENeY1ZeY4,虎扑社区,中国足球论坛热帖,bbs.hupu.com,4
JndkpDye3V,腕表之家,近期十大热贴,xbiao.com,4
6YoVVaDoZa,推书君,新书榜,tuishujun.com,3
6YoV5OaeZa,艾媒网,行业报告,iimedia.cn,2
MZd7xwGerO,喷嚏网,乐活,dapenti.com,3
1Vd5kyGo85,绿盟科技博客,,blog.nsfocus.net,10
BwdGQ9LoPx,喜马拉雅,头条免费榜,ximalaya.com,3
b0vmmRJvB1,站长之家,首页推荐,chinaz.com,2
pQvNYD8oNE,三联生活周刊,封面故事,lifeweek.com.cn,1
Vaob5LOeAj,云掌财经,热点资讯,123.com.cn,6
x9ozBxYoXb,A9VG电玩部落,新闻资讯,a9vg.com,3
47o8Q9jvMm,京东,户外运动 ‧ 热销榜,jd.com,5
x9ozQ71eXb,王垠的博客,当然我在扯淡,yinwang.org,10
4Kvx5Aldkx,奇舞周刊,Daily,weekly.75.team,10
KGoRZ35ol6,中国搜索,热搜榜,chinaso.com,1
Dgey9WReZq,什么值得买,滚动最新,smzdm.com,5
pQvNGOpdNE,镁客网,,im2maker.com,2
qndgkK0dLl,极客公园,七日热门,geekpark.net,2
2me3x6kowj,人民网,舆情频道,yuqing.people.com.cn,1
2KeDZxAvNP,律动BlockBeats,最新快讯,theblockbeats.info,6
anopWnqelZ,博海拾贝,,bh.sb,10
ENeY0ZpdY4,亿欧,每日更新,iyiou.com,2
aqeEk03v9R,哔哩哔哩,热搜,bilibili.com,1
7GdabqLeQy,MIT Technology Review,Top Stories,technologyreview.com,2
5PdML4lvmg,运营喵,,yymiao.cn,10
2KeDwzQdNP,京东,居家日用 ‧ 热销榜,jd.com,5
RrvWJg1o5z,国家新闻出版署,游戏审批结果,nppa.gov.cn,9
KGoRZpZol6,XMind,Mindmap Gallery,xmind.net,2
0MdKLzOew1,爱奇艺,总榜 ‧ 热播榜,iqiyi.com,3
0MdKL58ew1,喷嚏网,最新,dapenti.com,3
qndggymdLl,第一财经日报,电子报,yicai.com,12
47o8RyQdMm,Yoho!潮流志,每日潮闻,yohoboys.com,3
4MdAaZgdxD,京东,数码家电 ‧ 热销榜,jd.com,5
3adqM6ldng,汇通财经网,24小时点击排行,news.fx678.com,6
x9ozmyYeXb,新片场,精选热门文章,xinpianchang.com,3
qndg15WoLl,京东,女装 ‧ 热销榜,jd.com,5
Ywv4AJxdPa,创业邦,每日更新,cyzone.cn,2
WmoOlxEv4E,知乎,汽车热榜,zhihu.com,1
3QeLX3Je7k,澎湃,专栏,thepaper.cn,1
MZd7V3GvrO,篱笆网,24小时热帖,libaclub.com,4
mproPZOdq6,超能网,,expreview.com,2
Y3QeLX9e7k,化龙巷,24小时热点,bbs.hualongxiang.com,4
YKd6R8ndaP,小笨分享站,,zhouxiaoben.info,10
5PdMM8Gdmg,中央电视台,经济半小时,tv.cctv.com,1
4anopARvlZ,虎扑社区,CBA论坛热帖,bbs.hupu.com,4
BwdGQ5joPx,京东,配饰 ‧ 热销榜,jd.com,5
3QeLgJ9d7k,虎扑,资讯,hupu.com,3
qndg15moLl,读书马上,,dushumashang.com,10
YqoXlGPoOD,小米有品,每日上新,youpin.mi.com,5
74KvxWlokx,泛见志,,ifanjian.net,10
1VdJlzGoLQ,差评,最新资讯,chaping.cn,2
b0vmbnldB1,爱思想,头条,aisixiang.com,1
L4MdALgvxD,什么值得买,食品家居好价榜,smzdm.com,5
b0vmY0WvB1,Bing,每日壁纸,cn.bing.com,3
DOvnyGpoEB,产品经理的人工智能学习库,,easyai.tech,10
MZd7xWxerO,疯投圈,,crazy.capital,10
4MdA0XPvxD,中华人民共和国工业和信息化部,政策文件,miit.gov.cn,9
47o8R5qdMm,纵横中文网,完结榜,zongheng.com,3
aqeEkrrv9R,澎湃,国际,thepaper.cn,1
BwdGlxOePx,币界网,最新文章,528btc.com,6
DOvnmrVoEB,中央电视台,焦点访谈,tv.cctv.com,1
Q0or68Oo8B,中国人大网,立法工作,npc.gov.cn,9
4MdAKwLoxD,中国证券监督管理委员会,新闻发布会,csrc.gov.cn,9
wkvlBrgez1,码力全开,,maliquankai.com,10
9JndkaLo3V,什么值得买,时尚运动好价榜,smzdm.com,5
KGoRRJzol6,百度用户体验中心,,ued.baidu.com,13
m4ej6BxexE,中国人大网,滚动新闻,npc.gov.cn,9
YKd68NOoaP,抽屉新热榜,你问我答,dig.ichouti.cn,1
12owBAjeNV,微信读书,男生小说榜,weread.qq.com,3
7GdawppoQy,华尔街见闻,早餐,wallstreetcn.com,6
aqeEKbVv9R,Yahoo News,Latest News,yahoo.com,1
ENeY0wjdY4,人民网,房产频道,house.people.com.cn,1
RrvWOrDv5z,喜马拉雅,总榜飙升榜,ximalaya.com,3
pQvNGxJdNE,美团技术团队,,tech.meituan.com,10
Ywv4JNNePa,百度视频,热门综艺榜,v.baidu.com,3
b0vmgxWeB1,中国经济网,滚动,views.ce.cn,6
DOvnDZyeEB,中华人民共和国商务部,市场监测,mofcom.gov.cn,9
8Rv28qKeLw,腾讯原创馆,首页推荐,ycg.qq.com,13
LBwdGDjePx,什么值得买,出行游玩好价榜,smzdm.com,5
Vaob523eAj,PANews,热门文章,panewslab.com,6
QaqeEjVo9R,什么值得买,美国亚马逊好价榜,smzdm.com,5
KGoRlY5dl6,晚点LatePost,最新报道,latepost.com,2
MZd7M7xorO,中央电视台,每周质量报告,tv.cctv.com,1
47o8QMLvMm,人民网,美国频道,usa.people.com.cn,1
Q0or3lnv8B,国家突发事件预警信息发布网,近期突发事件,12379.cn,9
Jb0vmEJvB1,猎云网,每日最新,lieyunpro.com,2
RrvWqMDe5z,豆瓣,最受欢迎的书评,book.douban.com,3
8Rv2NjnvLw,AI工具集,AI文章资讯中心,ai-bot.cn,2
JndkEJPo3V,每日时报,,wubaiqing.github.io,7
rx9ozWYvXb,天涯小筑,,tvfantasy.net,3
4qv9Z9PdaK,比特范,最新,btcfans.com,6
YKd6O1OeaP,FreeBuf,本周热榜,freebuf.com,7
ARe1W34v7n,新京报,电子报,epaper.bjnews.com.cn,12
Ywv4VDWePa,新华网,地方联播,xinhuanet.com,1
pQvNGr9dNE,人民网,健康频道,health.people.com.cn,1
aqeE1x3e9R,梁文道·八分,,shop.vistopia.com.cn,10
anop03kolZ,杭州网论坛,本周热帖,bbs.hangzhou.com.cn,4
2me3x2xowj,京东,美妆个护 ‧ 热销榜,jd.com,5
Ywv4aA9dPa,麻省理工科技评论,首页资讯,mittrchina.com,2
anoprPRdlZ,中央电视台,新闻调查,tv.cctv.com,1
4KvxB40ekx,侠盾研报网,周榜,xiadun.net,6
9Jndk5yo3V,BuzzFeed,Trending Now,buzzfeed.com,3
BwdGD18ePx,开发者日报,,joyqi.com,10
DOvn3jVdEB,纵横中文网,新书订阅榜,zongheng.com,3
ARe1Q7le7n,人民网,读书频道,book.people.com.cn,1
JndkabAo3V,起点中文网,收藏榜,book.qidian.com,3
m4ejX0gvxE,人民网,图说中国,chinapic.people.com.cn,1
3moBZOJoN5,21世纪经济报道,电子报,epaper.21jingji.com,12
wkvlMgjdz1,故事 FM,,storyfm.cn,10
KGoRkXNvl6,抽屉新热榜,图片,dig.ichouti.cn,1
rx9ozZ7oXb,VentureBeat,Today,venturebeat.com,2
Jndk4mLe3V,缺书网,图书促销线报,queshu.com,5
4qv9Ay0vaK,艾瑞网,艾瑞报告,iresearch.cn,2
2KeDNEAvNP,清华大学,新闻合集,tsinghua.edu.cn,8
WmoOr6Ee4E,中国互联网联合辟谣平台,文化案例,piyao.org.cn,9
7Gdaba7eQy,人民网,共产党新闻网,cpc.people.com.cn,1
BwdGDpgePx,58车,,58che.com,10
b0vmbJXdB1,吾爱破解,最新发表,52pojie.cn,4
1VdJ7P8eLQ,月光微博客,,williamlong.info,10
5PdMm6ldmg,中国互联网联合辟谣平台,权威发布,piyao.org.cn,9
8Rv2Zw0vLw,侠盾研报网,最新研报,xiadun.net,6
YKd65LmvaP,哈佛商业评论,首页推荐,hbrchina.org,2
WmoO8MEv4E,电鸭社区,最新话题,eleduck.com,4
Y3QeLp9e7k,Mac App Store,美国 免费榜,itunes.apple.com,3
aqeE2Ago9R,中华人民共和国自然资源部,通知公告,mnr.gov.cn,9
aEdZbrkdrO,新浪汽车,热搜榜,a.sina.cn,2
Om4ejy3dxE,Cinephilia 迷影,,cinephilia.net,3
4Kvx0qLvkx,抽屉新热榜,42 区,dig.ichouti.cn,1
MZd7VAlvrO,人民网,中国人大新闻,npc.people.com.cn,1
3adqROyeng,南方周末,影像,infzm.com,1
MZd7wQPdrO,抽屉新热榜,挨踢 1024,dig.ichouti.cn,1
x9oz2O1oXb,36氪,AI频道,36kr.com,2
x9oznEMoXb,豆瓣,热门图书-非虚构类,douban.com,3
b0vmOE2eB1,幕布精选社区,? 热榜,mubu.com,4
74KvxE9dkx,Apple Music,专辑排行,itunes.apple.com,3
2KeDz0EvNP,新浪汽车,资讯榜,a.sina.cn,2
m4ejXm1vxE,嘶吼 RoarTalk,,4hou.com,2
qENeYzwoY4,机器之心,,jiqizhixin.com,7
4MdAjwlexD,国家新闻出版署,要闻信息,nppa.gov.cn,9
47o89yqvMm,中央电视台,今日说法,tv.cctv.com,1
3QeLXLGe7k,腾讯视频,综艺排行榜,v.qq.com,3
pQvNXA9eNE,奔跑中的奶酪,,runningcheese.com,10
qndg13moLl,折尔根播客,,zheergen.club,10
YqoXWJxeOD,东方财富网,财经导读,finance.eastmoney.com,6
1VdJl8goLQ,健康界,最新,cn-healthcare.com,2
0MdK2nJvw1,中华人民共和国教育部,政策解读,moe.gov.cn,9
7GdazL2eQy,收视率排行,,tvtv.hk,10
YqoXgW8eOD,36氪出海,热门推荐,letschuhai.com,2
3adqqWmdng,环球网,国际新闻,world.huanqiu.com,1
KGoR1rDel6,构建我的被动收入,,bmpi.dev,10
x9ozByxoXb,Pocket Gamer,最新,pocketgamer.com,3
7Gda1GpdQy,CNU视觉联盟,每日精选,cnu.cc,2
2KeDw5QdNP,Golang Weekly,英文周刊,golangweekly.com,7
VaobJAPoAj,All Things How,,allthings.how,2
ARe1E9pe7n,中华人民共和国教育部,教育部简报,moe.gov.cn,9
4MdArBlexD,金色财经,快讯,jinse.com,6
MZd7VRGvrO,声东击西,,etw.fm,10
1VdJPbgoLQ,Designer News,,designernews.co,13
4MdAVnGexD,吾爱破解,最新帖子,52pojie.cn,4
20MdK8Jew1,Rologo标志共和国,,rologo.com,13
nBe0J91v37,癮科技 Cool3c,,cool3c.com,2
0MdKVaOvw1,历史上的今天,维基百科版,wikipedia.org,1
b0vm7aJeB1,中国信息通信研究院,权威数据,caict.ac.cn,9
anoprxRdlZ,侠盾研报网,月榜,xiadun.net,6
7GdagkOoQy,数码荔枝,,lizhi.io,10
RrvWA33e5z,华尔街见闻,快讯,wallstreetcn.com,6
YKd6a5gvaP,麻省理工科技评论,本周热文,mittrchina.com,2
qndgO4XdLl,DoNews,最新推荐,donews.com,2
m4ejrkqexE,幕布精选社区,首页推荐,mubu.com,4
4qv9aMqvaK,IDEAT 理想家,每日更新,ideatchina.com,3
RrvWOy1v5z,百度视频,热门动漫榜,v.baidu.com,3
WmoO54ld4E,澎湃,思想市场,thepaper.cn,1
5VaobMGeAj,什么值得买,日百母婴好价榜,smzdm.com,5
47o89XXvMm,经管之家,经管热议,bbs.pinggu.org,4
G47o8RjdMm,App Store,美国 iPhone 付费榜,itunes.apple.com,3
proP0J5oq6,中国政府网,建言征集,gov.cn,9
6YoVx97dZa,卡神博客,,wangwang99.com,10
aEdZ2jOdrO,未央网,最新推荐,weiyangx.com,6
YqoXzyzdOD,腾讯视频,动漫排行榜,v.qq.com,3
KqndgqWoLl,App Store,中国 iPad 付费榜,itunes.apple.com,3
anopDzEolZ,新华网,科技频道,xinhuanet.com,2
nBe0Zqjv37,单读,,static.owspace.com,10
m4ejqK1dxE,宅男吧,,zhainanba.net,10
6YoVp2BdZa,Yamdr,,yamdr.cn,10
KGoRk8mvl6,网易公开课,精品课程,open.163.com,1
3QeLw0zd7k,东方财富网,7x24全球快讯,finance.eastmoney.com,6
5PdMa5Gdmg,纵横中文网,推荐榜,zongheng.com,3
qndg1nZoLl,人民网,法制频道,legal.people.com.cn,1
3QeLXYxe7k,Android开发技术周报,,androidweekly.cn,7
4qv9agmvaK,起点中文网,推荐榜,book.qidian.com,3
2me3R2Bdwj,知乎专栏,谷歌开发者社区,zhuanlan.zhihu.com,10
WmoOrpRe4E,中国人大网,评论与理论,npc.gov.cn,9
2me3m2kvwj,每日安全推送,,sec.today,10
1VdJpE0oLQ,人民网,文史频道,history.people.com.cn,1
12owgX0oNV,腾讯新闻,热问,view.inews.qq.com,1
8Rv2ajBoLw,环球科学,最新前沿,huanqiukexue.com,2
2me3ArZvwj,汇通财经网,周点击排行,news.fx678.com,6
proPV0mdq6,PingWest品玩,全部内容,pingwest.com,2
nBe0gn5d37,中国互联网联合辟谣平台,政治案例,piyao.org.cn,9
4MdAaR1dxD,喜马拉雅,有声书免费榜,ximalaya.com,3
2me30Jnowj,财联社,加红 - 电报,cls.cn,6
3adqQJ5dng,IMDb,烂片榜,imdb.com,3
Q0orPz5d8B,程序员客栈,最新推荐文章,jishuin.proginn.com,7
nBe0gBKd37,中国政府网,留言回复,gov.cn,9
b0vm8qXoB1,中国互联网联合辟谣平台,真相直击,piyao.org.cn,9
Jndkwjyd3V,求是网,头条,qstheory.cn,1
YqoXz18dOD,开源中国,最新新闻,oschina.net,4
2KeDMXroNP,求是,最新期刊,qstheory.cn,12
2KeDGardNP,起点女生网,阅读指数榜,qdmm.com,3
aqeE5gxe9R,纵横中文网,点击榜,zongheng.com,3
ARe1KlZv7n,Bing,美图国际版,bing.com,3
RrvWq3xe5z,南方周末,视频,infzm.com,1
yjvQWmPebg,搜狐,热评榜,sohu.com,1
DgeykAMvZq,策划人网,最新文章,xplanner.com.cn,2
4anop19vlZ,Vogue Hong Kong,,voguehk.com,3
MZd7VJGvrO,喜马拉雅,热门好评榜,ximalaya.com,3
3QeLGnGd7k,网易专栏,轻松一刻,163.com,3
qndgWgZdLl,第一财经杂志,首页推荐,cbnweek.com,2
n4qv9xroaK,BuzzFeed,Trending Videos,buzzfeed.com,3
Dgeyr0RoZq,碳链价值,最新,ccvalue.cn,6
Ywv4jRxePa,新浪热榜,ESG热榜,rank.sinanews.sina.cn,1
1Vd5PMLv85,小刀娱乐网,,xd0.com,10
4qv923ndaK,少数派,#派评,sspai.com,2
3moBa01eN5,天府社区,今日热帖,bbs.scol.com.cn,4
3QeLlwAe7k,36氪出海,每日最新,letschuhai.com,2
2KeDELYoNP,先知社区,,xz.aliyun.com,4
YqoXQ4PvOD,澎湃,翻书党,thepaper.cn,1
4MdAZx3exD,云掌财经,一周热文,123.com.cn,6
3moBZ3JoN5,深圳论坛,最新热门,szbbs.sznews.com,4
3QeLGj9d7k,博客园,首页推荐,cnblogs.com,7
6YoVVXKoZa,人民网,日本频道,japan.people.com.cn,1
aqeEMlxe9R,中央电视台,致富经,tv.cctv.com,1
WmoOx0Yv4E,下厨房,24小时最佳,xiachufang.com,3
YqoXgmxeOD,科普时报,电子报,digitalpaper.stdaily.com,12
3QeLYOWo7k,实用摄影技巧,,fsbus.com,10
BwdGl28ePx,汇通财经网,月点击排行,news.fx678.com,6
3QeLX49e7k,涨姿势,,zhangzs.com,3
JndkD6Pe3V,懂球帝,早报,dongqiudi.com,3
proPKWkeq6,AI产品榜,每日AI早报,aicpb.com,2
DgeygQMvZq,人民网,观点 ‧ 人民时评,opinion.people.com.cn,1
anoprwEdlZ,上海证券交易所科创板,新闻动态,star.sse.com.cn,6
YKd6JKmdaP,喜马拉雅,热门订阅榜,ximalaya.com,3
3QeLlrxe7k,经济参考报,电子报,dz.jjckb.cn,12
aqeEM9ge9R,豆瓣电影,热门美剧,movie.douban.com,3
x9ozBLboXb,Ruby China社区,,ruby-china.org,4
wkvlBmgez1,199 IT,每日TMT,199it.com,2
0MdKE95ow1,中华人民共和国外交部,外交部新闻,fmprc.gov.cn,9
proPWrneq6,淘股吧,精华加油,taoguba.com.cn,6
DgeyPAKdZq,Hacker News Daily,,daemonology.net,10
yjvQZgPdbg,Mark's Blog,,quchao.net,10
WmoO2Bme4E,南方周末,生活,infzm.com,1
3adq6rleng,IT桔子,今日快讯,itjuzi.com,7
RrvWEDge5z,知无不言跨境电商社区,30天热门,wearesellers.com,4
nBe0J7yv37,体验盒子,,uedbox.com,10
x9ozwq7vXb,中国政府网,媒体报道,gov.cn,9
2KeDZ3AvNP,深圳新闻网,今日排行榜,sznews.com,1
yjvQDK6obg,MIT Technology Review,All Stories,technologyreview.com,2
x9ozQMMeXb,人民网,海峡两岸,tw.people.com.cn,1
Dgey31RvZq,抖音,泛生活榜,douyin.com,3
n3moBJEoN5,9to5Google,,9to5google.com,2
wkvl8Qpvz1,中华人民共和国工业和信息化部,政策解读,miit.gov.cn,9
6YoVWVavZa,沙雕新闻,😂😂😂,shadiao.plus,3
WmoOG0bo4E,人民网,汽车频道,auto.people.com.cn,3
rYqoXDzoOD,9to5Mac,,9to5mac.com,2
6YoVVQMoZa,读写人,,duxieren.com,1
m4ej691exE,中国互联网联合辟谣平台,读图识谣,piyao.org.cn,9
1Vd58gWv85,Google AI Blog,,ai.googleblog.com,10
12owWDzoNV,凤凰山下,今日热帖,dz19.net,4
47o81XrvMm,掘金,开发工具热门,juejin.cn,7
3adqQBxdng,人民网,港澳频道,hm.people.com.cn,1
YqoXVAPdOD,QQ音乐,抖音排行榜,60.y.qq.com,3
BwdG0p6ePx,起点中文网,月票榜,book.qidian.com,3
anop30BelZ,GitHub,Trending Zig Today,github.com,7
x9ozQ0beXb,超级玩家官方论坛,最新热门,bbs.sgamer.com,4
b0vmLl2oB1,人人都是产品经理,月榜,woshipm.com,7
aEdZjQBdrO,链得得,最新,chaindd.online,6
zQ0orpPd8B,随州网论坛,本周热帖,suizhoushi.com,4
ENeYL7DdY4,Photography,Photo of the Day,nationalgeographic.com,1
yjvQxM4obg,中国证券监督管理委员会,证监会要闻,csrc.gov.cn,9
m4ej6y4exE,深圳证券交易所,上市公告-可转换债券,szse.cn,9
5PdMm0bdmg,TOPYS,百赞必看,topys.cn,2
yjvQPLDobg,中华人民共和国教育部,教育部文件,moe.gov.cn,9
proPkqneq6,投资界,滚动资讯,pedaily.cn,2
47o8LbgoMm,中共中央组织部,思想理论,12371.cn,9
WmoOGkko4E,Node Weekly,周刊,nodeweekly.com,7
DgeygX7vZq,Panda - 专注于网络空间安全研究,,cnpanda.net,10
Q0orpnDd8B,人民网,理论频道,theory.people.com.cn,1
Jndk72Ld3V,新浪热榜,娱乐热榜,rank.sinanews.sina.cn,3
RrvWO0Dv5z,东林书院,一周热帖,bbs.thmz.com,4
anop7gEelZ,北京大学中国政治学研究中心,每周一推,pku.edu.cn,8
Q0orqW5e8B,中国政府网,部门动态,gov.cn,9
qndgW2pdLl,中国信息通信研究院,蓝皮书,caict.ac.cn,9
aqeEMB3e9R,QQ音乐,影视金曲榜,29.y.qq.com,3
4qv9b6bdaK,人民网,旅游频道,travel.people.com.cn,1
Q0orPE2d8B,第一财经,汽车新闻,yicai.com,2
qndgxRmeLl,什么值得买,原创频道,post.smzdm.com,5
YKd606qoaP,新浪热榜,潮流热榜,rank.sinanews.sina.cn,2
YKd6J4KdaP,人民网,中国政协新闻,cppcc.people.com.cn,1
KGoRlmDdl6,21财经,新健康,21jingji.com,1
4MdAjnNexD,中华人民共和国商务部,政策解读,mofcom.gov.cn,9
VaobMZqeAj,豆瓣书店,,market.douban.com,5
Vaobm3BeAj,国家地理中文网,每日最新,ngchina.com.cn,1
qndgxrVeLl,科技猎,,kejilie.com,2
2KeDzL5vNP,PANews,精选快讯,panewslab.com,6
m4ejXPmvxE,腾讯视频,科技原创榜,v.qq.com,3
WmoOraYe4E,中国政府网,文章,gov.cn,9
YqoXKD0eOD,中华人民共和国自然资源部,要闻播报,mnr.gov.cn,9
Q0orO62v8B,Engadget国际版,每日最新,engadget.com,2
anopWJ9elZ,腾讯社交用户体验设计,,isux.tencent.com,13
4qv9ZX5daK,云掌财经,月度热文,123.com.cn,6
qndgqbpoLl,纵横中文网,新书榜,zongheng.com,3
4Kvx5L9dkx,独自等待-信息安全博客,,waitalone.cn,10
YKd6a1nvaP,知无不言跨境电商社区,当天热门,wearesellers.com,4
4MdA16ZdxD,系统迷,,xitmi.com,10
8Rv2kVKdLw,人民网,食品频道,shipin.people.com.cn,1
j8Rv280eLw,TouchArcade,,toucharcade.com,2
ARe1x8Ld7n,微信读书,女生小说榜,weread.qq.com,3
3QeLwJEd7k,微博,文娱榜,s.weibo.com,1
MZd7BKGvrO,往前方资源网,,qianfangzy.com,10
qndgqXLoLl,腾讯王者荣耀官网,新闻列表,pvp.qq.com,10
nBe0AYjo37,虎扑社区,职场区24小时榜,bbs.hupu.com,4
zQ0orrPo8B,App Store,美国 iPad 付费榜,itunes.apple.com,3
Vaobbw8oAj,喜马拉雅,相声评书免费榜,ximalaya.com,3
4KvxBaPekx,深圳证券交易所,创业板发行上市审核信息公开网站/公告通知/业务通知,listing.szse.cn,6
0MdKVWJvw1,iLOHAS乐活社区,每日推荐,web.ilohas.com,4
1Vd5kZLo85,西安华商论坛,热帖排行,bbs.hsw.cn,4
YqoXW9PeOD,什么值得买,3h最热,smzdm.com,5
1Vd5PnWv85,中华人民共和国外交部,重要新闻,fmprc.gov.cn,9
KGoRGmZvl6,AIQ,机器学习,6aiq.com,4
DOvnmXloEB,经管之家,最新精华,bbs.pinggu.org,4
Q0orrp0o8B,DoNews,首页最新,donews.com,2
MZd7MEPorO,掘金,前端热门,juejin.cn,7
MZd7axlorO,文汇报,热点,whb.cn,1
b0vmbL2dB1,知乎书店,新书抢鲜,zhihu.com,3
8Rv2aXgoLw,健康界,热榜,cn-healthcare.com,2
DOvnNnDvEB,人民网,金融频道,money.people.com.cn,2
3QeLXOze7k,News - Apple Developer,,developer.apple.com,10
ARe1m16e7n,优书网,在读指数总榜,yousuu.com,3
47o8LMDoMm,透明日报,,daily.tmr.js.org,10
x9ozmOJeXb,淘宝众筹,每日上新,izhongchou.taobao.com,5
4qv9bWrdaK,无业游民 The Unemployable,,theue.me,10
6YoVlZMdZa,Cryptonews,最新,cryptonews.com,6
Q0orQ50e8B,站酷,全部推荐,zcool.com.cn,13
YqoXG6XeOD,YouTube Blog,,youtube.googleblog.com,10
wkvlE0Bdz1,腾讯研究院,,tisi.org,10
aqeE2Jlo9R,中国互联网联合辟谣平台,专家视角,piyao.org.cn,9
4MdAxRlvxD,JPMorgan Chase Institute,All Reports,institute.jpmorganchase.com,6
4KvxKBjokx,知乎专栏,浏览器观察,zhuanlan.zhihu.com,10
ARe1mE6e7n,中国政府网,政府信息公开平台,gov.cn,9
4qv9b1rdaK,喜马拉雅,影视免费榜,ximalaya.com,3
yjvQNxPdbg,App Sliced News,,appsliced.co,2
BwdG5zJoPx,网易云音乐,热歌榜,music.163.com,3
qndgj18vLl,人人都是产品经理,周榜,woshipm.com,7
ENeY0WqdY4,红豆社区,24小时热帖排行,hongdou.gxnews.com.cn,4
4anopjRdlZ,AppAdvice,,appadvice.com,3
2me3mOEvwj,新浪科技,创事记,tech.sina.com.cn,2
KGoRRzxol6,人民网,党建,dangjian.people.com.cn,1
Q0orpjPd8B,运维派,,yunweipai.com,7
x9oz3A1vXb,商业新知,今日推荐,shangyexinzhi.com,6
x9ozBwKoXb,TechWeb,每日热点推荐,techweb.com.cn,2
47o8LBwoMm,全国今日生猪价格,,zhujia.zhuwang.cc,9
m4ejXOqvxE,Tasker配置教程站,,taskerm.com,10
wkvlEkYdz1,虎扑社区,恋爱区热帖,bbs.hupu.com,4
Q0or3DYv8B,每日攻克,,maiduoyun.com,10
47o8bRLdMm,CSDN博客,人工智能热榜,blog.csdn.net,7
wkvlPqkvz1,Cointelegraph,News,cointelegraph.com,6
8Rv2ZlKvLw,北京证券交易所,本所要闻,bse.cn,6
wkvlMO4dz1,人民网,俄罗斯频道,ru.people.com.cn,1
x9oz0WJdXb,92活动网,今日羊毛,92huodong.cn,10
4MdAag1dxD,所建所闻,,architalk.xyz,10
DpQvNQpoNE,MacRumors,All,macrumors.com,2
2KeD1N6oNP,忽左忽右,,justpodmedia.com,10
3adq0LMvng,亿邦动力网,亿邦快讯,ebrun.com,2
5PdMNjlemg,人民网,央企频道,ccnews.people.com.cn,1
pQvNGkBdNE,宁波东方论坛,24小时热帖,bbs.cnool.net,4
WmoO7nxo4E,iNFTnews,最新快讯,inftnews.com,6
aqeEa4Me9R,人民网,体育频道,sports.people.com.cn,1
nBe0g1Qd37,浙江大学,浙江大学报,zju.edu.cn,8
DgeyKpBvZq,新浪汽车,话题榜,a.sina.cn,2
WmoO5EBd4E,什么值得买,发现频道,smzdm.com,5
wkvlxAYvz1,善用佳软,,xbeta.info,10
DgeyxL5dZq,小米有品众筹,每日上新,youpin.mi.com,5
aqeEaL4e9R,字谈字畅,,thetype.com,10
0MdKLg5ew1,人民网,科技频道,scitech.people.com.cn,2
pQvNXMpeNE,缙哥哥,,dujin.org,10
pQvNjlBvNE,中华人民共和国最高人民法院,权威发布,court.gov.cn,9
Ywv4J5MePa,喜马拉雅,热门付费榜,ximalaya.com,3
RrvWOmDv5z,Anyway.FM 设计杂谈,,anyway.fm,10
3QeLJ3wv7k,国家自然科学基金委员会,基金要闻,nsfc.gov.cn,9
proPYL5vq6,Wired,WIRED Guides,wired.com,2
1Vd5PbWv85,中国互联网联合辟谣平台,媒体求证,piyao.org.cn,9
nBe0gkyd37,南风窗,首页推荐,nfcmag.com,1
qndg1EWoLl,杂货屋,,sword.studio,10
8Rv2jEwvLw,小木虫论坛,24小时热榜,muchong.com,4
DOvnzk7vEB,CoinPost,最新,coinpost.jp,6
JndkE8yo3V,文化土豆 Culture Potato,,culturepotato.com,10
DOvn6k2vEB,国家留学网,综合项目专栏,csc.edu.cn,8
3QeLwmBd7k,腾讯网,财经热点精选,news.qq.com,6
Q0orpKzd8B,日语日语,,riyu.io,10
anopmO2vlZ,新浪科技,科学探索,tech.sina.com.cn,2
m4ejXV3vxE,React Status,周刊,react.statuscode.com,7
x9ozQ37eXb,大众论坛,本周热帖,bbs.dzwww.com,4
wkvl60jez1,广告门,首页推荐,m.adquan.com,13
qndg49XeLl,中国互联网联合辟谣平台,辟谣课堂,piyao.org.cn,9
aqeEKZjv9R,如有乐享,,51.ruyo.net,10
7GdabnyeQy,Boogle's Blog,,zhengbao.wang,10
6YoV5lweZa,中华人民共和国最高人民检察院,法律规章,spp.gov.cn,9
Q0orpqOd8B,北邮人论坛,十大热门话题,bbs.byr.cn,4
4Kvx64rekx,煎蛋,无聊图,jandan.net,3
4MdAa9LdxD,人民网,人事频道,renshi.people.com.cn,1
5PdMNDbemg,腾讯视频,少儿榜,v.qq.com,3
47o8Lp2oMm,乌有之乡,,wyzxwk.com,1
RrvWqXxe5z,丁香园论坛,热榜,dxy.cn,4
ENeYE6qeY4,优书网,热门话题,yousuu.com,3
1VdJ7X0eLQ,黑果小兵的部落阁,,blog.daliansky.net,10
MZd7B93vrO,起点中文网,签约作者新书榜,book.qidian.com,3
aEdZqzMvrO,Fork It,,forkit.fm,10
3QeLgNEd7k,中国互联网联合辟谣平台,部委发布,piyao.org.cn,9
2me3K7xewj,国家自然科学基金委员会,科普快讯,nsfc.gov.cn,9
2KeDMgAoNP,抖音,旅行榜,douyin.com,3
4MdAr7bexD,未来智库,报告精读,vzkoo.com,6
X12owLjvNV,Macworld,,macworld.com,2
proP7Dpeq6,電獺少女,最新文章,agirls.aotter.net,2
4Kvxmq7dkx,新语社区,热榜,xinyuzone.cn,4
KGoROEDvl6,中共中央网络安全和信息化委员会办公室,网络安全,cac.gov.cn,9
b0vm7DLeB1,中国地震台网,最近地震信息,ceic.ac.cn,9
47o8Q4LvMm,人民网,能源频道,energy.people.com.cn,1
3moB28yoN5,旗帜网,政策解读,qizhiwang.org.cn,9
x9ozQE6eXb,Taobao FED | 淘系前端团队,,fed.taobao.org,10
NKGoRQZel6,iMore,,imore.com,2
47o8XxwoMm,头条热榜,总榜,toutiao.com,1
4qv9znqdaK,中华人民共和国农业农村部,规划计划,moa.gov.cn,9
ARe131lv7n,煎蛋,三日最赞,jandan.net,3
qndgZnVvLl,上海证券报,最新消息,cnstock.com,6
WmoOaYBd4E,即刻安全,,secist.com,10
DOvnzmBvEB,北京日报,电子报,bjrb.bjrbdzb.bjd.com.cn,12
2me3rZkdwj,活动汪,策划方案推荐,eventwang.cn,7
Ywv4aZzdPa,知无不言跨境电商社区,7天热门,wearesellers.com,4
JndkEPpo3V,人民网,地方频道,unn.people.com.cn,1
5PdMV0aemg,中华人民共和国商务部,法律法规,mofcom.gov.cn,9
2KeDw9MdNP,常熟零距离论坛,今日热帖,bbs.cs090.com,4
b0vmYNGvB1,锋潮科技,,anzhuo.cn,10
WmoO79Ro4E,优创意,精选创意设计,ycyui.com,13
proPJzOdq6,中华人民共和国商务部,统计数据,mofcom.gov.cn,9
5PdMD3Xvmg,UC,热榜,uc.cn,1
4KvxZkrekx,好游快爆,预约榜,3839.com,3
1Vd5Pr5v85,中国人大网,权威发布,npc.gov.cn,9
2me3xXrowj,喜马拉雅,娱乐免费榜,ximalaya.com,3
aqeEayVe9R,程序人生,,programlife.net,10
KGoROWZvl6,中国长安网,热点新闻,chinapeace.gov.cn,9
Q0or3nWv8B,36氪,创投频道,36kr.com,6
aqeE2Q3o9R,浙江大学,教育教学,zju.edu.cn,8
4KvxZL7ekx,优书网,今日热门小说,yousuu.com,3
0MdKV55vw1,国光,,sqlsec.com,10
47o8LwqoMm,每经网,重磅原创,nbd.com.cn,6
5PdM19Rdmg,东方财富网,板块聚焦,stock.eastmoney.com,6
DOvnzM1vEB,中国青年报,电子报,zqb.cyol.com,12
ENeYkRjvY4,全国中小企业股份转让系统,股转动态,neeq.com.cn,6
2KeDzmrvNP,讽刺与幽默,电子报,fcyym.paper.people.com.cn,12
KGoROQNvl6,博客园,10天推荐排行,cnblogs.com,7
YqoXK64eOD,中国互联网联合辟谣平台,地方回应,piyao.org.cn,9
K7GdaDXvQy,Cult of Mac,,cultofmac.com,2
12owmDwdNV,解放军报,电子报,81.cn,12
2me386Xowj,豆瓣,热门图书-虚构类,douban.com,3
4Kvx8Mlvkx,中华人民共和国农业农村部,农业农村部动态,moa.gov.cn,9
1Vd5PXYv85,中华人民共和国自然资源部,地方动态,mnr.gov.cn,9
2KeDNx6vNP,中山大学,中大头条,sysu.edu.cn,8
DOvnN9yvEB,澎湃,上海书评,thepaper.cn,1
3moBZEMoN5,站酷,文章总榜,zcool.com.cn,13
x9ozBMJoXb,Paper 安全技术精粹,,paper.seebug.org,10
1VdJpaGoLQ,Sky's自留地,,javaweb.org.cn,10
Dgey3ypvZq,环球网,台海,taiwan.huanqiu.com,1
ARe1mq4e7n,小木虫论坛,最新精华贴,muchong.com,4
ARe1WYZv7n,中新网,热门视频,chinanews.com,1
x9ozBGJoXb,澎湃,文化课,thepaper.cn,1
7GdawEkoQy,晚点LatePost,长报道,latepost.com,2
wkvlANqdz1,AI洞察日报,每日聚合,ai.hubtoday.app,2
anop0rkolZ,大河论坛,社区热贴,bbs.dahe.cn,4
DOvnERDoEB,地球圖輯隊,世界新鲜事,dq.yam.com,2
aqeEa6Me9R,人民网,上海频道,sh.people.com.cn,1
0MdKwZ4dw1,经济观察报,电子报,eeo.com.cn,12
8Rv2nNgvLw,东方财富网,资讯精华,finance.eastmoney.com,6
DOvnNLDvEB,人民网,英国频道,uk.people.com.cn,1
MZd7a9YorO,21财经,文旅,21jingji.com,1
Q1Vd5X8v85,9to5Toys,,9to5toys.com,2
BwdG5GaoPx,Gitee,今日热门,gitee.com,7
VaobbR8oAj,不可理论,,bukelilun.com,10
47o8QXgvMm,腾讯视频,游戏原创榜,v.qq.com,3
2KeDGVEdNP,国外主机测评,,zhujiceping.com,10
MZd7aGgorO,亿恩网,最新,ennews.com,2
m4ejZExexE,QuestMobile,行业研究报告,questmobile.com.cn,2
20MdKMOow1,Electrek,,electrek.co,2
aEdZqMMvrO,江阴论坛暨阳社区,今日江阴热点,bbs.jysq.net,4
RrvWVk1o5z,起点中文网,新人作者新书榜,book.qidian.com,3
12owmjrdNV,中新网,热门图片,chinanews.com,1
b0vmlzLoB1,人民网,地方领导留言板,liuyan.people.com.cn,1
Ywv4JmaePa,见字如面,,hiwannz.com,10
W1VdJN8dLQ,DroneDJ,,dronedj.com,2
pQvNjQVvNE,好游快爆,飙升榜,3839.com,3
1yjvQyPvbg,AppleInsider,,appleinsider.com,2
3QeLXmEe7k,人民网,IT频道,it.people.com.cn,2
2me33NBewj,抖音,娱乐榜,douyin.com,3
3QeLk8Ad7k,财新网,最新文章,caixin.com,6
anopyjZvlZ,好游快爆,二次元榜,3839.com,3
VaobbQMoAj,人民网,领导频道,leaders.people.com.cn,1
3moBNBgoN5,东方财富网,资讯榜,finance.eastmoney.com,6
JndkERyo3V,喜马拉雅,新品飙升榜,ximalaya.com,3
Ywv4BQNePa,起点中文网,新人签约新书榜,book.qidian.com,3
12owBJmeNV,站酷,首页推荐,zcool.com.cn,13
YKd6RkzdaP,起点中文网,公众作者新书榜,book.qidian.com,3
4MdALaNvxD,绿色软件与IT资源分享,,cmsky.com,10
BwdGQ6MoPx,人民网,图片频道,pic.people.com.cn,1
BwdGQKLoPx,捕蛇者说,,pythonhunter.org,10
aEdZjmNdrO,新华日报,电子报,xh.xhby.net,12
47o8LagoMm,中国政府采购网,中央公告,ccgp.gov.cn,9
12owqjzdNV,App Store 应用推荐,,reddit.com,10
4MdA863vxD,超神经,最新资讯,hyper.ai,2
anop0nEolZ,人民网,游戏频道,game.people.com.cn,3
RrvWO5kv5z,人民网,人民电视,tv.people.com.cn,1
proPVb6dq6,Last.fm,中国热门曲目,last.fm,3
anopWq2elZ,简书 - 简书,,jianshu.com,10
ENeYEDDeY4,好游快爆,热门榜,3839.com,3
12owD90vNV,酷安,今日热门,coolapk.com,2
3QeLpXGe7k,英文SEO实战派,,seoactionblog.com,10
ENeYOmZvY4,和讯网,7x24小时金融市场直播,stock.hexun.com,6
YqoXzJ4dOD,人民网,环保频道,env.people.com.cn,1
7GdabJgeQy,荔枝,新晋榜,lizhi.fm,3
Q0orp1zd8B,一天世界,播客,yitianshijie.net,10
b0vm87GoB1,中国政府网,国务院会议,gov.cn,9
1Vd58QNv85,手机中国,最新资讯,cnmo.com,2
3adqR8aeng,Google 涂鸦,最新涂鸦,google.com,1
JndkEgPo3V,体验盒子,,uedbox.com,2
3QeLXwPe7k,烟台论坛,今日热帖,ytbbs.com,4
qndg1jmoLl,腾讯视频,纪录片榜,v.qq.com,3
anopmryvlZ,GitHub上有趣的资源 - 专题 - 简书,,jianshu.com,10
proP0aloq6,南瓜屋,热门推荐,story.hao.360.cn,3
nBe0zaBv37,迟早更新,,podcast.weareones.com,10
aqeE2y4o9R,SocialBeta,每日快讯,socialbeta.com,7
3adqQ5Mdng,一树闲谈,,arbretalk.com,10
2me39GEvwj,起点女生网,收藏榜,qdmm.com,3
Q0or692o8B,中国互联网联合辟谣平台,工作动态,piyao.org.cn,9
2KeDNKXvNP,TaoKeShow,最新文章,taokeshow.com,10
aqeEmPge9R,AI工具集,每日AI快讯,ai-bot.cn,2
DOvnm9BoEB,中国电子银行网,首页推荐,cebnet.com.cn,1
6YoVW8NvZa,Decohack,独立开发者灵感周刊,decohack.com,10
yjvQDkDobg,义乌稠州论坛,24小时热门,bbs.cnyw.net,4
nBe0zBbv37,APPLEFANS 蘋果迷,,applefans.today,2
8Rv2ZQDvLw,中国青年网,中青时评,pinglun.youth.cn,1
12owWnkoNV,人民网,收藏频道,art.people.com.cn,1
aEdZZPNdrO,起点女生网,新书热销榜,qdmm.com,3
ARe1Kqqv7n,IT 公论,,itgonglun.com,10
KGoRJ3Dol6,中国证券监督管理委员会,证券市场快报,csrc.gov.cn,9
4Kvxmardkx,人民网,滚动新闻,news.people.com.cn,1
b0vmlZGoB1,荆门社区,今日热帖,jmbbs.com,4
wkvlEXBdz1,QQ音乐,热歌榜,26.y.qq.com,3
Ywv4jmNePa,益闻网,最新案例,yievent.com,2
aEdZWyBerO,抖音,美食榜,douyin.com,3
pQvNGJydNE,LiveSino 中文版 – 微软信仰中心,,livesino.net,2
aqeEMPDe9R,鞭牛士,今日快讯,bianews.com,2
Vaobm8qeAj,MT论坛,最新热门,bbs.binmt.cc,4
Q0orQVPe8B,张鑫旭,前端技术,zhangxinxu.com,10
Dgeyr15oZq,中国经营报,电子报,dianzibao.cb.com.cn,12
ENeYmOReY4,中国经济导报,电子报,ceh.com.cn,12
yjvQDOnobg,人民网,知识产权,ip.people.com.cn,2
3QeLXaPe7k,枫言枫语 ‧ 枫影,,justinyan.me,10
1Vd5krKo85,The Next Web,Today,thenextweb.com,2
1Vd5aXNd85,牛客网,全部交流讨论最热,nowcoder.com,4
7GdagJkoQy,中华人民共和国人力资源和社会保障部,图片新闻,mohrss.gov.cn,9
x9oz027dXb,证券日报,电子报,epaper.zqrb.cn,12
5PdMNn7emg,TesterHome,最新开源项目,testerhome.com,7
4MdAKOPoxD,啊车网,,aitecar.com,10
MZd7LMxerO,淘股吧,综合推荐,taoguba.com.cn,6
aqeE2Rro9R,国家留学网,新闻资讯,csc.edu.cn,8
Ywv4PRavPa,新华网,滚动新闻,news.cn,1
5PdMNglemg,人民网,韩国频道,korea.people.com.cn,1
WmoOW9lo4E,搜狐,24小时热点,sohu.com,1
aEdZMYnvrO,虎嗅网,24小时,huxiu.com,2
ENeY0PqdY4,交差点,,jiaocha.io,10
pQvNG4BdNE,津津乐道,,jinjinledao.org,10
DgeyK5wvZq,健康时报,电子报,jksb.paper.people.com.cn,12
nBe0Bgjv37,辣品,福包,lapin365.com,5
WmoOlyBv4E,科技日报,电子报,digitalpaper.stdaily.com,12
3adqjVmeng,科学网博客,所有文章,blog.sciencenet.cn,10
Ywv4J3MePa,重庆妈妈网,本月热门,cqmama.net,4
1Vd5k4Wo85,人民网,公益频道,gongyi.people.com.cn,1
7GdabQgeQy,硬影像,,hardimage.pro,10
3moBarVeN5,Designmodo,Articles,designmodo.com,13
6YoVr5woZa,央广网,滚动快讯,cnr.cn,1
VaobPj3dAj,智东西,最新资讯,zhidx.com,2
8Rv2j23vLw,优书网,男频周热门榜,yousuu.com,3
KGoRRD5ol6,网藤风险感知 – 斗象能力中心,,blog.riskivy.com,10
YKd6akwvaP,21财经,生活家,21jingji.com,1
pQvNGyBdNE,望京网论坛,今日热帖,bbs.wangjing.cn,4
proPWameq6,即刻圈子,AI探索站,okjike.com,10
DOvnz3DvEB,CSDN博客,Python热榜,blog.csdn.net,7
8Rv2j8BvLw,好游快爆,下载榜,3839.com,3
YKd6R4mdaP,开源工场,开源日报,openingsource.org,10
5PdMlXZvmg,中国旅游报,电子报,ctnews.com.cn,12
3QeLG7wd7k,澎湃,文艺范,thepaper.cn,1
Jndk6OVv3V,中共中央网络安全和信息化委员会办公室,互联网内容管理,cac.gov.cn,9
wkvlBRpez1,起点女生网,月票榜,qdmm.com,3
aEdZqWMvrO,莆田小鱼网,今日热帖,ptfish.com,4
4KvxZQ0ekx,17173,热门游戏榜,newgame.17173.com,3
Vaob9OGeAj,国家自然科学基金委员会,通知公告,nsfc.gov.cn,9
4MdAak1dxD,濠滨论坛,今日热帖,bbs.0513.org,4
b0vm85JoB1,GitHub Security Lab,,securitylab.github.com,10
5PdMmmbdmg,中央纪委国家监委网站,要闻,ccdi.gov.cn,9
proPE40vq6,澎湃,有戏,thepaper.cn,1
yjvQ9wDvbg,抖音,视频总榜,douyin.com,3
Ywv4JPMePa,乐清上班族网,今日热帖,bbs.5iyq.com,4
Dgey5VpeZq,虫部落,最新发表,chongbuluo.com,4
VaobPrBdAj,Gitee,本周热门,gitee.com,7
x9oz0jDdXb,拼多多,百货 ‧ 热销榜,p.pinduoduo.com,5
3moB2PEoN5,中央统战部网站,时政要闻,zytzb.gov.cn,9
x9ozQ56eXb,腾讯CDC,,cdc.tencent.com,13
RrvWVXQo5z,编程沉思录,,cyhone.com,10
2KeDG3XdNP,墨涩网,,sunweihu.com,10
3adq7pmong,中华人民共和国商务部,新闻发布,mofcom.gov.cn,9
YKd65znvaP,知乎专栏,AutoHotkey 之美,zhuanlan.zhihu.com,10
4Kvx5nPdkx,人民网,家电频道,homea.people.com.cn,1
Q0or4Dzd8B,Wired,Top Stories,wired.com,2
wkvl6xkez1,清华大学,最新动态,tsinghua.edu.cn,8
ENeYZjGoY4,豆瓣小组,asshole,douban.com,4
7GdazDkeQy,博客园,48小时评论排行,cnblogs.com,7
1VdJYRqvLQ,选·美,,xuanmei.us,10
8Rv2jj3vLw,中华人民共和国最高人民法院,要闻,court.gov.cn,9
8Rv2arwoLw,文摘报,电子报,epaper.gmw.cn,12
YKd60qwoaP,中华人民共和国农业农村部,政策解读,moa.gov.cn,9
Jndk60yv3V,中华人民共和国最高人民检察院,权威发布,spp.gov.cn,9
m4ejQ41dxE,柏拉爱空_博客_淘股吧,,taoguba.com.cn,10
b0vmg3leB1,网易云音乐,飙升榜,music.163.com,3
5PdMlDZvmg,中国医药报,电子报,bk.cnpharm.com,12
m4ejZz1exE,即刻圈子,产品经理的日常,okjike.com,7
m4ejJmmexE,爱发电,全站精选,afdian.com,2
nBe0M2Ko37,Techmeme,Top News,techmeme.com,2
Ywv4AQWdPa,上海热线,新闻频道,news.online.sh.cn,10
KGoRZVxol6,中国•企业家日报,电子报,entrepreneurdaily.cn,12
4Kvx6GLekx,什么值得买,女装,smzdm.com,5
WmoOG3xo4E,Nearg1e,,blog.neargle.com,10
6YoVlyDdZa,中国教师报,电子报,chinateacher.com.cn,12
wWmoOabd4E,灯塔实验室,,plcscan.org,10
qndgOj8dLl,掘金,小册,juejin.cn,7
12ow56jdNV,哔哩哔哩,会员购 ‧ 今日上新,mall.bilibili.com,5
74KvxOlokx,Apple Security Updates,,support.apple.com,10
4qv9XXroaK,中国政协网,权威发布,cppcc.gov.cn,9
wkvlMwkdz1,A Day Magazine,,adaymag.com,3
7GdabwgeQy,余姚论坛,今日热帖,0574bbs.com,4
nBe0J4Dv37,人民网,娱乐频道,ent.people.com.cn,3
Ywv40DpvPa,中华人民共和国外交部,业务动态,fmprc.gov.cn,9
3adqRWMeng,褪墨,,mifengtd.cn,10
3QeLXJAe7k,It's Nice That,,itsnicethat.com,2
8Rv21g0oLw,OS X Daily,,osxdaily.com,2
1Vd5x9av85,开源中国,最新资讯,oschina.net,7
12ow21JeNV,Mashable,Today,mashable.com,2
12ow4zzvNV,优书网,优秀新书推荐,yousuu.com,3
0MdKENJow1,国家能源局,通知,nea.gov.cn,9
4qv9VJrdaK,SimpRead 发布,,simpread.pro,10
3adqZPLeng,起点女生网,推荐榜,qdmm.com,3
4MdAayGdxD,SecWiki News,,sec-wiki.com,10
qndg1P8oLl,扯氮集,,weiwuhui.com,10
47o8LzjoMm,闲鱼卖家导航站,,xianyunav.com,10
DgeyrgMoZq,CSDN博客,综合热榜,blog.csdn.net,7
Q0orp3zd8B,钟祥论坛,7天内热门,bbs.zxwindow.com,4
0MdKlEaew1,历史春秋网,,lishichunqiu.com,10
qndg49ZeLl,教育部考试中心,雅思最新消息,ielts.neea.edu.cn,8
x9ozBV6oXb,小胡子哥的个人网站,,barretlee.com,10
yjvQlyBobg,电子工程世界,热门文章排行,news.eeworld.com.cn,2
m4ejrx1exE,Soul,热门瞬间,w3.soulapp-inc.cn,3
0MdKLn2ew1,后端进阶,,objcoding.com,10
7GdazA7eQy,中华人民共和国外交部,相关新闻,fmprc.gov.cn,9
pQvNGa8dNE,Android Police,,androidpolice.com,7
DgeyjBRoZq,搜狐,搜狐热榜,3g.k.sohu.com,1
qndggLXdLl,拼多多,美食 ‧ 热销榜,p.pinduoduo.com,5
MZd7BwpvrO,Rat's Blog,,moerats.com,10
KGoRRE1ol6,瑞安论坛,今日热帖,bbs.ruian.com,4
BwdGlMXePx,京东,百货 ‧ 热销榜,jd.com,5
BwdG2R8vPx,阿里云,官网公告,help.aliyun.com,9
3moBa9yeN5,人民网,彩票频道,caipiao.people.com.cn,1
aEdZLkVorO,CSDN资讯,,blog.csdn.net,7
4MdA1X1dxD,The AI Blog,,blogs.microsoft.com,10
aEdZZwqdrO,蜗牛789,,wn789.com,10
ENeYEmqeY4,中华人民共和国最高人民法院,法院资讯,court.gov.cn,9
BwdGQkLoPx,邳州论坛,本周热帖,pzzc.net,4
m4ej7OxoxE,翻应用,,iapps.me,10
12owJyweNV,选股通,复盘,xuangutong.com.cn,6
KGoRO9xvl6,中华人民共和国外交部,领导人活动,fmprc.gov.cn,9
BwdG7yMdPx,爱搞机,,igao7.com,10
proPJNkdq6,极安全-JiSec,,jisec.com,10
12ow4qzvNV,中国政府网,人事信息,gov.cn,9
b0vmlnLoB1,人民网,文化频道,culture.people.com.cn,3
1VdJVwkdLQ,中华人民共和国生态环境部,通报,mee.gov.cn,9
RrvWBBDo5z,中国政府网,地方动态,gov.cn,9
47o8QwgvMm,知乎专栏,丁香医生,zhuanlan.zhihu.com,10
Dgey9YMeZq,人民网,通信频道,tc.people.com.cn,2
4KvxKRLokx,羽叶 - 技术与生活,,yuye.fun,10
pQvNG3VdNE,WHEREISK0SHL,,whereisk0shl.top,10
DOvnN0qvEB,海螺电台 | The Spiral,,thespiral.fm,10
x9ozq5YeXb,中华人民共和国退役军人事务部,政策解读,mva.gov.cn,9
aqeE1mVe9R,2ch中文网,,2chcn.com,10
WmoOyxld4E,智源社区,智源AI日报,hub.baai.ac.cn,2
aqeEVOPo9R,中国日报21世纪英文报,中英文双语新闻,i21st.cn,10
proPEgkvq6,什么值得买,海淘频道,smzdm.com,5
pQvNYPVoNE,RAIS,,ai.renyuzhuo.cn,10
Ywv41rMdPa,小强的时间管理博客,,gtdlife.com,10
12owDzkvNV,煎蛋,一周话题,jandan.net,3
nBe0gbbd37,南瓜屋,人气故事周榜,story.hao.360.cn,3
aEdZqJ8vrO,人民网,红木频道,hongmu.people.com.cn,1
47o8RMqdMm,古诗文网,推荐,gushiwen.org,3
3QeLwNwd7k,安全内参,最新资讯,secrss.com,7
3QeLG2Ad7k,唐巧的博客,,blog.devtang.com,10
Ywv41lWdPa,开源中国,社区推荐软件,oschina.net,7
5PdMZ8lemg,豆瓣小组,我们爱讲冷笑话小组的讨论,douban.com,4
ENeYQDGeY4,腾讯MXD,,mxd.tencent.com,13
Vaobay3eAj,互联网分析在中国,,chinawebanalytics.cn,10
3QeLpVwe7k,谷居创意家居设计,,guju.com.cn,10
4MdAZpGexD,下厨房,本周最受欢迎,xiachufang.com,3
nBe0yRyo37,中华人民共和国财政部,财经论坛,mof.gov.cn,9
3QeLwPPd7k,广告门,近期热门,m.adquan.com,2
proPWPneq6,证券时报网,滚动新闻,stcn.com,6
8Rv2gADdLw,中华人民共和国农业农村部,图片新闻,moa.gov.cn,9
wkvlMkrdz1,水星投资理财,,mercurychong.blogspot.com,10
aqeEzmPo9R,国聘,国聘头条,job.iguopin.com,1
proPBbpdq6,AlloyTeam,,alloyteam.com,10
KGoR16Nel6,SegmentFault,推荐文章,segmentfault.com,7
anopOZyelZ,AIbase,新闻资讯,aibase.com,2
8Rv2nknvLw,GitHub,Trending ZenScript Today,github.com,7
WmoOGaRo4E,WebdesignerNews,,webdesignernews.com,13
aEdZjZ8drO,CSDN博客,Java热榜,blog.csdn.net,7
ENeYQAReY4,维基萌,,wikimoe.com,10
qndg4NVeLl,巴哈姆特,GNN 新聞網,gnn.gamer.com.tw,3
47o8bMQdMm,宁波日报,电子报,nbrb.daily.cnnb.com.cn,12
0MdKVLJvw1,加菲猫的创客工坊,,gaficat.com,10
12ow40mvNV,小木虫论坛,热门话题贴,muchong.com,4
2me3Yg0vwj,品橙旅游,,pinchain.com,10
nBe0JyKv37,枣阳论坛,最新热门,bbs.zaoyang.org,4
DgeyMVpeZq,本末研习社,,campzhe.com,10
qndg4aVeLl,国家留学网,新闻公告,csc.edu.cn,8
m4ej7Y3oxE,中国信息通信研究院,CAICT观点,caict.ac.cn,9
b0vmljJoB1,许大地中文网,,xudadi.com,10
8Rv2NZwvLw,腾讯早报,综合早报,z.news.qq.com,1
JndkEOyo3V,丹阳翼网论坛,今日热帖,bbs.212300.com,4
6YoVYMNeZa,中华人民共和国工业和信息化部,文件公示,miit.gov.cn,9
2me320zdwj,中国政府网,国务院部门文件,gov.cn,9
1VdJP5koLQ,懂球帝,头条新闻,dongqiudi.com,3
m4ejJjqexE,飞象网,滚动新闻,cctime.com,1
JndkpVLe3V,Apple 支持 -- 更换和维修扩展计划,,apple.com,2
2KeDNlYvNP,Typography Daily,,typography-daily.com,10
YKd6JzmdaP,宁海在线,本周热帖,bbs.nhzj.com,4
m4ejXmVvxE,游侠安全网,,youxia.org,10
4MdAxY3vxD,Go语言爱好者,Go周刊,studygolang.com,7
12ow5RrdNV,老胡的周刊,Weekly,weekly.howie6879.cn,7
ENeYEMZeY4,一亩三分地,最新热门,1point3acres.com,4
aqeE5pxe9R,TechWeb,移动设备,techweb.com.cn,2
ARe13Oqv7n,慢雾科技,漏洞披露,slowmist.com,6
x9ozQRbeXb,知乎专栏,健康管理,zhuanlan.zhihu.com,10
Ywv4ayWdPa,中国食品安全报,电子报,paper.cfsn.cn,12
Jndk0OLe3V,中国食品报,电子报,cnfood.cn,12
anop0PyolZ,Swing'Blog 有恨无人省,,bestwing.me,10
3moBJQyoN5,数字移民,,blog.shuziyimin.org,10
wkvlP2jvz1,上海汽车报,电子报,epaper.shautonews.com,12
proP066oq6,产品周刊,,herbertchang.github.io,10
pQvNlQJeNE,电子工程世界,电子头条,news.eeworld.com.cn,2
pQvNGjzdNE,大好設計河山,,dahao-dahao.com,1
1VdJpKnoLQ,自贡在线|西秦会馆,今日热帖,bbs.zg163.net,4
proPVK4dq6,知乎专栏,人工智能学习笔记,zhuanlan.zhihu.com,10
4MdALBGvxD,DBA Notes | 闲思录,,dbanotes.net,10
4qv9581vaK,VRAR星球,热文资讯,vrarworld.cn,2
VaobbZ8oAj,马鞍山OK论坛,今日热帖,masok.cn,4
yjvQlWjobg,法治日报,电子报,epaper.legaldaily.com.cn,12
proP8kkoq6,中国消费者报,电子报,zxb.ccn.com.cn,12
4MdAxwgvxD,考研论坛,最新精华,bbs.kaoyan.com,4
Q0orPYZd8B,新民周刊,电子报,paper.xinmin.cn,12
ARe1Q36e7n,泸州论坛,本周热帖,0830bbs.com,4
Q0orB8Yo8B,日照网,24小时排行,rzw.com.cn,1
Ywv4aVWdPa,北京晚报,电子报,bjwb.bjrbdzb.bjd.com.cn,12
nBe0mxQo37,同花顺财经,原创异动股揭秘,yuanchuang.10jqka.com.cn,6
Q0orQWze8B,GQ男士网,每日潮流,gq.com.cn,3
8Rv2Z3mvLw,QQ音乐,YouTube音乐排行榜,128.y.qq.com,3
Vaob5PgeAj,BIE 别的,每日最新,biede.com,2
0MdKLJ4ew1,乐山海棠社区,热帖排行,bbs.leshan.cn,4
3adq0X5vng,网易云音乐,新歌榜,music.163.com,3
2me3rjxdwj,六音软件,,sixyin.com,10
3moBN79oN5,选股通,早晚报,xuangutong.com.cn,6
7Gda0YgvQy,墨天轮,本月热榜,modb.pro,7
YKd6ONmeaP,倾旋的博客,,payloads.online,10
4MdAjDbexD,中央气象台,全国气象预警,nmc.cn,9
3adqKV3ong,国家金融监督管理总局,监管动态,cbirc.gov.cn,9
MZd7LWperO,新华网,即时新闻,xinhuanet.com,1
3moBanVeN5,WEB VIEW,博客,webview.tech,10
proPVwldq6,软餐,,ruancan.com,10
8Rv2j6mvLw,西安电子科技大学教务处,通知公告,xidian.edu.cn,8
BwdGDXJePx,知乎专栏,高质量工具,zhuanlan.zhihu.com,10
BwdG5nOoPx,C114通信网,滚动新闻,c114.com.cn,2
WmoOlplv4E,日照新闻网,今日要闻,rznews.cn,1
ARe1Wj4v7n,中华读书报,电子报,epaper.gmw.cn,12
3adqMDzdng,QZZN论坛,最新热门,bbs.qzzn.com,4
DOvnzpLvEB,拼多多,居家 ‧ 热销榜,p.pinduoduo.com,5
1Vd5k0Ko85,遥行 Gofurther 技术&ML&BC博客,,charlesliuyx.github.io,10
YKd690zvaP,Apple Newsroom,,apple.com,2
Dgey9OneZq,笨方法学写作,,cnfeat.com,10
7Gda0rXvQy,ProcessOn,热门,processon.com,2
nBe0WBEd37,大牛论坛,最新热门,dnbbs.vip,4
MZd7V0PvrO,张凯强的博客,,zkqiang.cn,10
aEdZbGqdrO,QQ音乐,飙升榜,62.y.qq.com,3
ENeYajZeY4,广东省教育厅,广东教育,edu.gd.gov.cn,9
7Gda0bgvQy,昆明日报,电子报,daily.clzg.cn,12
4KvxZD0ekx,一亩三分地,置顶话题,1point3acres.com,4
8Rv21j0oLw,電腦玩物,,playpcesor.com,10
3QeLLq9e7k,虎嗅网,金融财经,huxiu.com,6
aEdZjRkdrO,拼多多,数码 ‧ 热销榜,p.pinduoduo.com,5
5PdMlgavmg,宁波晚报,电子报,nbwb.daily.cnnb.com.cn,12
4Kvx680ekx,iOS Hacker,,ioshacker.com,2
yjvQZODdbg,360 Netlab Blog - Network Securi,,blog.netlab.360.com,10
x9ozYlJeXb,博客园_GPS产品经理（2379423771@qq.com),,cnblogs.com,10
BwdG2lLvPx,中华人民共和国最高人民检察院,新闻发布会,spp.gov.cn,9
3QeLp3Pe7k,技术世界,,jasongj.com,10
x9oz3m6vXb,中华人民共和国国家发展和改革委员会,新闻动态 > 新闻发布,ndrc.gov.cn,9
m4ejXZmvxE,随州网,本周热帖,bbs.suizhoushi.com,4
47o89EgvMm,医药经济报,电子报,news.yyjjb.com.cn,12
7GdaXzkvQy,增长黑客 Growth Hacker,最新文章,growthhk.cn,7
7Gdaz1QeQy,西南财经大学经济信息工程学院,通知公告,swufe.edu.cn,8
5PdMN1bemg,高州阳光论坛,本周热帖,bbs.gz0668.com,4
yjvQ7rDebg,墨天轮,推荐阅读,modb.pro,7
aqeEaqre9R,码农人生,,msching.github.io,10
3moBK2gvN5,回未视戒,,huiweishijie.com,10
0MdK2j5vw1,安徽医科大学研究生学院,通知公告,ahmu.edu.cn,8
47o8pPLoMm,知乎专栏,运营研究社,zhuanlan.zhihu.com,10
47o8LEDoMm,清华大学,清华人物,tsinghua.edu.cn,8
2me3wJbewj,嗨趣儿,,hiquer.com,10
nBe0WR5d37,Dribbble,实时流行,dribbble.com,13
KGoRlpQdl6,医药卫生报,电子报,yywsb.com,12
proPEx5vq6,How-To Geek,,howtogeek.com,2
YKd69ljvaP,开源中国,社区最新软件,oschina.net,7
VaobLDOdAj,阿里云,数据库内核月报,mysql.taobao.org,7
YKd60PwoaP,中国证券监督管理委员会,期货市场周报,csrc.gov.cn,9
BwdGX8JePx,中国汽车报,今日推荐,cnautonews.com,1
5PdMxp7vmg,知道创宇,,blog.knownsec.com,10
m4ej8PqvxE,掘金,沸点推荐,juejin.im,4
5PdMm9ldmg,中共中央党史和文献研究院,权威解读,dswxyjy.org.cn,9
2KeDPn5eNP,中华人民共和国商务部,预警提示,mofcom.gov.cn,9
RrvWEjle5z,京东,男装 ‧ 热销榜,jd.com,5
qndg4LleLl,浙江大学,综合,zju.edu.cn,8
WmoO2zme4E,VPS侦探,,vpser.net,10
6YoV7RGvZa,法治时报,电子报,szb.hnfazhi.com,12
x9oz23boXb,AIHub,AI资讯,aihub.cn,2
RrvWO2xv5z,技术小黑屋,,droidyue.com,10
proP0L6oq6,旗帜网,今日评论,qizhiwang.org.cn,9
1Vd5xr8v85,AppStories,,appstories.net,2
pQvNBppvNE,iDownloadBlog,,idownloadblog.com,2
0MdKKB9dw1,红网论坛,最新热门,bbs.rednet.cn,4
3adqMnmdng,杭州日报,电子报,hzrb.hzdaily.hangzhou.com.cn,12
KGoROMmvl6,西南财经大学经济信息工程学院,学院新闻,swufe.edu.cn,8
WmoOG1Bo4E,iPhone Giveaway of the Day,,iphone.giveawayoftheday.com,3
pQvNlkzeNE,中国税务报,电子报,ctaxnews.net.cn,12
1Vd58pav85,TANC 艺术新闻中文版,,tanchinese.com,10
pQvN57zoNE,腾讯晚报,综合晚报,w.news.qq.com,1
proPyq5vq6,金十数据,快讯,jin10.com,6
WmoOyrkd4E,电商网,最新文章,cndsw.com.cn,6
WmoOGkYo4E,weak self,,weakself.dev,10
KGoRRbNol6,庭说,,tingtalk.me,10
4MdAaw3dxD,江边的旱鸭子,,blog.joouis.com,10
47o89lQvMm,致富资源网,最新热门,zfwz.net,4
anop729elZ,中华人民共和国农业农村部,信息公开触发发布,moa.gov.cn,9
qndgy1ZoLl,头条热榜,财经榜,toutiao.com,6
KGoRRW1ol6,网聚房山论坛,本周热帖,bbs.haofs.com,4
yjvQ7Ojebg,科技玩家,薅个羊毛,kejiwanjia.com,10
Ywv4jrRePa,中国证券监督管理委员会,期货市场月报,csrc.gov.cn,9
yjvQZYBdbg,挖站否-挖掘建站的乐趣,,wzfou.com,10
4MdAar1dxD,宿州论坛,本周热帖,bbs.my0557.cn,4
aqeEaz4e9R,随州论坛,本周热帖,szbbs.org,4
proP0Zpoq6,中国人大网,代表,npc.gov.cn,9
b0vm8KAoB1,国家自然科学基金委员会,资助成果,nsfc.gov.cn,9
x9oz0nDdXb,优设网,细节猎人最热门,uisdc.com,13
4qv9z2bdaK,安全介（FEEI）,,feei.cn,10
wkvl634ez1,无极领域,,1230.la,10
0MdKQ08ow1,深圳教育局,文件通知,sz.gov.cn,8
1VdJBR8dLQ,北京卫健委,新闻发布,wjw.beijing.gov.cn,9
4qv9Ap5vaK,Hacker News,Newest,news.ycombinator.com,7
qndggZxdLl,中国气象局,重要天气,cma.gov.cn,9
MZd7VEYvrO,雅书,,yabook.org,10
3adq6Axeng,旗帜网,资政史鉴,qizhiwang.org.cn,9
3QeLwpAd7k,中华人民共和国国家发展和改革委员会,政务公开 > 政策 > 发展改革委令,ndrc.gov.cn,9
m4ej73goxE,国家突发事件预警信息发布网,当前生效预警,12379.cn,9
DOvnNlqvEB,长乐论坛,本周热帖,changle.com.cn,4
4Kvxyqldkx,IT 之家,Office 之家热榜,ithome.com,2
WmoOyPBd4E,教育部,新闻发布会,moe.gov.cn,9
3moBKb1vN5,iNote,,inote.xyz,10
YqoXlKxoOD,SocialBeta,最新,socialbeta.com,7
YKd6JQmdaP,提前怀旧,,pretro.xyz,10
ENeYEjReY4,小木虫论坛,散金热榜,muchong.com,4
1VdJj6gdLQ,微博,生活榜,s.weibo.com,1
8Rv2kygdLw,Vulnspy Blog,,blog.vulnspy.com,10
x9ozq8JeXb,国家留学网,遴选通知,csc.edu.cn,8
aqeEZ6jo9R,东南商报,电子报,dnsb.daily.cnnb.com.cn,12
DOvn3rydEB,新浪 ‧ 识趣,每日趣品,shiqu.sina.com.cn,2
aqeEarDe9R,可能吧,,kenengba.com,10
BwdGlGOePx,下厨房,月度最佳,xiachufang.com,3
nBe0AbQo37,QQ音乐,游戏音乐榜,73.y.qq.com,3
b0vmZAJdB1,美卡论坛,日榜,uscardforum.com,4
Ywv4aPxdPa,人民法院报,电子报,rmfyb.chinacourt.org,12
yjvQPWPobg,中国长安网,头条,chinapeace.gov.cn,9
yjvQlQkobg,深圳特区报,电子报,sztqb.sznews.com,12
2me3A9kvwj,码农文库,知鸦日报,tool.lu,7
3moBKwEvN5,上海证券交易所,监管问询,sse.com.cn,9
4Kvxj3Lekx,中国政府采购报,电子报,cgpnews.cn,12
proPKxneq6,虎嗅网,早报,huxiu.com,2
x9ozJR1oXb,QQ音乐,大学生音乐榜,131.y.qq.com,3
VaobZZPoAj,电商报,7X24h快讯,dsb.cn,2
qndggMXdLl,期货日报,电子报,paper.7h365.com,12
1VdJ718eLQ,oxot,每日创意好物,oxot.com,5
VaobPpBdAj,南方教育时报,电子报,szjy.sznews.com,12
YqoXW6xeOD,新浪汽车,7×24小时实时直播全球快讯,auto.sina.com.cn,3
WmoOl7Rv4E,麦迪逊邦,热门资讯,madisonboom.com,2
wkvlPYpvz1,扬子晚报,电子报,epaper.yzwb.net,12
aqeEar3e9R,"Hi, DIYgod",,diygod.me,10
4MdA7wGoxD,东方财富网,社区热榜,caifuhao.eastmoney.com,6
KGoRwkmvl6,独立开发前线,最新文章,91wink.com,7
3moBKaPvN5,搬砖小组,,blog.moyugroup.com,10
12owDWmvNV,GitHub,Trending YAML Today,github.com,7
5PdML3bvmg,知乎专栏,职业逆转,zhuanlan.zhihu.com,10
WmoO5YRd4E,博客园,精华区,cnblogs.com,7
Q0orJLDo8B,鸟哥笔记,周榜,niaogebiji.com,7
RrvWBEDo5z,中华人民共和国最高人民检察院,最高检新闻,spp.gov.cn,9
2me32O0dwj,TVCBOOK,灵感精选,tvcbook.com,7
aqeEmgMe9R,韭研公社,社群,jiuyangongshe.com,6
yjvQPlDobg,中华人民共和国最高人民法院,中华人民共和国最高人民法院公报,gongbao.court.gov.cn,9
3QeLXbxe7k,UsubeniFantasy,,ssshooter.com,10
YqoXK24eOD,旗帜网,高层动态,qizhiwang.org.cn,9
yjvQk1zebg,晚点LatePost,晚点早知道,latepost.com,2
Ywv40mxvPa,考研论坛,最新热门,bbs.kaoyan.com,4
3QeLgJPd7k,中国政府网,视频最新,gov.cn,9
5PdMNYZemg,阳志平的网志,,yangzhiping.com,10
ENeYQqZeY4,其乐 Keylol,福利放送,keylol.com,4
anopW7RelZ,Apple World Today,,appleworld.today,2
wkvlEPBdz1,黄河时报,电子报,hhsb.szb.ismx.cn,12
47o8Q6gvMm,迷于星际 Lost in Trek,,trekin.space,10
Ywv4NRXePa,川观新闻,四川,cbgc.scol.com.cn,1
8Rv2jrDvLw,中共中央台湾工作办公室,国台办新闻发布会,gwytb.gov.cn,9
aEdZaJgvrO,CNU视觉联盟,热门,cnu.cc,2
RrvWOADv5z,云阳人家,本周热帖,yycqc.com,4
4KvxEY1dkx,FOTOMEN,,fotomen.cn,10
JndkM9Zo3V,WordPress大学,,wpdaxue.com,10
1VdJZ28dLQ,速途网,最新文章,sootoo.com,2
pQvN7JpdNE,麦当劳,优惠活动速报,mcdonalds.com.cn,5
4qv9Z7rdaK,文汇报,电子报,dzb.whb.cn,12
4MdAZ25exD,现代金报,电子报,xdjb.daily.cnnb.com.cn,12
b0vmORAeB1,经管之家,30天热门,bbs.pinggu.org,4
qndgqnpoLl,ScarSu的个人网站,,scarsu.com,10
b0vmrPldB1,Readhub,AI,readhub.me,2
x9oz3qMvXb,新浪,全部滚动新闻,news.sina.com.cn,1
anopykRvlZ,上海轨道交通俱乐部论坛,最新热门,shanghai.metrofans.cn,4
ENeY02RdY4,hackademix.net,,hackademix.net,10
VaobL1BdAj,中共中央网络安全和信息化委员会办公室,规划政策,cac.gov.cn,9
b0vmg6qeB1,GitHub,Trending Java Today,github.com,7
4MdAj2NexD,中国驻美国大使馆,重要通知,china-embassy.org,9
Q0orBrDo8B,CSDN博客,数据结构与算法热榜,blog.csdn.net,7
ENeY03kdY4,giantbranch's blog,,giantbranch.cn,10
yjvQxn4obg,中华人民共和国农业农村部,部门动态,moa.gov.cn,9
qndg1pxoLl,爱写代码的小书童,,zofun.github.io,10
aEdZj4ndrO,中国电影报,电子报,chinafilmnews.cn,12
Ywv40PRvPa,中共中央网络安全和信息化委员会办公室,安全动态,cac.gov.cn,9
JndkOXZd3V,国际在线,滚动新闻,news.cri.cn,1
YqoXgP6eOD,中国企业报,电子报,epaper.zqcn.com.cn,12
5PdMlB0vmg,金融投资报,电子报,stocknews.scol.com.cn,12
proPKB6eq6,头条热榜,健康榜,toutiao.com,1
1Vd5a8Md85,深度投资笔记,,deepinvest.org,10
m4ejr21exE,拼多多,男装 ‧ 热销榜,p.pinduoduo.com,5
aqeEZ5Mo9R,CSDN博客,大数据热榜,blog.csdn.net,7
ENeYEbZeY4,17173,手游热门榜,newgame.17173.com,3
12owqGjdNV,广东省教育厅,公示公告,edu.gd.gov.cn,9
MZd7a4DorO,深圳商报,电子报,szsb.sznews.com,12
ARe13Q2v7n,GitHub,Trending YARA Today,github.com,7
Jndk057e3V,京东,鞋品 ‧ 热销榜,jd.com,5
aqeE224o9R,中央纪委国家监委网站,评论,ccdi.gov.cn,9
Q0ora7ze8B,增长黑客,AI周报,zengzhang.ai,2
Dgey93KeZq,泾县论坛,本周热帖,jxbbs.com.cn,4
aEdZWWkerO,中央电视台,新闻1+1,tv.cctv.com,1
KGoRl7zdl6,中国经济时报,电子报,jjsb.cet.com.cn,12
proPBzpdq6,领测软件测试网,,ltesting.net,10
47o8762eMm,IT之家,AI,ithome.com,2
4qv9X5qoaK,中共中央网络安全和信息化委员会办公室,云计算服务安全评估,cac.gov.cn,9
6YoV7kxvZa,QQ音乐,新歌榜,27.y.qq.com,3
yjvQPPDobg,中国政府网,快速查询,gov.cn,9
YqoXgNneOD,站酷,文章推荐,zcool.com.cn,13
VaobybMeAj,Hugging Face,中文博客,huggingface.co,7
anopy6KvlZ,小木虫论坛,休闲娱乐榜,muchong.com,4
3adqqzadng,抖音,体育榜,douyin.com,3
b0vmb8XdB1,DoNews,热文排行榜,donews.com,2
MZd7zzGvrO,中国政府网,政策“说明书”,gov.cn,9
8Rv2nDRvLw,少数派,#应用推荐,sspai.com,2
MZd7N4DvrO,AcFun,全站综合榜(本周),acfun.cn,3
qndgO9VdLl,技术头条,最新,blogread.cn,4
3QeLJDxv7k,漏洞银行,直播间,bugbank.cn,10
DOvnXEleEB,科普中国网,头条,kepuchina.cn,2
1Vd5aVad85,广东省人民政府,地市动态,gd.gov.cn,9
8Rv2kEBdLw,SEO 网站优化及网站推广,,seo.g2soft.net,10
7GdaZ2geQy,国家税务总局,秒懂政策,chinatax.gov.cn,9
2KeDZQDvNP,拼多多,家电 ‧ 热销榜,p.pinduoduo.com,5
8Rv26xmvLw,1 Byte,,1byte.io,10
47o8b80dMm,拼多多,母婴 ‧ 热销榜,p.pinduoduo.com,5
1Vd5NB5e85,选股通,精选,xuangutong.com.cn,6
WmoOlxbv4E,CSDN博客,网络热榜,blog.csdn.net,7
ARe1k6pv7n,OneV's Den,,onevcat.com,10
qndgWrWdLl,电商报,新动态,dsb.cn,6
WmoOW6lo4E,ZAKER,健康有术,myzaker.com,1
aqeEZQlo9R,拼多多,女装 ‧ 热销榜,p.pinduoduo.com,5
12owW6roNV,Swift.org,,swift.org,10
7GdaXb7vQy,ZAKER,财经,myzaker.com,6
proPBakdq6,MOOC中国,最新课程,mooc.cn,7
MZd7POYerO,中国证券监督管理委员会,证券市场月报,csrc.gov.cn,9
anopyl0vlZ,张帆(Fun)的博客,,xyz1001.xyz,10
b0vmOB6eB1,成都日报,电子报,cdrb.com.cn,12
5PdMmx0dmg,清华大学,交流合作,tsinghua.edu.cn,8
Ywv4YqpdPa,Apple,更换和维修扩展计划,support.apple.com,9
2me39Dxvwj,轻狂志,,flighty.cn,10
anoprQ9dlZ,GitHub,Trending Python Weekly,github.com,7
47o8QyDvMm,Windows Blog,,blogs.windows.com,10
3QeLLXEe7k,头条热榜,国际榜,toutiao.com,1
Jndk0nVe3V,浙江日报,电子报,zjdaily.zjol.com.cn,12
aqeEa7re9R,Jiajun的编程随想,,jiajunhuang.com,10
WmoOaODd4E,中华人民共和国退役军人事务部,部内信息,mva.gov.cn,9
YqoXQbzvOD,MacRumors,iPhone,macrumors.com,2
1VdJOGaeLQ,选股通,公告精选,xuangutong.com.cn,6
wkvlMQrdz1,lucifer的网络博客,,lucifer.ren,10
1Vd5k3Ko85,自由人的 BLOG,,ifttl.com,10
ARe1Q14e7n,Security Tool Files ≈ Packet Sto,,packetstormsecurity.com,10
4Kvx5Q7dkx,崎径 其镜赵安琪的博客,,z16388.top,10
2me3mgEvwj,国家新闻出版署,通知公示,nppa.gov.cn,9
1Vd5Rqae85,Stage1st,最新,stage1st.com,4
12ow29reNV,谷德设计网,,gooood.cn,10
Q0orB72o8B,拼多多,鞋品 ‧ 热销榜,p.pinduoduo.com,5
1VdJPwZoLQ,程序员小辉,,xiaohui.com,10
b0vmLM2oB1,艾瑞咨询,热门报告,iresearch.com.cn,2
1Vd5N25e85,腾讯早报,财经早报,z.news.qq.com,6
x9oz036dXb,公务员考试网,湖北事业单位考试招考信息,hb.huatu.com,9
4MdAVjGexD,考研帮,调剂信息,tiaoji.kaoyan.com,10
yjvQWwDebg,国家税务总局,政策解读,chinatax.gov.cn,9
3moBNOJoN5,中证网,财经要闻,cs.com.cn,6
3QeLwXAd7k,GitHub,Trending Vue Today,github.com,7
Q0orr6no8B,龚成博客,,laogongshuo.com,10
4MdA8jlvxD,Six Colors,Daily,sixcolors.com,2
m4ejqYqdxE,思想家公社的门口,,sobereva.com,10
1Vd58m8v85,上海证券交易所,科创板项目动态,kcb.sse.com.cn,9
Q0orJ15o8B,Readhub,一周热门,readhub.cn,2
8Rv2klmdLw,代码家,,daimajia.com,10
8Rv2nYnvLw,中华人民共和国教育部,教育要闻,moe.gov.cn,9
proPkK6eq6,鸟哥笔记,年榜,niaogebiji.com,7
47o8O5XeMm,新闻 - Apple Developer,,developer.apple.com,10
3QeLpgBe7k,LaVie行動家,生活,wowlavie.com,10
6YoV7DKvZa,科技金融时报,电子报,kjb.zjol.com.cn,12
Vaob8VMdAj,请加入我们的“App_Store”社区并开始订阅RSS,,reddit.com,10
2KeDmA5oNP,科学空间|Scientific Spaces,,kexue.fm,10
x9ozBqKoXb,MacRumors,Mac,macrumors.com,2
BwdG71LdPx,MIT Research News,,news.mit.edu,10
wkvlPNYvz1,OpenAI Blog,,openai.com,10
2KeDw2DdNP,Yuxin's Blog,,ppwwyyxx.com,10
m4ejrgmexE,中国能源报,电子报,cnenergynews.cn,12
0MdKlG8ew1,智医疗网,,mhealthchina.org,10
anop06ZolZ,高金的博客,,igaojin.me,10
8Rv2kmndLw,Xiaoi's Blog,,blog.xiaoi.me,10
3adqQwZdng,明学的白板,,ksmx.me,10
m4ejJAxexE,豆瓣音乐,本周音乐人最热单曲榜,music.douban.com,3
DgeyrmNoZq,拼多多,车品 ‧ 热销榜,p.pinduoduo.com,5
ENeYORDvY4,晚点LatePost,晚点独家,latepost.com,2
proPExlvq6,MacStories,,macstories.net,2
MZd736PdrO,ChainFeeds,今日发现,chainfeeds.xyz,6
WmoOlqEv4E,拼多多,宠物 ‧ 热销榜,p.pinduoduo.com,5
aEdZLAgorO,Security Soup,,security-soup.net,10
3moBa1zeN5,KAIX.IN,,kaix.in,10
5PdMmRpdmg,国家留学网,录取公告,csc.edu.cn,8
12owrJweNV,闲一鱼博客,,macrr.com,10
YqoXWjKeOD,IT之家,智能汽车,ithome.com,2
wkvlNRyez1,知乎专栏,健康管理,zhuanlan.zhihu.com,10
yjvQPk4obg,中共中央网络安全和信息化委员会办公室,网信发布,cac.gov.cn,9
proP8G6oq6,CSDN博客,游戏热榜,blog.csdn.net,7
6YoVlmBdZa,拼多多,美妆 ‧ 热销榜,p.pinduoduo.com,5
Jndk69pv3V,中华人民共和国外交部,驻外报道,fmprc.gov.cn,9
b0vmlaAoB1,IOIOX博客,,ioiox.com,10
4Kvxmzwdkx,AI新智界,文章,aixinzhijie.com,2
ENeYWEjvY4,新浪财经头条,新闻资讯,cj.sina.cn,6
6YoVqGNeZa,SwiftGG,,swift.gg,10
proP8Jnoq6,大牛论坛,最新发表,dnbbs.vip,4
b0vmQ9XvB1,深圳证券交易所,问询函件,szse.cn,9
anopygkvlZ,优书网,女频周热门榜,yousuu.com,3
4qv97LPeaK,快手,社会榜,kuaishou.com,1
b0vml9AoB1,贼拉正经的技术博客,,blog.stackoverflow.wiki,10
47o8XNXoMm,线报酷,最新线报,new.xianbao.fun,5
nBe0ypKo37,国家统计局,统计动态,stats.gov.cn,9
3adqrVmeng,码农文库,,tool.lu,10
yjvQkW4ebg,鸟哥笔记,最新笔记,niaogebiji.com,7
anoppz9olZ,小熊写字的地方,,blog.skrskrskrskr.com,10
b0vmOwXeB1,拼多多,儿童 ‧ 热销榜,p.pinduoduo.com,5
6YoVVM3oZa,多媒体开发札记,,glumes.com,10
m4ejXzmvxE,灭茶苦茶,,miechakucha.com,10
4MdAr1NexD,本地宝,上海焦点资讯,sh.bendibao.com,1
yjvQKnkebg,DeepFake中文网,,deepfaker.xyz,10
YKd6G6weaP,中华人民共和国国家发展和改革委员会,通知公告,ndrc.gov.cn,9
5PdMamXdmg,三省吾身丶丶,,blog.guowenfh.com,10
ARe1jxqo7n,竹白百科,优秀博客,open.zhubai.wiki,1
Ywv4jNXePa,ggtalk,程序员的闲聊节目,talk.swift.gg,10
6YoVlQBdZa,楚天都市报,电子报,ctdsbepaper.hubeidaily.net,12
m4ejXG1vxE,离别歌,,leavesongs.com,10
1Vd5kD5o85,比特新声,,bitvoice.banlan.show,10
4Kvxyb1dkx,网易,健康频道,3g.163.com,1
b0vm7lAeB1,Behance,Featured Projects,behance.net,13
YqoXyz4vOD,头条热榜,军事榜,toutiao.com,1
aEdZyOXvrO,出海网,出海早报,chwang.com,2
VaobbxOoAj,前端工程师 Toweave,,toweave.github.io,10
aEdZgXgerO,郑州大学新闻网,要闻速递,zzu.edu.cn,8
KGoRAJZel6,Mac Kung Fu,,mackungfu.org,2
8Rv2rqnvLw,LINUX DO,全部热门话题,linux.do,7
12owrG0eNV,talich 闲侃,,talich.fm,10
Ywv4JjWePa,站酷 - 研习设K先生,,imart.zcool.com.cn,10
proPBjmdq6,博客园_安全工搬砖笔记,,cnblogs.com,10
0MdKwn8dw1,爱集微,首页推荐,ijiwei.com,2
5PdMXZXvmg,Memo,最新快讯,vcsmemo.com,2
1VdJpRpoLQ,Livid,,livid.v2ex.com,10
12owmXadNV,差评,首页图片墙,chaping.cn,2
4KvxEb9dkx,素生,,z.arlmy.me,10
ENeYEEqeY4,中国政府网,服务专题,gov.cn,9
7GdagGXoQy,C114通信网,要闻精选,c114.com.cn,2
anopOx0elZ,每日新闻联播,文字版,mrxwlb.com,1
qndgqxpoLl,背包客棧自助旅行論壇,背包嚴選好文,backpackers.com.tw,4
0MdKEpOow1,17173,新游期待榜,newgame.17173.com,3
nBe0JKzv37,Magnum Photos,,magnumphotos.com,3
0MdKJL2vw1,GitHub,Trending XSLT Today,github.com,7
Vaob1WgeAj,选股宝,大新闻,xuangubao.cn,6
WmoO7Qlo4E,QQ音乐,网络歌曲榜,28.y.qq.com,3
b0vmY8qvB1,老高的博客,,blog.mute-g.com,10
pQvNpDAeNE,广州大学研究生院,招生动态,gzhu.edu.cn,8
12owgK0oNV,抖音电商,实时热榜,douyin.com,5
aEdZbjqdrO,新民晚报社区版业主周刊,电子报,paper.xinmin.cn,12
2me3N3xdwj,抖音,财经榜,douyin.com,3
8Rv2Yz3oLw,酱紫表,,qust.me,10
Ywv4B4MePa,开源工场,开源周报,openingsource.org,10
MZd7PAxerO,UI 中国,推荐文章,ui.cn,13
x9ozw4bvXb,应急管理部消防救援局,各地动态,119.gov.cn,9
2me3DQrowj,脉脉,热榜,maimai.cn,4
anopWM9elZ,四川大学教务处,通知公告,scu.edu.cn,8
3moBllPdN5,AI喜好儿,最新发布,heehel.com,2
YKd6OrqeaP,考研论坛,最新发表,bbs.kaoyan.com,4
proP7ROeq6,36氪,资讯推荐,36kr.com,2
VaobZy3oAj,淘股吧,淘县神评,taoguba.com.cn,6
KGoRR8zol6,蓝卡,,lanka.cn,10
BwdGQngoPx,Lyric,,lyric.im,10
6YoVYWBeZa,宇宙的心弦,,physixfan.com,10
RrvWBD7o5z,Google Doodles,,google.com,2
3QeLJrJv7k,中华人民共和国退役军人事务部,国防信息,mva.gov.cn,9
WmoOyyDd4E,不上班研究所,什么值得做,toocool.cc,7
4Kvx69wekx,8090安全门户,,8090-sec.com,10
b0vm4a2oB1,随机波动StochasticVolatility,,stovol.club,10
Q0orqpWe8B,中国科学技术大学,通知公告,ustc.edu.cn,8
5PdMLPXvmg,爱必应,,aibing.cc,10
pQvN7gBdNE,墨天轮,最新文章,modb.pro,7
8Rv2YWDoLw,江南一点雨,,javaboy.org,10
2me32WXdwj,网易云音乐,原创榜,music.163.com,3
aqeEkl3v9R,Readhub,24 小时热榜,readhub.cn,2
12owmOldNV,华商报,电子报,hsb.hspress.net,12
pQvNy5yoNE,虎扑社区,股票区24小时榜,bbs.hupu.com,4
7GdaA8kdQy,懂车帝,实时热搜榜,dongchedi.com,2
4Kvxwpjokx,AIbase,热门视频,aibase.com,2
4KvxmELdkx,律动BlockBeats,最新文章,theblockbeats.info,6
3adqMKZdng,中国贸易报,电子报,chinatradenews.com.cn,12
6YoV7lxvZa,余杭晨报,电子报,yhcb.eyh.cn,12
WmoOxbYv4E,冰蓝记录思考的地方,,lanbing510.info,10
12owBlzeNV,王欣的博客,,wangxin.io,10
8Rv2GEmdLw,(Hi)story,,history.cheap,10
3QeLJOAv7k,香港手機遊戲網 GameApps.hk,,gameapps.hk,10
6YoV7QNvZa,韩星网 - KoreaStarDaily,,koreastardaily.com,10
RrvW0R1d5z,ChainBuzz,X 热门,chainbuzz.xyz,6
YKd6OzweaP,中共中央网络安全和信息化委员会办公室,预警通报,cac.gov.cn,9
6YoVwgMvZa,联合早报,新闻国际,zaobao.com,1
DgeykbMvZq,旗帜网,健康生活,qizhiwang.org.cn,9
1VdJOJaeLQ,腾讯早报,国际早报,z.news.qq.com,1
x9oznwDoXb,思达派,,startup-partner.com,10
4KvxZ39ekx,小木虫论坛,热门悬赏贴,muchong.com,4
nBe0Rlbv37,Linmi,,linmi.cc,10
WmoO9qYd4E,新浪财经,7*24小时全球实时财经新闻直播,finance.sina.com.cn,6
3adq74Long,国家新闻出版署,业务动态,nppa.gov.cn,9
4qv9bY0daK,思圆笔记,,hintsnet.com,10
anopXjqolZ,bboysoul的博客,,bboy.app,10
Q0orrbDo8B,若望的翻译车间,,untranslatable.home.blog,10
DOvnmzpoEB,富阳日报,电子报,fydaily.fynews.com.cn,12
x9oz381vXb,慢雾科技,技术研究,slowmist.com,6
3moBrMyoN5,大连大学教务处,教务通知,dlu.edu.cn,8
7Gda1yQdQy,料网,,liaosam.com,10
aqeEaR3e9R,Apple4us,,apple4us.com,10
2KeDZGXvNP,CSDN博客,C/C++热榜,blog.csdn.net,7
x9oz0mMdXb,CSDN博客,运维热榜,blog.csdn.net,7
aEdZgzOerO,河南省人民政府,政务公开,henan.gov.cn,9
2KeDmaYoNP,车讯网,新车,chexun.com,10
6YoVxGadZa,太医来了,,taiyilaile.com,10
b0vmZq2dB1,Steam,免费新游戏,store.steampowered.com,3
Q0or6xzo8B,双12热榜,食品榜,1212.taobao.com,5
7GdazXgeQy,中华人民共和国最高人民法院,审判业务,court.gov.cn,9
0MdKz36vw1,选股通,龙虎榜,xuangutong.com.cn,6
nBe0NJ5v37,头条热榜,台海榜,toutiao.com,1
ARe13x2v7n,中华人民共和国国家发展和改革委员会,政务公开 > 解读 > 政策图解,ndrc.gov.cn,9
anopXOkolZ,中国青年作家报,电子报,qnzj.cyol.com,12
2me3rxXdwj,上海交通大学电子信息与电气工程学院学生办,助学金,bjwb.seiee.sjtu.edu.cn,8
4MdAxgNvxD,郑州市人民政府,郑州新闻,zhengzhou.gov.cn,9
YKd6zWndaP,Readhub,财经快讯,readhub.cn,6
4MdAZ71exD,新民晚报,电子报,paper.xinmin.cn,12
5PdM1X0dmg,本地宝,杭州焦点资讯,hz.bendibao.com,1
nBe0JOKv37,Sir电影 - 简书,,jianshu.com,10
wkvlB3qez1,not LSD,,notlsd.github.io,10
aqeE544e9R,知乎专栏,一个书魔程序员的读书简评,zhuanlan.zhihu.com,10
8Rv2rYmvLw,中文播客榜,热门节目,xyzrank.com,3
wkvlZWqez1,中国人民银行,新闻,pbc.gov.cn,9
4MdAYWNdxD,Blog – Hackaday,,hackaday.com,10
proPWP4eq6,法布财经,头条新闻,fastbull.cn,6
6YoVpMxdZa,Tinyfool的中文Blog,,codechina.org,10
12owDBmvNV,中华人民共和国国家发展和改革委员会,政务公开 > 解读 > 政策解读,ndrc.gov.cn,9
m4ejrxgexE,CSDN博客,开发工具热榜,blog.csdn.net,7
Q0orPDWd8B,广东省人民政府,广东要闻,gd.gov.cn,9
1VdJKB0eLQ,虎扑社区,汽车热帖,bbs.hupu.com,4
nBe0JbKv37,NickTalk,,nicktalk.com,10
Vaob1JqeAj,东方财富网,策略报告,data.eastmoney.com,6
Ywv4a89dPa,京东,儿童 ‧ 热销榜,jd.com,5
4MdAZAZexD,京东,箱包 ‧ 热销榜,jd.com,5
1Vd5kLYo85,Alexander D Huang's Blog,,alxddh.github.io,10
DOvnMl1oEB,抖音,创意榜,douyin.com,3
DOvnNwBvEB,Google Testing Blog,,testing.googleblog.com,10
8Rv2apgoLw,广州市教育局,黄埔区教育局要闻动态,jyj.gz.gov.cn,9
DgeyKNnvZq,半月谈,评论,banyuetan.org,1
VaobPa3dAj,新民晚报社区版家庭周刊,电子报,paper.xinmin.cn,12
wkvlPbYvz1,拼多多,配饰 ‧ 热销榜,p.pinduoduo.com,5
proPE44vq6,张鑫旭,生活与创作,zhangxinxu.com,10
5PdMlalvmg,CSDN博客,区块链热榜,blog.csdn.net,7
47o8b7gdMm,建筑时报,电子报,dzb.jzsbs.com,12
VaobJqBoAj,Google Developers Blog,,googledevelopers.blogspot.com,10
ENeYN2DoY4,Wulu's Blog,,emuqi.github.io,10
WmoOWRYo4E,羁绊网,二次元资讯,005.tv,4
1VdJpwMoLQ,云风的 BLOG,,blog.codingnow.com,10
Q0orBPOo8B,麦迪逊邦,重磅,madisonboom.com,2
1VdJpLqoLQ,t9t透明创业实验,,blog.t9t.io,10
3QeL4xwe7k,QQ音乐,Q音快手榜,74.y.qq.com,3
qndgyZWoLl,观察者网,国际新闻,guancha.cn,1
3QeLVWWv7k,结构之法 算法之道,,blog.csdn.net,10
pQvNyRBoNE,国家税务总局,税务新闻,chinatax.gov.cn,9
MZd7N2OvrO,抖音,科技榜,douyin.com,3
wkvlZABez1,排排网,今日热文,simuwang.com,6
47o83ZreMm,中新网,社会新闻,chinanews.com,1
8Rv2gmDdLw,南京市人民政府,南京信息,nanjing.gov.cn,9
KGoRlQ2dl6,电子工程世界论坛,最新精华,bbs.eeworld.com.cn,4
2me3A7rvwj,文学报,电子报,wxb.whb.cn,12
4MdAkM5oxD,Odaily星球日报,文章周榜,odaily.news,6
DOvnzxqvEB,东方体育日报,电子报,osportsmedia.com,12
12owmWkdNV,ZAKER,国际,myzaker.com,1
nBe0xgQe37,Seven's blog,,blog.diqigan.cn,10
aEdZj6kdrO,武汉晚报,电子报,whwb.cjn.cn,12
Ywv43YRoPa,500px摄影社区,热门作品,500px.com.cn,13
anopBp2dlZ,中文播客榜,新锐节目,xyzrank.com,3
b0vmLY2oB1,搜狐,科普榜,3g.k.sohu.com,1
YqoXbAndOD,东南大学信息科学与工程学院,学术活动,seu.edu.cn,8
12owWkloNV,开源实验室,,kymjs.com,10
Dgeyr2MoZq,经济晚报,电子报,cnjjwb.com,12
8Rv2jZ0vLw,中央统战部网站,理论之声,zytzb.gov.cn,9
1Vd5ZkKe85,GitHub,Trending WebAssembly Today,github.com,7
Ywv4JpMePa,Byte.Coffee,,byte.coffee,10
1Vd52XWe85,医苑,电子报,yxdaily.com,12
4MdAkNgoxD,科学网,首页要闻,news.sciencenet.cn,2
3QeLLw9e7k,三花 AI,快讯,sanhua.himrr.com,2
5PdMD8Rvmg,艾瑞咨询,最新报告,iresearch.com.cn,2
Q0orJEOo8B,月幕Galgame,文章,ymgal.games,3
1VdJKpZeLQ,GitHub,Trending Yacc Today,github.com,7
x9ozmpYeXb,格物致知,,liqiang.io,10
MZd7LxperO,Aminer,热点,aminer.cn,2
nBe0W15d37,拼多多,内衣 ‧ 热销榜,p.pinduoduo.com,5
5PdMMYRdmg,QQ音乐,听歌识曲榜,67.y.qq.com,3
YqoXQx0vOD,Phodal 全栈工程师,,phodal.com,10
12owmBadNV,DeepMind,Latest Post,deepmind.com,10
5PdMl3Evmg,拼多多,文体 ‧ 热销榜,p.pinduoduo.com,5
YqoXwLneOD,PMCAFF互联网产品社区,精选,coffee.pmcaff.com,7
2me3rbxdwj,电脑系统吧,,dnxitong.com,10
2me3mNBvwj,人人都是产品经理,产品运营,woshipm.com,2
nBe0WA1d37,麦迪逊邦,最新资讯,madisonboom.com,2
proP7l4eq6,GitHub,Trending Python Today,github.com,7
5PdMP7pvmg,凤凰科技,人工智能,tech.ifeng.com,2
YqoXzn8dOD,范叶亮的博客,,leovan.me,10
Q0or3aYv8B,42号车库,推荐,42how.com,3
Jndk66yv3V,中国政协网,政协要闻,cppcc.gov.cn,9
1VdJkzqeLQ,鲸吼,军事热榜,jinghooo.com,3
KGoRla5dl6,深圳晚报,电子报,wb.sznews.com,12
KGoRAN1el6,V2EX,最热主题,v2ex.com,4
12owZzleNV,百度,民生榜,baidu.com,1
KGoRZbQol6,Indie Hackers,今日热门,indiehackers.com,7
5PdMXyZvmg,钛媒体,7X24快报,tmtpost.com,2
ARe1npqo7n,Yi's blog,,wangyi.ai,10
ENeYkDjvY4,消费质量报,电子报,xzb.scol.com.cn,12
DOvnDAVeEB,Motive商業洞察,,motive.com.tw,10
pQvNjNpvNE,17173,手游期待榜,newgame.17173.com,3
4KvxEZLdkx,CRIMX Blog,,blog.crimx.com,10
RrvWZYDo5z,新华网,国际即时新闻,news.cn,1
ARe1L0ld7n,C-Sharpcorner,,c-sharpcorner.com,10
3QeLVAEv7k,卡饭论坛,IT资讯区,bbs.kafan.cn,4
3QeLgMBd7k,武汉大学新闻网,新闻热线,whu.edu.cn,8
Vaob5pPeAj,京东,宠物 ‧ 热销榜,jd.com,5
proP8qmoq6,拼多多,箱包 ‧ 热销榜,p.pinduoduo.com,5
Q0orBAOo8B,农村金融时报,电子报,epaper.zhgnj.com,12
DOvnlgqeEB,BestXTools,周刊,discuss-cn.bestxtools.com,4
BwdGkjJdPx,品玩,大模型内刊,pingwest.com,2
Ywv47GzoPa,哔哩哔哩,知识榜,bilibili.com,3
WmoOzAxe4E,豆瓣,实时热门讨论,douban.com,4
MZd77ODdrO,科普中国,今日辟谣文章,piyao.kepuchina.cn,1
m4ejPVyvxE,格隆汇,7x24小时快讯,gelonghui.com,6
yjvQkpPebg,小众软件官方论坛,最新话题,meta.appinn.net,4
1VdJkxkeLQ,财联社,股市,cls.cn,6
1Vd5PZ8v85,中共中央对外联络部,头条新闻,idcpc.org.cn,9
Q0or655o8B,北京大学研究生招生网,硕士招生,pku.edu.cn,8
yjvQPRPobg,17173,二次元手游榜,newgame.17173.com,3
BwdG2KavPx,郑州市人民政府,通知公告,zhengzhou.gov.cn,9
3QeLlpEe7k,CSDN博客,新晋作者热文榜,blog.csdn.net,7
m4ejXLqvxE,用文字打败时间,,fengtang.com,10
2me39rzvwj,桃园,,taoweng.site,10
5PdMV4Gemg,中国国家认证认可监管管理员会,行业动态,cnca.gov.cn,9
KGoRJ8Dol6,中华人民共和国农业农村部,国际交流,moa.gov.cn,9
Q0orP1nd8B,QQ音乐,动漫音乐榜,72.y.qq.com,3
aqeEz6ro9R,中新网,财经新闻,chinanews.com,6
pQvNy3poNE,HuntsBot,周刊,huntsbot.com,7
aEdZMgMvrO,中国青年网,国际新闻,news.youth.cn,1
1VdJKzaeLQ,中华人民共和国财政部,全国财政新闻联播头条,mof.gov.cn,9
ARe13n4v7n,中华人民共和国人力资源和社会保障部,人社新闻,mohrss.gov.cn,9
DOvnX3peEB,智源社区,头条,hub.baai.ac.cn,7
7GdawgQoQy,安兔兔,手机资讯,antutu.com,2
KGoRA0mel6,一天世界,博客,blog.yitianshijie.net,10
6YoVqRKeZa,HUHUHANG,,huhuhang.com,10
1Vd5PrLv85,中国政府网,图片最新,gov.cn,9
nBe0W6Dd37,大河报,电子报,dhb.newpaper.dahe.cn,12
wkvlPwYvz1,湖北日报,电子报,epaper.hubeidaily.net,12
MZd7al6orO,中国艺术报,电子报,cflac.org.cn,12
YKd67NneaP,每经网,影响市场重大事件,nbd.com.cn,6
ENeYQKZeY4,Alien外星人,,aliengu.com,10
3QeLpDJe7k,黄琦雲的博客,,knightyun.github.io,10
pQvNkKVdNE,晚点LatePost,人物访谈,latepost.com,2
b0vmr4qdB1,大路演,即将开始路演,roadshowing.com,6
x9oz2qxoXb,少数派,#派早报,sspai.com,2
ENeYykReY4,腾讯晚报,财经晚报,w.news.qq.com,6
proPkkOeq6,不上班研究所,热文榜,toocool.cc,7
nBe0ggKd37,中央纪委国家监委网站,中国日记,ccdi.gov.cn,9
b0vmObXeB1,Dribbble,本月流行,dribbble.com,13
3moBPNzdN5,知乎专栏,明哲公考,zhuanlan.zhihu.com,10
ENeYGgDvY4,苏打苏塔设计量贩铺,,sudasuta.com,10
aqeE1N3e9R,Go 2 Think,,go2think.com,10
MZd7PyYerO,中华人民共和国农业农村部,视频,moa.gov.cn,9
6YoVYjBeZa,哈尔滨工程大学本科生院工作通知,国家大学生文化素质基地,hrbeu.edu.cn,8
47o81L0vMm,木遥的窗子,,blog.farmostwood.net,10
aEdZarNvrO,苏州市人民政府,政策公开文件,suzhou.gov.cn,9
Jndk7BVd3V,中华人民共和国农业农村部,建议提案,moa.gov.cn,9
0MdK98Oow1,人民网,评论员观察,opinion.people.com.cn,1
WmoOGJlo4E,程序师,,techug.com,10
JndkEWZo3V,算法花园,,xiang578.com,10
Q0orpkOd8B,逐鹿IT-猛猛如玉,,amonxu.com,10
ARe1Q92e7n,游魂博客,,iyouhun.com,10
nBe0xjze37,我爱水煮鱼,,blog.wpjam.com,10
nBe0g7bd37,清华大学研究生招生网,硕士-通知公告,tsinghua.edu.cn,8
3QeLlMWe7k,站酷,编辑精选,zcool.com.cn,13
b0vmOw6eB1,HIT专家网,,hit180.com,10
DOvnzQVvEB,江苏经济报,电子报,jsjjb.xhby.net,12
nBe0WaDd37,福建日报,电子报,fjrb.fjdaily.com,12
WmoOWxRo4E,中华人民共和国国家发展和改革委员会,新闻动态 > 网上直播,ndrc.gov.cn,9
3moB0KVdN5,中华人民共和国国家发展和改革委员会,政务公开 > 政策 > 规划文本,ndrc.gov.cn,9
5PdM1gpdmg,中新网,国际新闻,chinanews.com,1
yjvQklPebg,Solo,独立开发者社区,solo.xin,7
nBe0mNDo37,鸟哥笔记,月榜,niaogebiji.com,7
WmoO7Qmo4E,QQ音乐,K歌金曲榜,36.y.qq.com,3
KGoR5X2el6,新浪热榜,热议榜,rank.sinanews.sina.cn,1
MZd77QpdrO,新浪热榜,AI榜,rank.sinanews.sina.cn,2
wkvl2akez1,联合早报,新闻中国,zaobao.com,1
47o8KL2eMm,PRIN BLOG,,printempw.github.io,10
Ywv40ZavPa,路由器交流,,acwifi.net,10
nBe0gAbd37,中央统战部网站,非公经济,zytzb.gov.cn,9
RrvWBgRo5z,考研论坛,最新回复,bbs.kaoyan.com,4
DgeykawvZq,科技钱,,itrmb.com,10
4qv9ZxXdaK,京东,内衣 ‧ 热销榜,jd.com,5
MZd7aXporO,一派胡言,,zhangyet.github.io,10
qndggExdLl,中国县域经济报,电子报,xyshjj.cn,12
4Kvxj2wekx,中国市场监管报,电子报,pc.cmrnn.com.cn,12
4Kvx54jdkx,头条热榜,科技榜,toutiao.com,2
8Rv21KwoLw,博客园,新闻,news.cnblogs.com,7
DOvnNVlvEB,蚊子前端博客,,xiabingbao.com,10
1VdJprqoLQ,kok的笔记本,,wocai.de,10
BwdGQN8oPx,HansChen 的博客,,blog.hanschen.site,10
m4ejgaroxE,选股通,7x24财经快讯,xuangutong.com.cn,6
Q0or3OPv8B,中华人民共和国财政部,财政数据,mof.gov.cn,9
wkvlZ3Bez1,盖世汽车,盖世原创,auto.gasgoo.com,2
qndgZmVvLl,中新网,健康·生活,chinanews.com,1
47o8XAroMm,AIGC Weekly,,quail.ink,10
2me3r3Edwj,中国长安网,以案释法,chinapeace.gov.cn,9
aqeEZgjo9R,河南省文化和旅游厅,政务动态,hct.henan.gov.cn,9
4KvxjR7ekx,重庆日报,电子报,epaper.cqrb.cn,12
b0vmEaXvB1,清言,,plausistory.blog,10
12owXZ0vNV,Blog of Music,,blogofmusic.com,10
Q0orOWDv8B,AIUAI,,aiuai.cn,10
DOvnD0LeEB,华中科技大学研究生院,通知公告,hust.edu.cn,8
x9ozQzxeXb,卢昌海的个人主页,,changhai.org,10
ENeYQQweY4,胡涂说,,hutusi.com,10
6YoV5gDeZa,mefcl's blog,,mefcl.com,10
aqeEZDDo9R,Edge插件网,,edge66.com,10
DOvnzK7vEB,四川日报,电子报,epaper.scdaily.cn,12
proP7xBeq6,贵阳晚报,电子报,wb.gywb.cn,12
2me32YBdwj,深圳侨报,电子报,sz-qb.com,12
Dgey3YnvZq,人人都是产品经理,用户研究,woshipm.com,7
RrvWArle5z,科创板日报,深度,chinastarmarket.cn,6
Q0orJ7Wo8B,深圳湾,热文评测,shenzhenware.com,2
4Kvxyr7dkx,澎湃,舆论场,thepaper.cn,1
7GdawGOoQy,環球新聞時訊報,今日頭條,globalnewstimes.com.hk,1
12owgwloNV,搜狐号,卢克文工作室,sohu.com,1
qndgkR8dLl,腾讯新闻,谷雨实验室,new.qq.com,1
12ow4jBvNV,中国药科大学,最新公告,cpu.edu.cn,8
3adqzqZeng,抖音,随拍榜,douyin.com,3
x9ozw47vXb,双12热榜,男装榜,1212.taobao.com,5
1VdJlkaoLQ,中国高新技术产业导报,电子报,paper.chinahightech.com,12
Jndk02Pe3V,国际日报,电子报,epaper.guojiribao.com,12
wkvlP5kvz1,证券导报,电子报,zqdb.hinews.cn,12
2KeDwp6dNP,haokunt的博客,,hkvision.cn,10
3QeLG9Wd7k,TED|TED君学演讲,,space.bilibili.com,10
12ow2YBeNV,psnine-PSN中文站,,psnine.com,10
VaobbBOoAj,追风之影,,devashen.com,10
Ywv4JGWePa,CodeSky,,codesky.me,10
4qv9aX0vaK,Linux 中国,今日新闻,linux.cn,7
47o8R4gdMm,知乎专栏,分布式架构,zhuanlan.zhihu.com,10
qndg508oLl,QQ音乐,内地榜,5.y.qq.com,3
Q0orP1Yd8B,QQ音乐,欧美榜,3.y.qq.com,3
proPWqkeq6,中华人民共和国文化和旅游部,焦点新闻,mct.gov.cn,9
3QeLwz9d7k,中华人民共和国文化和旅游部,政策解读,mct.gov.cn,9
6YoVW6xvZa,美通社,所有新闻稿,prnasia.com,1
47o83greMm,本地宝,成都焦点资讯,cd.bendibao.com,1
3adqqO3dng,好好住,发现,haohaozhu.cn,13
b0vm8qLoB1,雅思考试中文官方网站,雅思考试动向,chinaielts.org,9
0MdKlxpew1,McKinsey Greater China,麦肯锡中国,mckinsey.com.cn,10
x9oz06JdXb,RF技术社区,文章,rf.eefocus.com,2
2me3ADrvwj,河北经济日报,电子报,epaper.hbjjrb.com,12
m4ej60VexE,小财神的奋斗,,caisixiang.com,10
2KeDNO5vNP,郑州市人民政府,郑政通,public.zhengzhou.gov.cn,9
Vaob5bMeAj,新京报,时事,bjnews.com.cn,1
5PdMMaGdmg,法制周报,电子报,epaper.voc.com.cn,12
RrvW7KRv5z,信息名单,,web.xxmd.com,10
proPB9ndq6,天可优可,,jyzhu.top,10
aqeEaPVe9R,桑弧蓬矢射四方,,iphyer.github.io,10
KGoR535el6,证券时报网,人民财讯热榜,stcn.com,6
3moBR1goN5,流行通信,,popdispat.ch,10
Jndk7QVd3V,中国证券监督管理委员会,上市公司行业分类结果,csrc.gov.cn,9
aqeE2Yro9R,中国海洋大学信息科学与工程学院学院,学院要闻,ouc.edu.cn,8
3QeL4xBe7k,QQ音乐,美国公告牌榜,108.y.qq.com,3
0MdKJV2vw1,中华人民共和国国家发展和改革委员会,政务公开 > 政策 > 通知,ndrc.gov.cn,9
VaobZD8oAj,in外设,首页最新,inwaishe.com,4
anop3yEelZ,新浪财经头条,选股宝,cj.sina.cn,6
anopB4kdlZ,新语社区,广场,xinyuzone.cn,4
4KvxwB9okx,腾讯晚报,国际晚报,w.news.qq.com,1
YKd6zAzdaP,IT 之家,IT 资讯,ithome.com,2
2me3NXxdwj,观点网,全时数据,guandian.cn,1
2KeD7YAdNP,联合早报,即时国际,zaobao.com,1
YKd6OameaP,中华人民共和国最高人民法院,公众互动,court.gov.cn,9
7GdazZXeQy,中国长安网,政法要闻,chinapeace.gov.cn,9
47o8LZLoMm,中共中央党史和文献研究院,学习路上,dswxyjy.org.cn,9
4KvxZ4Lekx,建筑学院,,archcollege.com,10
4qv9ZbbdaK,新京报,国际,bjnews.com.cn,1
wkvlPB4vz1,CSDN博客,Javascript热榜,blog.csdn.net,7
WmoOl3bv4E,大河健康报,电子报,newpaper.dahe.cn,12
Vaob5kPeAj,大众卫生报,电子报,dzwsb.epaper.voc.com.cn,12
DOvnmBpoEB,QQ音乐,流行指数榜,4.y.qq.com,3
2KeDwR6dNP,搞笑談軟工,,teddy-chen-tw.blogspot.com,10
qndg50loLl,QQ音乐,国风热歌榜,65.y.qq.com,3
KGoRWV1vl6,国家税务总局,税案通报,chinatax.gov.cn,9
3QeLwQPd7k,佛系软件,,foxirj.com,10
2KeDmK6oNP,王大佬,,wangdalao.com,10
2me3mjbvwj,中国驻日本大使馆,重要通知,jp.china-embassy.org,9
nBe0x3Be37,安全小飞侠的窝,,avfisher.win,10
yjvQ8Anobg,Red Hat Blog,,redhat.com,10
Jndk7wpd3V,乐回享,,8lhx.com,10
pQvNjkmvNE,中共中央网络安全和信息化委员会办公室,政策法规,cac.gov.cn,9
proP0z5oq6,Koalrの反思录,,koalr.me,10
nBe0WxDd37,CSDN博客,测试热榜,blog.csdn.net,7
2KeDZkDvNP,长沙晚报,电子报,icswb.com,12
KGoRlxzdl6,文艺报,电子报,wyb.chinawriter.com.cn,12
3QeLLJxe7k,少数派,Matrix热榜,sspai.com,2
JndkOwAd3V,阿里研究院,新闻,aliresearch.com,1
WmoOGDOo4E,Jason[Klib作者],,atjason.com,10
6YoVV17oZa,张戈博客,,zhang.ge,10
3adqQ4ldng,刘悦的技术博客,,v3u.cn,10
3moBaL1eN5,idealclover,,idealclover.top,10
YqoXz2zdOD,掌上英雄联盟,官方综合新闻,lol.qq.com,3
Q0orpVnd8B,Aiur · Zellux 的博客,,blog.yxwang.me,10
2me3xOZowj,王登科-DK博客,,greatdk.com,10
m4ejXNxvxE,Teach Talk,,ttalk.im,10
YqoXzj8dOD,Smashing Magazine,,smashingmagazine.com,10
Dgey9a5eZq,LiNPX,,linpx.com,10
proPG3Oeq6,iPc.me,,ipcfun.com,10
YqoXlRKoOD,Abduzeedo,,abduzeedo.com,10
2me3rArdwj,中华人民共和国最高人民检察院,网上发布厅,spp.gov.cn,9
YqoXKWzeOD,中共中央对外联络部,重要新闻,idcpc.org.cn,9
ENeYEOweY4,中共中央网络安全和信息化委员会办公室,网信要闻,cac.gov.cn,9
qndg4zmeLl,双12热榜,美妆个护榜,1212.taobao.com,5
MZd7zl3vrO,17173,策略手游榜,newgame.17173.com,3
aEdZj38drO,山东教育报,电子报,sdjyb.com.cn,12
47o8bWDdMm,深圳日报,电子报,szdaily.sznews.com,12
b0vmODAeB1,涪风论坛,最新热门,bbs.fuling.com,4
3moBZLVoN5,中国国防报,电子报,gfbmap.81.cn,12
12owBNBeNV,Visual Studio Code,,code.visualstudio.com,10
qndgWmVdLl,DYBOY,,blog.dyboy.cn,10
2me3mbbvwj,中华人民共和国商务部,财务信息,mofcom.gov.cn,9
qndgWEZdLl,北京邮电大学,通知公告,bupt.edu.cn,8
2me3DRxowj,国外科技头条,最新热门,tech.buzzing.cc,2
WmoOWPko4E,罗翔说刑法 的 bilibili 动态,,space.bilibili.com,10
proPkbkeq6,天涯,今日热议主题,tianya.im,4
KGoRwZbvl6,抖音,汽车榜,douyin.com,3
b0vmrlLdB1,头条热榜,娱乐榜,toutiao.com,3
YqoXKNPeOD,武汉大学计算机学院,学术交流,whu.edu.cn,8
RrvWOg7v5z,把酒诗代码,,102no.com,10
qndg12VoLl,anran758's blog,,anran758.github.io,10
RrvWB6ko5z,中华人民共和国外交部,吹风会,fmprc.gov.cn,9
aqeEZm4o9R,北京商报,电子报,epaper.bbtnews.com.cn,12
WmoOlAmv4E,App热,,apphot.cc,10
3moB0aVdN5,GitHub,Trending XC Today,github.com,7
YqoXWl8eOD,中华人民共和国国家发展和改革委员会,政务公开 > 政策 > 规范性文件,ndrc.gov.cn,9
3moB0E9dN5,中华人民共和国财政部,财政新闻,mof.gov.cn,9
ENeYWDqvY4,澎湃,直击现场,thepaper.cn,1
2me37bXewj,海报新闻,时评,hb.dzwww.com,1
1VdJPG0oLQ,罗磊的独立博客,,luolei.org,10
yjvQDx6obg,Dribbble,本周流行,dribbble.com,13
aEdZq6BvrO,徐贲的BLOG,,blog.sina.com.cn,10
proPBmndq6,土土哥的技术Blog,,tutuge.me,10
4qv9bnpdaK,Just lepture,,lepture.com,10
nBe0x9Be37,大人物,,damanwoo.com,10
DOvn36ldEB,Yiran's Blog,,zdyxry.github.io,10
nBe0NJDv37,头条热榜,教育榜,toutiao.com,1
Q0orLp2d8B,头条热榜,文旅榜,toutiao.com,1
3moBEOEeN5,值得看,,t.colashare.com,10
12owqmkdNV,Dailyio,,iois.me,10
ARe1EN4e7n,Hacker News,Front Page,news.ycombinator.com,7
12ow5N0dNV,QQ音乐,香港TVB劲歌金榜,130.y.qq.com,3
YqoXWz8eOD,GitHub,Trending wdl Today,github.com,7
aqeEz5go9R,data.ai Insights,,data.ai,10
3QeLkZzd7k,News Minimalist,简报,newsletter.newsminimalist.com,1
JndkOJ5d3V,Odaily星球日报,7×24h快讯,odaily.news,6
3QeLglPd7k,中共中央组织部,党务问答,wenda.12371.cn,9
m4ejr81exE,Dribbble,年度流行,dribbble.com,13
proP87poq6,麦迪逊邦,作品,madisonboom.com,2
BwdG5D6oPx,解放军画报,电子报,plapic.com.cn,12
Jndkw5Vd3V,学校与家庭,电子报,szb.xnnews.com.cn,12
0MdKw05dw1,中华人民共和国文化和旅游部,全国联播,mct.gov.cn,9
47o89VrvMm,QQ音乐,腾讯音乐人原创榜,52.y.qq.com,3
12ow4gJvNV,中共中央台湾工作办公室,台办动态,gwytb.gov.cn,9
DOvn6qDvEB,旗帜网,地方机关党建,qizhiwang.org.cn,9
Q0or6aDo8B,中共中央党史和文献研究院,党史研究,dswxyjy.org.cn,9
nBe0gkKd37,双12热榜,家居家装榜,1212.taobao.com,5
anopyJRvlZ,17173,休闲热游榜,newgame.17173.com,3
aEdZbLNdrO,青年时讯,电子报,qnsx.cyol.com,12
2KeDz76vNP,半月谈,时政讲解,banyuetan.org,1
WmoOyZDd4E,本地宝,深圳焦点资讯,sz.bendibao.com,1
YqoXyY4vOD,乌拉邦研报,行业研报,ulapia.com,6
WmoOBWBe4E,AI TNT,最新文章,aitntnews.com,2
ENeYprkdY4,联合早报,即时中国,zaobao.com,1
anopWyRelZ,免費資源網路社群,,free.com.tw,10
x9ozB9DoXb,读书|suelence,,space.bilibili.com,10
aEdZ23gdrO,龙腾网,转译网贴,ltaaa.com,4
YKd69AwvaP,designboom,,designboom.com,13
7Gdab5keQy,碎裂之梦,,h-cheung.gitlab.io,10
aEdZqrVvrO,Deepzz's Blog,,deepzz.com,10
m4ejXY4vxE,初等記憶體,,axionl.me,10
1Vd5ZR5e85,中华人民共和国财政部,政策发布,mof.gov.cn,9
VaobZqMoAj,中新网,即时新闻,chinanews.com.cn,1
1Vd5O87o85,白鲸出海,最新文章,baijing.cn,7
Ywv4PWzvPa,什么值得买,实时消费热点,smzdm.com,5
m4ejk5VoxE,DHTalk's Blog,,zhangdinghao.cn,10
Ywv4jzNePa,Velas电波站,,velasx.com,10
nBe0g2Dd37,旗帜网,今日要闻,qizhiwang.org.cn,9
MZd7zDlvrO,中华人民共和国外交部,外事日程,fmprc.gov.cn,9
KGoRO7Zvl6,17173,回合手游榜,newgame.17173.com,3
aEdZjPOdrO,半月谈,健康,banyuetan.org,1
Vaob5yGeAj,消费日报,电子报,dzb.xfrb.com.cn,12
7Gda0nXvQy,同花顺财经,财经要闻,news.10jqka.com.cn,6
proPkAOeq6,财联社,看盘 - 电报,cls.cn,6
47o8k8DeMm,网易人间,好读,renjian.163.com,1
5PdMXp0vmg,宝玉的分享,,baoyu.io,10
1Vd5Z8Ke85,中华人民共和国国家发展和改革委员会,政务公开 > 政策 > 公告,ndrc.gov.cn,9
YqoXWN6eOD,中华人民共和国财政部,政策解读,mof.gov.cn,9
KGoRWw5vl6,卖家之家,早讯,mjzj.com,2
proPBw0dq6,我爱自然语言处理,,52nlp.cn,10
1VdJp9poLQ,FengJian's Blog,,fengjian0106.github.io,10
RrvWVNgo5z,爱分享,,itjcc.com,10
L4MdAQNdxD,VMRay,,vmray.com,10
m4ejXR1vxE,SEO每天一贴,,seozac.com,10
3QeLXVAe7k,苦禅雪儿,,kcxe.net,10
5PdMNOXemg,Hawstein's Blog,,hawstein.com,10
3QeLX8Be7k,Bruce's Blog,,heyuan110.com,10
Dgey9qneZq,Desvl's blog,,desvl.xyz,10
2me3xbnowj,DiscUdemy - Free Udemy Courses,,discudemy.com,10
b0vmYnJvB1,Lucien's Blog,,blog.lucien.ink,10
3moB2DyoN5,中华人民共和国外交部,外交部长活动,fmprc.gov.cn,9
b0vmOYLeB1,CSDN博客,嵌入式热榜,blog.csdn.net,7
MZd7a26orO,有饭研究,,youfunlab.com,10
YqoXg44eOD,福州日报,电子报,fzrb.mag.fznews.com.cn,12
BwdGEaOoPx,快手,搜索飙升榜,kuaishou.com,3
3adqAxMdng,首席安全官,7×24 快讯,cncso.com,7
VaobDWBdAj,福建省人力资源和社会保障厅,重要新闻,rst.fujian.gov.cn,9
x9oz65noXb,人人都是产品经理,业界动态,woshipm.com,2
b0vm7RWeB1,江苏省人民政府,要闻关注,jiangsu.gov.cn,9
qndg4kxeLl,maxOS,,maxoxo.me,10
YqoXVAxdOD,QQ音乐,美国热门音乐榜,123.y.qq.com,3
YqoXWQ0eOD,GitHub,Trending TypeScript Today,github.com,7
anop38KelZ,中华人民共和国国家卫生健康委员会,政策法规,nhc.gov.cn,9
DOvnlBLeEB,HelloGithub,文章,hellogithub.com,7
3adqz9Zeng,出海网,头条资讯,chwang.com,2
m4ejgjxoxE,Readhub,汽车,readhub.me,2
aqeE3NPv9R,联合早报,全球财经,zaobao.com,6
DOvnNDBvEB,站酷 - 米田主动设计,,drizzlep.zcool.com.cn,10
aqeEab3e9R,晚晴幽草轩,,jeffjade.com,10
12owBKJeNV,知乎专栏,健身自习室,zhuanlan.zhihu.com,10
12owB6keNV,Js Tips,,jstips.co,10
aEdZWXXerO,中国人民银行,公告信息,pbc.gov.cn,9
Ywv43MMoPa,国家税务总局,各地动态,chinatax.gov.cn,9
3QeLwkzd7k,独立开发变现周刊,,ezindie.com,10
Q0or3DZv8B,本地宝,武汉焦点资讯,wh.bendibao.com,1
m4ejZ9pexE,中国汽车工业协会,行业动态,caam.org.cn,9
nBe0mJBo37,时代在线,最新,time-weekly.com,1
2KeD9NMoNP,中国青年网,滚动新闻,news.youth.cn,1
4MdAYNLdxD,K8哥哥’s Blog,,k8gege.org,10
3adqyw3dng,价值中国网,职业日志,chinavalue.net,10
3adq7zaong,极诣数字营销,,maxket.com,10
4MdA1n5dxD,习近平系列重要讲话,,jhsjk.people.cn,1
1VdJB6kdLQ,江苏省教育考试院,招考信息,jseea.cn,9
4qv9zLqdaK,中国证券监督管理委员会,征求意见,csrc.gov.cn,9
yjvQJzVdbg,电玩帮,游戏资讯,vgover.com,3
4Kvxw4Eokx,微信读书,热搜榜,weread.qq.com,3
6YoV56KeZa,安娜尔返利软件官网,,annaerfl.com,10
m4ejr74exE,墨菲易,,blog.murphyyi.com,10
7GdaZlXeQy,李跳跳,,litiaotiao.com,10
6YoVrVxoZa,未来汽车日报,最新要闻,auto-time.36kr.com,2
DOvnX2leEB,新赚吧,赚客大家谈,v1.xianbao.net,5
4MdA8y5vxD,毕马威洞察,,home.kpmg,10
anopWgRelZ,Science,,sciencemag.org,10
BwdGQgwoPx,庶民样本,,egoist.moe,10
x9ozQXxeXb,Casa Taloyum,,casatwy.com,10
3QeLX8xe7k,Kenshin Cui's Blog,,cnblogs.com,10
Q0orpEWd8B,西秦公子,,ixiqin.com,10
6YoVq57eZa,oldj's blog,,oldj.net,10
VaobbagoAj,站酷 - 海边来的设计师,,comesea.zcool.com.cn,10
Q0orp2Yd8B,sunnyxx的技术博客,,blog.sunnyxx.com,10
KGoRRBmol6,HelloDog,,wsgzao.github.io,10
1Vd5kqYo85,coderyi,,coderyi.com,10
YqoXGmPeOD,蠎周刊,,weekly.pychina.org,10
proPkG4eq6,Science Magazine,Latest News,science.org,1
YKd6azqvaP,中国环境报,电子报,epaper.cenews.com.cn,12
4qv9ZDrdaK,河北日报,电子报,hbrb.hebnews.cn,12
4qv9ZpXdaK,湖南日报,电子报,hnrb.voc.com.cn,12
VaobP7MdAj,西安商报,电子报,epaper.xasb168.com,12
1VdJZ30dLQ,中华人民共和国外交部,外事活动,fmprc.gov.cn,9
WmoOrnBe4E,应急管理部消防救援局,消防要闻,119.gov.cn,9
Ywv40xMvPa,在学安全的路上,,wuhash.com,10
WmoOl8lv4E,Nuclear'Atk（核攻击）网络安全实验室,,lcx.cc,10
7GdaXDOvQy,电子工程世界论坛,最新热门,bbs.eeworld.com.cn,4
0MdKlW5ew1,经济导报,电子报,jjdb.paper.dzwww.com,12
8Rv2aw1oLw,郑州日报,电子报,zzrb.zynews.cn,12
aqeEM8xe9R,IBM中国,新闻与时事通讯,ibm.com,10
JndkwBPd3V,Go语言中文网,最新,studygolang.com,7
qndgx0LeLl,且听书吟,,yufan.me,10
Dgey95ReZq,limboy's HQ,,limboy.me,10
proPBw4dq6,硕鼠的博客站,,lukefan.com,10
4Kvx5aLdkx,冰糖橙子,,btorange.com,10
pQvNX58eNE,Sketch Beta,,sketch.com,10
yjvQZ9jdbg,保罗的小宇宙,,paugram.com,10
8Rv2rm3vLw,新语社区,推荐,xinyuzone.cn,4
2KeD9nMoNP,网猴线报,最新线报,iehou.com,5
proP7a4eq6,QQ音乐,达人音乐榜,70.y.qq.com,3
12owDl0vNV,慢雾科技,公司新闻,slowmist.com,6
47o83M2eMm,中新网,时政新闻,chinanews.com,1
VaobZNgoAj,阿里云漏洞库,高危漏洞库,avd.aliyun.com,7
Jndk4VPe3V,夜航船夫,,uncoverman.com,10
qndgO40dLl,知乎专栏,顶尖PPT,zhuanlan.zhihu.com,10
7Gda1xYdQy,Inevitable,,inevitable.tech,10
47o8KW0eMm,Microsoft Security,,msrc-blog.microsoft.com,10
MZd7zVpvrO,上海交通大学电子信息与电气工程学院学生办,国际办学通知,bjwb.seiee.sjtu.edu.cn,8
0MdKLX0ew1,the5fire的技术博客,,the5fire.com,10
2me3xJzowj,胡方运的博客,,hufangyun.com,10
qndg17VoLl,玉令天下的Blog,,yulingtianxia.com,10
0MdKLp4ew1,青空之蓝,,blog.ixk.me,10
pQvNXXmeNE,张佳圆,,blog.jiayuanzhang.com,10
aqeE53Ve9R,艺术有读,,artispoison.com,10
YqoXKyKeOD,中共中央网络安全和信息化委员会办公室,安徽省,cac.gov.cn,9
47o8bGwdMm,人民公安报·交通安全周刊,电子报,epaper.cpd.com.cn,12
6YoV7axvZa,中央纪委国家监委网站,审查调查 > 中管干部 > 执纪审查,ccdi.gov.cn,9
x9oz3Q6vXb,GitHub,Trending Visual Basic .NET Today,github.com,7
6YoVWZwvZa,国家体育总局,今日体坛,sport.gov.cn,9
2KeDM66oNP,人人都是产品经理,营销推广,woshipm.com,7
Q0orL3Pd8B,AI平台,最新快讯,aipintai.com,2
Q0orLpDd8B,头条热榜,汽车榜,toutiao.com,2
aEdZyWXvrO,抖音,剧情榜,douyin.com,3
5Vaob7BvAj,(B)(F)uzzing on my world,,spa-s3c.blogspot.com,10
1VdJpPGoLQ,JerryQu 的小站,,imququ.com,10
qndg1PloLl,Skywind Inside,,skywind.me,10
BwdGQqwoPx,亚庆的 Blog,,billwang1990.github.io,10
proPBm4dq6,摇滚诗人,,cnblogs.com,10
ARe1Qqne7n,hanjm's Blog,,imhanjm.com,10
5PdMN4pemg,FlyingSky's Blog,,blog.fsky7.com,10
YqoX2r0dOD,东方财富网,盘前必读,finance.eastmoney.com,6
qndgBp0vLl,联合早报,下午察,zaobao.com,1
RrvWZGDo5z,News Hacker,极客洞察,newshacker.me,7
x9ozmxxeXb,阿小信的博客,,axiaoxin.com,10
KGoR1jxel6,nginx,,nginx.cn,10
nBe0Zwzv37,人人都是产品经理,产品设计,woshipm.com,2
yjvQYJjvbg,财新网,首页推荐,caixin.com,6
Ywv4jGRePa,中华人民共和国农业农村部,人事信息,moa.gov.cn,9
DgeyD6pdZq,中华人民共和国商务部,机构动态,mofcom.gov.cn,9
3adq6Z5eng,同济大学研究生院,通知公告,tongji.edu.cn,8
ARe12Gqo7n,QQ音乐,台湾KKBOX榜,127.y.qq.com,3
nBe0yJ1o37,GitHub,Trending Vim script Today,github.com,7
WmoOWGRo4E,GitHub,Trending Visual Basic .NET Today,github.com,7
ARe13rLv7n,中国共产党新闻网,独家稿件,cpc.people.com.cn,9
Q0or39nv8B,中国汽车工业协会,最新政策,caam.org.cn,9
aqeEk5Dv9R,搜狐,视频榜,3g.k.sohu.com,1
KGoRE42el6,Hugging Face,Daily Papers,huggingface.co,7
DOvnXPpeEB,站长之家,热点主题,chinaz.com,2
Vaob5NMeAj,江西日报,电子报,jxrb.epaper.jxnews.com.cn,12
YKd6axgvaP,河南经济报,电子报,dzb.zyjjw.cn,12
DOvnm2VoEB,韓娛最前線,,kpopn.com,10
1Vd5PPLv85,中央纪委国家监委网站,史鉴,ccdi.gov.cn,9
7GdazwYeQy,中共中央网络安全和信息化委员会办公室,办领导动态,cac.gov.cn,9
YqoXKAzeOD,北京师范大学研究生招生网,硕士生招生,bnu.edu.cn,8
BwdGl16ePx,辽宁日报,电子报,epaper.lnd.com.cn,12
aqeEZ4jo9R,无锡日报,电子报,szb.wxrb.com,12
YKd6GYbeaP,阳江日报,电子报,yjdaily.yjrb.com.cn,12
3QeL4m9e7k,我的世界中文论坛,新闻资讯,mcbbs.net,4
proPKO4eq6,早报网,每日早报,qqorw.cn,1
RrvWqW3e5z,Seebug,最新漏洞,seebug.org,10
5PdMNQXemg,forecho 的独立博客,,blog.forecho.com,10
pQvNGKNdNE,鸟窝,,colobu.com,10
nBe0JqQv37,克伟的博客,,cnblogs.com,10
m4ejXW4vxE,猫·仁波切,,andelf.github.io,10
WmoOGgOo4E,庞海礁的个人空间,,olinone.com,10
4MdAaN3dxD,追梦人物的博客,,zmrenwu.com,10
b0vmg52eB1,QQ音乐,香港地区榜,59.y.qq.com,3
0MdKwp0dw1,QQ音乐,日本公信榜,105.y.qq.com,3
b0vmZW8dB1,国家原子能机构,国际新闻,caea.gov.cn,9
0MdKJ7Jvw1,游戏陀螺,,youxituoluo.com,10
0MdKx75ew1,SharewareOnSale,,sharewareonsale.com,10
2me3Ka0ewj,xmsec - 陌小生,,xmsec.cc,10
1Vd5rj8e85,北京卫健委,委内新闻,wjw.beijing.gov.cn,9
2KeDPY5eNP,中国驻英国大使馆,重要通知,chinese-embassy.org.uk,9
anopyAZvlZ,中科院自动化所,硕士招生通知,ia.cas.cn,9
Ywv40MavPa,重庆大学数学与统计学院,学院新闻,cqu.edu.cn,8
b0vmpjAoB1,东方财富网,专题,topic.eastmoney.com,6
VaobL58dAj,中华人民共和国最高人民检察院,图解,spp.gov.cn,9
b0vm8JGoB1,双12热榜,女装榜,1212.taobao.com,5
7GdazVXeQy,17173,武侠手游榜,newgame.17173.com,3
Dgeyk4pvZq,郑州市人民政府,郑政办,public.zhengzhou.gov.cn,9
6YoVlwwdZa,IT时报,电子报,epaper.it-times.com.cn,12
3QeLlDEe7k,大众日报,电子报,paper.dzwww.com,12
YKd6a6bvaP,深圳都市报,电子报,dtzbd.sznews.com,12
8Rv2ZG1vLw,长江周刊,电子报,cjzk.jjxw.cn,12
1Vd52NYe85,draw.io,,drawio-app.com,10
Ywv4VpBePa,GitHub,Trending C++ Today,github.com,7
Q0or3pOv8B,GitHub,Trending VHDL Today,github.com,7
proPWBpeq6,GitHub,Trending Vim Snippet Today,github.com,7
3adqKPaong,极客书房,,geekr.dev,10
pQvNkXNdNE,DATACONOMY,AI,dataconomy.com,2
yjvQD1Vobg,黑·白,,blog.xiayf.cn,10
47o8QxXvMm,Armin Li,,arminli.com,10
6YoVVz7oZa,不会开机的男孩,,studentdeng.github.io,10
DOvnNR2vEB,Josherich的博客,,josherich.me,10
RrvWOn3v5z,空之领域,,xsky.me,10
4qv9a71vaK,Xieisabug,,xiejingyang.com,10
pQvNXmpeNE,佐仔志,,jinbo123.com,10
m4ejX6rvxE,站酷 - 摄影师蝈蝈小姐,,guoguophoto.zcool.com.cn,10
Dgey9V7eZq,囧克斯,,jiongks.name,10
8Rv2kKmdLw,Origin,,blog.singee.me,10
Ywv4JzaePa,韩亚军,,hanyajun.com,10
BwdGkNjdPx,中国科技网,滚动新闻,stdaily.com,1
ENeYyqjeY4,证券时报网,快讯,stcn.com,6
47o8kjXeMm,LINUX DO,福利羊毛,linux.do,5
1VdJOlZeLQ,证券日报网,滚动报道,zqrb.cn,6
2KeDmDPoNP,423Down,,423down.com,10
WmoO8Oxv4E,人人都是产品经理,分析评测,woshipm.com,2
anopYyyvlZ,应用侠,,appgao.com,10
Q0or3yzv8B,国家统计局,通知公告,stats.gov.cn,9
WmoOWKDo4E,國外股市熱門,每周精选,stocks.buzzing.cc,6
nBe0yW5o37,人民网,三评观点,opinion.people.com.cn,1
DgeyjgBoZq,AI柠檬,,blog.ailemon.net,10
wkvl6Pjez1,中华人民共和国最高人民检察院,理论研究,spp.gov.cn,9
YKd6ODKeaP,中华人民共和国外交部,部领导活动,fmprc.gov.cn,9
VaobLRBdAj,郑州市人民政府,政务要闻,zhengzhou.gov.cn,9
qndggqZdLl,CSDN博客,移动开发热榜,blog.csdn.net,7
Q0orBO2o8B,Dribbble,建站至今总流行,dribbble.com,13
ARe1W62v7n,中国科学报,电子报,news.sciencenet.cn,12
2KeDz2MvNP,中国证券监督管理委员会,行政处罚决定,csrc.gov.cn,9
b0vm8pWoB1,中国机构编制网,时政要闻,scopsr.gov.cn,9
3QeLl0Pe7k,天津日报,电子报,epaper.tianjinwe.com,12
2KeDZrDvNP,长江日报,电子报,cjrb.cjn.cn,12
DgeyrQNoZq,潇湘晨报,电子报,epaper.xxcb.cn,12
3adqMaadng,佛山日报,电子报,epaper.fsonline.com.cn,12
12owM7zdNV,PANews,快讯,panewslab.com,6
ARe1p17d7n,百度,财经榜,baidu.com,6
Dgey98BeZq,蓝鲸的网站分析笔记,,bluewhale.cc,10
nBe0JPDv37,中国无线论坛,最新热门,anywlan.com,4
MZd7VpxvrO,Halfrost's Field | 冰霜之地,,halfrost.com,10
KGoRRrmol6,vzard's blog,,vzardlloo.github.io,10
YKd6JnJdaP,MouT.me,,ghost.mout.me,10
VaobbYDoAj,NSHipster,,nshipster.cn,10
5PdMaw0dmg,土木坛子 比利时phd,,tumutanzi.com,10
nBe0xPKe37,Luckydesigner,,luckydesigner.space,10
m4ejJzqexE,QQ音乐,台湾地区榜,61.y.qq.com,3
proP7a0eq6,QQ音乐,日本榜,17.y.qq.com,3
1Vd52D7e85,QQ音乐,韩国Melon榜,129.y.qq.com,3
RrvWAq7e5z,GitHub,Trending Rust Today,github.com,7
m4ejZXxexE,GitHub,Trending Verilog Today,github.com,7
x9oz3nbvXb,中华人民共和国财政部,财政部令,mof.gov.cn,9
3QeLwM9d7k,中华人民共和国财政部,财政部公告,mof.gov.cn,9
YKd63pmeaP,国家税务总局,新媒体,chinatax.gov.cn,9
0MdKJmOvw1,中国人民大学经济研究所网站 中国宏观经济论坛,最新动态,ruc.edu.cn,8
BwdGkMwdPx,Foresight News,快讯,foresightnews.pro,6
1VdJzjqdLQ,霖博客,,youthlin.com,10
3QeLY2Wo7k,R4v3zn's Blog,,r4v3zn.com,10
1Vd5Kj7o85,無次元,,wcy.wtf,10
DgeyDqwdZq,国家新闻出版署,许可结果,nppa.gov.cn,9
7GdaRmYeQy,中华人民共和国农业农村部,机关党建,moa.gov.cn,9
4Kvx87Evkx,湖北大学,学术动态,hubu.edu.cn,8
1Vd5RmKe85,面向信仰编程,,draveness.me,10
yjvQ854obg,百尚,,byshang.cn,10
2KeD1KMoNP,The Official Google Blog,,blog.google,10
aEdZlEkorO,Hacking Articles,,hackingarticles.in,10
anop7ZKelZ,OReilly Radar,,radar.oreilly.com,10
YKd60aKoaP,阿榮福利味 - 免費軟體下載,,azofreeware.com,10
47o8OPqeMm,中国国家认证认可监管管理员会,监管动态,cnca.gov.cn,9
3QeLJWGv7k,北京教育考试院,通知公告,bjeea.cn,8
BwdGLJMePx,电子科技大学,新闻中心 学术,uestc.edu.cn,8
DgeyNyRoZq,快手指数,洞察报告,index.e.kuaishou.com,2
ENeYAGReY4,Hacker News,中文精选,news.ycombinator.com,7
x9ozrlYoXb,本地宝,广州焦点资讯,gz.bendibao.com,1
12owJ2keNV,中国互联网联合辟谣平台,今日辟谣,piyao.org.cn,1
3moBNP9oN5,腾讯早报,科技早报,z.news.qq.com,2
x9ozw07vXb,中共中央组织部,先锋文汇,tougao.12371.cn,9
WmoOrnYe4E,双12热榜,鞋包配饰榜,1212.taobao.com,5
8Rv2j30vLw,17173,玄幻热游榜,newgame.17173.com,3
7GdazQYeQy,无锡市卫生健康委员会,公告公示,wjw.wuxi.gov.cn,9
6YoVlbNdZa,南京晨报,电子报,njcb.xhby.net,12
m4ejJzpexE,QQ音乐,电音榜,57.y.qq.com,3
4MdArxLexD,IT之家,喜加一,ithome.com,2
KGoRW92vl6,网易专栏,看客,3g.163.com,1
1VdJKyZeLQ,站酷,摄影编辑精选,zcool.com.cn,13
12ow2RjeNV,caffesme,,caffes.me,10
ARe1kGpv7n,GeekPlux,,geekplux.com,10
3moBaggeN5,Garan no dou,,blog.ibireme.com,10
2KeDwAPdNP,余海峯 David | 物理喵 phycat,,hfdavidyu.com,10
ENeY0jDdY4,臨池不輟,,keelii.com,10
aEdZZkXdrO,Mobility,,lichuanyang.top,10
1Vd584Lv85,知乎专栏,软件架构设计,zhuanlan.zhihu.com,10
KGoRGDDvl6,知乎专栏,下厨房,zhuanlan.zhihu.com,10
m3adqkxong,DEVCORE 戴夫寇爾,,devco.re,10
3QeLXGWe7k,Randy's Blog,,lutaonan.com,10
3moBaBzeN5,王子亭,,jysperm.me,10
nBe0JlQv37,Jimmy Song,,jimmysong.io,10
WmoOGLmo4E,Fred Wu's Blog,,fredwu.me,10
3QeLXPBe7k,Simple and Interesting,,windard.com,10
nBe0x7Ee37,薇拉航线,,zuozuovera.com,10
JndkMwPo3V,Chrome - 专题 - 简书,,jianshu.com,10
Ywv49R9dPa,j00ru//vx tech blog,,j00ru.vexillium.org,10
x9ozOgDvXb,Hc1m1,,nobb.site,10
BwdGL8JePx,农牧前沿,,nmfirst.cn,10
nBe0Bqbv37,上海立信会计金融学院体育与健康学院,通知公告,lixin.edu.cn,8
VaobajBeAj,中华人民共和国商务部,工作通知,mofcom.gov.cn,9
3moBPLgdN5,QQ音乐,英国UK榜,107.y.qq.com,3
ENeYWJRvY4,中华人民共和国国家卫生健康委员会,热点提示,nhc.gov.cn,9
pQvNyAzoNE,中华人民共和国国家卫生健康委员会,政策解读,nhc.gov.cn,9
4MdAr2NexD,中国互动娱乐,头条,chnieg.com,3
aqeEzPMo9R,新京报,政事儿,bjnews.com.cn,1
qndgjq8vLl,搜狐,体育榜,3g.k.sohu.com,1
x9ozrm1oXb,白鲸出海,本周热文,baijing.cn,7
x9ozww7vXb,中央纪委国家监委网站,图解图说,ccdi.gov.cn,9
Ywv403NvPa,中国长安网,人事任免,chinapeace.gov.cn,9
RrvWB0Qo5z,中共中央网络安全和信息化委员会办公室,打击网络恐怖,cac.gov.cn,9
12ow4NjvNV,17173,奇幻热游榜,newgame.17173.com,3
Q0orPb0d8B,天水教育周刊,电子报,tsrb.com.cn,12
12ow57JdNV,都市时报,电子报,times.clzg.cn,12
Ywv4VERePa,浩子's Blog,,blog.lihaoya.com,10
4MdA0YLvxD,浦东时报,电子报,pdtimes.com.cn,12
Jndkw9Jd3V,中华人民共和国工业和信息化部,地方工作,miit.gov.cn,9
x9ozJVMoXb,旧人软件阁,,rjg9.com,10
1Vd5PaLv85,中共中央组织部,共产党员电视栏目,dslm.12371.cn,9
1VdJZkkdLQ,中共中央台湾工作办公室,政务要闻,gwytb.gov.cn,9
4KvxZmlekx,中共中央网络安全和信息化委员会办公室,时政要闻,cac.gov.cn,9
wkvl6aqez1,仙游新闻网,仙游要闻,xyxww.com,9
pQvNjPBvNE,王一石,,yishi.io,10
5PdMl5avmg,河南省农业农村厅,新闻,nynct.henan.gov.cn,9
yjvQlDnobg,ZAKER,互联网,myzaker.com,2
8Rv2ax3oLw,重庆晨报,电子报,epaper.cqcb.com,12
ENeYmAqeY4,重庆商报,电子报,e.chinacqsb.com,12
3adqMAMdng,石家庄日报,电子报,sjzrb.sjzdaily.com.cn,12
m4ejrA3exE,太原日报,电子报,epaper.tyrbw.com,12
4qv9Z4qdaK,钱江晚报,电子报,qjwb.zjol.com.cn,12
8Rv2aqRoLw,陕西日报,电子报,esb.sxdaily.com.cn,12
YqoXVYXdOD,济南日报,电子报,jnrb.e23.cn,12
WmoO7jBo4E,4Gamers,最新消息,4gamers.com.tw,3
WmoO7Jbo4E,学无止境@一点一滴,,gtdstudy.com,10
3QeL46We7k,Tmr Blog,,blog.xlab.app,10
YqoXzaxdOD,某岛,,shuizilong.com,10
aEdZqYgvrO,小明明s à domicile,,dongwm.com,10
proPBX4dq6,Lucifr,,lucifr.com,10
ARe1QMqe7n,搞搞震,,wujingquan.com,10
4MdAaq5dxD,Nicksxs's Blog,,nicksxs.me,10
x9ozQX1eXb,萧宸宇,,iiiyu.com,10
WmoOGEOo4E,Allen's Blog,,capallen.top,10
2me3xgZowj,IPhysResearch,,iphysresearch.github.io,10
m4ejXzrvxE,知乎专栏,美即是正义,zhuanlan.zhihu.com,10
YqoXlEXoOD,爪哇堂,,javatang.com,10
ENeYQ3weY4,知乎专栏,好好住指南,zhuanlan.zhihu.com,10
ARe1xJld7n,滴滴云博客,,blog.didiyun.com,10
KGoRE81el6,SuperTechFans,HackerNews日报,supertechfans.com,7
YqoXP0KoOD,本地宝,北京焦点资讯,bj.bendibao.com,1
12owJAkeNV,乌拉邦研报,最新研报,ulapia.com,6
5PdMPk0vmg,联合早报,中国财经,zaobao.com,6
5PdMPGEvmg,新华网,新华网评,news.cn,1
1VdJjqGdLQ,财富中文网,最新,fortunechina.com,6
1VdJJ2qdLQ,QQ音乐,JOOX本地热播榜,126.y.qq.com,3
YqoXWqXeOD,国务院国有资产监督管理委员会,政策解读,sasac.gov.cn,9
12owD4kvNV,新浪财经头条,财联社,cj.sina.cn,6
nBe0m1Qo37,技术人生,,luzexi.com,10
5PdMLg7vmg,吴良超的学习笔记,,wulc.me,10
4qv9BYqdaK,奇客派,,qikepai.cn,10
7GdakBQoQy,Muyun的杂谈,,muyun.work,10
yjvQYLzvbg,李宇的博客,,l1yu.com,10
0MdK24Jvw1,江苏省教育考试院,政策文件,jseea.cn,9
4Kvx8qlvkx,南京市人民政府,各区动态,nanjing.gov.cn,9
5PdMV7Eemg,华中科技大学人工智能和自动化学院,新闻,hust.edu.cn,8
aEdZg2BerO,清华大学,头条新闻,tsinghua.edu.cn,8
4MdAKJgoxD,CTA南美水族家园,最新热门,bbs.tropica.cn,4
qndgOzXdLl,程序猿DD,,blog.didispace.com,10
x9ozOyDvXb,逸文笔记 | EvenNotes,,evennotes.cn,10
3adq7A5ong,智识@IdeoBook™,,ideobook.com,10
1Vd5rpKe85,Xclient,,xclient.info,10
3moBrpPoN5,江苏省教育考试院,招考要闻,jseea.cn,9
4Kvx8LPvkx,北京大学生命科学学院,近期讲座,pku.edu.cn,8
2KeDgQAdNP,网易专栏,浪潮,3g.163.com,1
2KeDgMQdNP,抖音,图文控榜,douyin.com,3
3adq6qLeng,中国长安网,政法改革,chinapeace.gov.cn,9
47o8LkQoMm,中共中央网络安全和信息化委员会办公室,地方网信,cac.gov.cn,9
m4ejrZrexE,系统派,,dbmer.com,10
4Kvxj4Eekx,郑州晚报,电子报,zzwb.zynews.cn,12
YqoXg78eOD,中国铁道建筑报,电子报,paper.crcc.cn,12
nBe0JlBv37,Est's Blog,,blog.est.im,10
YqoXzaPdOD,bang’s blog,,blog.cnbang.net,10
ARe1Qlqe7n,依云's Blog,,blog.lilydjwg.me,10
x9ozQV1eXb,isaced,,isaced.com,10
1Vd5k17o85,武威涛哥的博客,,jaredtao.github.io,10
12owWzwoNV,Exploit-DB updates,,exploit-db.com,10
1Vd58zGv85,Wangling IOS开发 墨客作者,,wangling.me,10
RrvWV3Qo5z,知乎专栏,PPT设计与制作,zhuanlan.zhihu.com,10
b0vmgjAeB1,GitHub,Trending Go Today,github.com,7
KGoRWMbvl6,中华人民共和国国家卫生健康委员会,新闻动态,nhc.gov.cn,9
yjvQWbVebg,股民大家庭,最新发表,gupiao168.com,6
YqoXWJ0eOD,中国普法网,以案释法,legalinfo.moj.gov.cn,9
DOvnlL2eEB,中新网,要闻导读,chinanews.com,1
3adqKQ5ong,科创板日报,电报,chinastarmarket.cn,6
YKd6zjndaP,Hugging Face,Trending Models,huggingface.co,7
BwdGkYJdPx,Hugging Face,Most likes Spaces,huggingface.co,7
nBe0AbBo37,QQ音乐,韩国榜,16.y.qq.com,3
1Vd52DNe85,QQ音乐,综艺新歌榜,64.y.qq.com,3
b0vmg5qeB1,QQ音乐,说唱榜,58.y.qq.com,3
1Vd5ZgLe85,国务院国有资产监督管理委员会,政策发布,sasac.gov.cn,9
yjvQWyDebg,澎湃,打虎记,thepaper.cn,1
aEdZWj8erO,新浪财经头条,格隆汇,cj.sina.cn,6
6YoVrqxoZa,智源社区,最新,hub.baai.ac.cn,7
1VdJk7qeLQ,竹白百科,先锋作品,open.zhubai.wiki,1
Dgeyj2BoZq,字节点击,最前沿,byteclicks.com,2
4MdAxZ1vxD,中华人民共和国最高人民检察院,视频,spp.gov.cn,9
DgeykrKvZq,中华人民共和国最高人民检察院,地方动态,spp.gov.cn,9
ARe1mGLe7n,17173,武侠热游榜,newgame.17173.com,3
4Kvxjpjekx,MarginNote 中文社区,热门主题,bbs.marginnote.cn,4
3adqMJzdng,科教新报,电子报,kjxb.epaper.voc.com.cn,12
aEdZjEBdrO,新快报,电子报,epaper.xkb.com.cn,12
1VdJJQkdLQ,晋江经济报,电子报,jjjjb.fjdaily.com,12
6YoV7ZGvZa,知乎专栏,MIXLAB跨学科修炼指南,zhuanlan.zhihu.com,10
proP7JBeq6,渝西都市报,电子报,ycrb.cnepaper.com,12
8Rv26ZgvLw,那些才华洋溢的技术流们 - 专题 - 简书,,jianshu.com,10
3moBE08eN5,知乎专栏,BIM學習營,zhuanlan.zhihu.com,10
qndgOGWdLl,Apple Newsroom,,apple.com,10
RrvWJYRo5z,PlayStation.Blog,,blog.us.playstation.com,10
WmoOamOd4E,智慧城市网,,zhihuichengshi.cn,10
YqoXbjzdOD,北京教育考试院,招考政策,bjeea.cn,8
m4ej62pexE,浙江大学,启真新论,zju.edu.cn,8
YKd6MGqvaP,抖音,游戏榜,douyin.com,3
4Kvxwy9okx,独立开发沉思录,周刊,hackthinking.com,10
Q0orQ9Ze8B,资源思维|一周青年,,jianshu.com,10
4MdA8zNvxD,林小沐,,immmmm.com,10
ENeY0Y3dY4,NSBlog,,mikeash.com,10
m4ejX44vxE,Lenix Blog,,blog.p2hp.com,10
1Vd5kMKo85,GoWhich,,gowhich.com,10
1Vd585Lv85,暗无天日,,lujun9972.win,10
pQvNXqmeNE,知乎专栏,硬派健身,zhuanlan.zhihu.com,10
9JndkDpe3V,Darknet,,darknet.org.uk,10
4Kvx62lekx,光明网,,theory.gmw.cn,1
Q0orp2nd8B,陈沙克日志,,chenshake.com,10
4Kvx5VLdkx,vivaxy's blog,,vivaxyblog.github.io,10
BwdGQ48oPx,diss带码,,dumplingbao.github.io,10
aEdZq5VvrO,解道jdon.com,,jdon.com,10
0MdKL7aew1,朝舞,,ii74.com,10
4Kvx5qwdkx,小蘿蔔丁,,xlbd.me,10
aEdZqGXvrO,XUJINKAI 的个人主页,,xujinkai.net,10
7GdagM7oQy,Overreacted,,overreacted.io,10
47o8RgjdMm,薛定喵君的博客,,tiaocaoer.com,10
DOvn3nqdEB,知乎专栏,Golang之旅,zhuanlan.zhihu.com,10
1Vd58yav85,知乎专栏,好奇实验室,zhuanlan.zhihu.com,10
b0vmbg6dB1,徐珂：建筑结构设计,,jiegoublog.cn,10
qndgk9mdLl,Think with Google,,thinkwithgoogle.com,10
x9ozqgbeXb,金刀客博客,,daokers.com,10
aEdZanOvrO,中华人民共和国商务部,征求意见,mofcom.gov.cn,9
47o8O60eMm,华中科技大学人工智能和自动化学院,最新通知,hust.edu.cn,8
pQvNjRVvNE,重庆大学教务处,通知公告,cqu.edu.cn,8
b0vm84loB1,Yuko's Blog,,yuukoamamiya.github.io,10
anop3zBelZ,潮流周刊,,weekly.tw93.fun,10
qndgZ7pvLl,美卡论坛,周榜,uscardforum.com,4
DOvnX6qeEB,东南网,滚动新闻,fjsen.com,1
3QeLggPd7k,中央纪委国家监委网站,极简科学课,ccdi.gov.cn,9
3moB221oN5,中央纪委国家监委网站,理论,ccdi.gov.cn,9
anopyykvlZ,中华人民共和国最高人民法院,学习新时代,court.gov.cn,9
aqeE2Zxo9R,中国文明网,头条要闻,wenming.cn,9
Q0or6B5o8B,中国文明网,媒体评论,wenming.cn,9
6YoV59KeZa,旗帜网,课题研究,qizhiwang.org.cn,9
VaobLnPdAj,有赞技术团队,,tech.youzan.com,10
8Rv2a8RoLw,羽毛工作室,,blog.t-ssm.com,10
3QeLlk9e7k,检察日报,电子报,newspaper.jcrb.com,12
7GdaXPgvQy,新闻晨报,电子报,epaper.zhoudaosh.com,12
1Vd5amWd85,福州晚报,电子报,fzwb.mag.fznews.com.cn,12
DOvnzOBvEB,中华工商时报,电子报,epaper.cbt.com.cn,12
qndgyL0oLl,网猴线报,一周热门线报,iehou.com,5
pQvN5JAoNE,微信读书,神作榜,weread.qq.com,3
m4ejw3qoxE,中国基金报,公募,chnfund.com,6
RrvW1nge5z,哔哩哔哩,科技数码榜,bilibili.com,3
1Vd5AYYd85,东方财富网,明日主题前瞻,finance.eastmoney.com,6
0MdKJO6vw1,中华人民共和国文化和旅游部,通知,mct.gov.cn,9
YqoXPlxoOD,白鲸出海,7x24H,baijing.cn,7
6YoVrLxoZa,梅花网,文章月榜,meihua.info,2
4qv95Q0vaK,Odaily星球日报,文章日榜,odaily.news,6
4qv9AzmvaK,愛瘋日報,,iphonetaiwan.org,10
3QeLXOwe7k,Zabbix Blog,,blog.zabbix.com,10
nBe0J5Qv37,贺叶霜的树：III,,blog.heysh.xyz,10
RrvWOz7v5z,Mohuishou,,lailin.xyz,10
12owWRmoNV,Panda Home,,old-panda.com,10
JndkEBJo3V,Claude's Blog,,claude-ray.github.io,10
3QeLpLAe7k,Linux.中国,最新,linux.cn,10
12owBMweNV,LarsCheng,,larscheng.com,10
aqeEjnlo9R,LWN.net,,lwn.net,10
yjvQY3nvbg,中关村在线,滚动新闻中心,news.zol.com.cn,2
BwdG7BXdPx,AnonySec'Blog,,payloads.cn,10
DOvn8V7eEB,一方天地,,emmmme.com,10
1Vd5KqNo85,justfont blog,,blog.justfont.com,10
aqeEOr4v9R,亿破姐,,ypojie.com,10
x9ozqDKeXb,Patently Apple,每日最新,patentlyapple.com,2
6YoVrEGoZa,BigQuant,研报&论文,bigquant.com,6
YKd6MLbvaP,CNU视觉联盟,最新,cnu.cc,2
Dgey1Z5eZq,出海网,出海快讯,chwang.com,2
1Vd5PAWv85,旗帜网,大政方针,qizhiwang.org.cn,9
2KeDNDXvNP,旗帜网,读书修心,qizhiwang.org.cn,9
YqoXgDPeOD,超理论坛,首页推荐,chaoli.club,4
aqeEZJxo9R,沈阳日报,电子报,syrb.epaper.syd.com.cn,12
ARe1WNZv7n,信息时报,电子报,epaper.xxsb.com,12
47o8blDdMm,华西都市报,电子报,wccdaily.com.cn,12
YKd6GzJeaP,有方,,archiposition.com,13
YqoXKKXeOD,中央纪委国家监委网站,文化,ccdi.gov.cn,9
MZd7zaGvrO,中华人民共和国最高人民法院,办事服务,court.gov.cn,9
4MdAxkNvxD,中共中央网络安全和信息化委员会办公室,信息化,cac.gov.cn,9
DOvn6MyvEB,中共中央网络安全和信息化委员会办公室,合作交流,cac.gov.cn,9
12ow4MkvNV,中华人民共和国外交部,发表文章,fmprc.gov.cn,9
RrvWBwDo5z,清华大学 TUNA 协会,,tuna.moe,10
Ywv4a3xdPa,中国工业报,电子报,dzb.cinn.cn,12
47o8bkjdMm,青年参考,电子报,qnck.cyol.com,12
3adqM8Ldng,辽沈晚报,电子报,epaper.lnd.com.cn,12
6YoVlg7dZa,周口晚报,电子报,wb.zhld.com,12
DOvnzZ2vEB,华夏酒报,电子报,hxjb.shm.com.cn,12
pQvN788dNE,半月谈,民生话题,banyuetan.org,1
12ow5lwdNV,Java for You,,java4u.cn,10
zQ0orqDe8B,I'm TualatriX,,imtx.me,10
MZd7xqOerO,小兵下载站,,7xiazai.com,10
7Gdab4QeQy,ShrekShao,,shrekshao.github.io,10
RrvWOLxv5z,Frytea’ blog,,blog.frytea.com,10
4qv9bK5daK,1A23 Studio,,1a23.com,10
DOvnNA2vEB,Jack Liu博客,,jack-liu.com,10
yjvQDAzobg,Kuricat's Blog,,kuricat.com,10
pQvNX8zeNE,strongwong's Blog,,blog.strongwong.top,10
ENeYQwqeY4,Trance Podcasts,,trancepodcasts.com,10
aqeE3Lrv9R,CNMO,人工智能,ai.cnmo.com,2
anopN2qdlZ,海报新闻,海报热榜,hb.dzwww.com,1
aqeEMBDe9R,QQ音乐,MV榜,201.y.qq.com,3
x9ozJRJoXb,QQ音乐,DJ舞曲榜,63.y.qq.com,3
1VdJKQaeLQ,中华人民共和国国家卫生健康委员会,委内司局,nhc.gov.cn,9
3QeLkpBd7k,白鲸出海,本月热文,baijing.cn,7
ARe1j4qo7n,快手电商,月销热榜,kuaishou.com,5
YqoXPX8oOD,LINUX DO,今日热门话题,linux.do,7
ENeYympeY4,Oskyla 烹茶室,,frytea.com,10
JndkmwLo3V,抖音,文化教育榜,douyin.com,3
4qv9NE1daK,天下网商,热点,i.wshang.com,6
Ywv4A4WdPa,孤岛客,,huangjiwei.com,10
12owL3avNV,九秋笔记,,yejiuqiu.cn,10
qndgkKXdLl,Sebastian Neef - 0day.work,,0day.work,10
m4ej7KxoxE,简书 - Doria2016,,jianshu.com,10
MZd7PY6erO,Design + Sketch,,medium.com,10
12owq3JdNV,江苏省教育考试院,高考招考资料,jseea.cn,9
b0vm7DWeB1,中华人民共和国商务部,驻外机构,mofcom.gov.cn,9
MZd7zBpvrO,深圳大学研究生招生网,通知公告,szu.edu.cn,8
RrvWx0gd5z,WordPress智库,,wpzhiku.com,10
aEdZL1norO,segmentfault,后端热榜,segmentfault.com,7
6YoVxXadZa,Alen Komljen,,akomljen.com,10
aEdZLYOorO,Physics Forums | Science Article,,physicsforums.com,10
6YoVDzGdZa,Gates Notes,,gatesnotes.com,10
WmoODMmv4E,What's new,,terrytao.wordpress.com,10
12owr30eNV,洪卫の博客,,sunhwee.com,10
pQvNaYAoNE,MacRumors,Front Page,macrumors.com,2
x9ozqNxeXb,站酷 - 插画师白茶,,doudouliyoutang.zcool.com.cn,10
8Rv2jpBvLw,中国药科大学,研究生院 - 最新通知,cpu.edu.cn,8
BwdG2kavPx,中共中央网络安全和信息化委员会办公室,信息化工作动态,cac.gov.cn,9
wkvl6zgez1,中共中央网络安全和信息化委员会办公室,国际交流,cac.gov.cn,9
8Rv2jNDvLw,中共中央网络安全和信息化委员会办公室,广东省,cac.gov.cn,9
3QeLg9Ed7k,中共中央党史和文献研究院,宣传教育,dswxyjy.org.cn,9
3moB2W8oN5,华丽志,,luxe.co,10
wkvl6ggez1,河南省发展和改革委员会,新闻中心,fgw.henan.gov.cn,9
anopX0EolZ,ZAKER,美食,myzaker.com,1
proP8Vmoq6,Blow Studio,Works,blowstudio.es,7
MZd7a7GorO,青年报,电子报,why.com.cn,12
DgeyrRRoZq,海南日报,电子报,hnrb.hinews.cn,12
WmoOlZRv4E,中国城市报,电子报,zgcsb.paper.people.com.cn,12
Q0orPyDd8B,洪雨营销,,zhizhuowz.com,10
4qv9AlpvaK,开源派,,osp.io,10
7GdabOOeQy,微软亚洲研究院 MSRA,,msra.cn,10
qndg1VloLl,The Will Will Web,,blog.miniasp.com,10
b0vmlVqoB1,ISLAND on ISLAND,,youngxhui.top,10
12owWV0oNV,wujunze`s Blog,,wujunze.com,10
4qv9bq0daK,Wiken,,hehuapei.com,10
6YoVVO3oZa,Mr. PM 下午先生,,mrpm.cc,10
YKd6JrOdaP,xulihang's blog,,blog.xulihang.me,10
yjvQZqndbg,DasSur.ma,,dassur.ma,10
aqeE5APe9R,Twinsen Liang 腾讯,,twinsenliang.net,10
1Vd58n5v85,清竹茶馆博客,,blog.vadxq.com,10
2me39Zxvwj,HuoJu's BLOG,,jhuo.ca,10
3QeLpyJe7k,知乎专栏,知味,zhuanlan.zhihu.com,10
x9ozrkYoXb,财联社,解读 - 电报,cls.cn,6
6YoVymMeZa,网易人间,记事,renjian.163.com,1
VaobyZGeAj,抖音,时尚榜,douyin.com,3
wkvljZqez1,抖音,亲子榜,douyin.com,3
b0vmZlldB1,GitHub,Trending VBScript Today,github.com,7
nBe0y1yo37,中华人民共和国文化和旅游部,新闻发布会,mct.gov.cn,9
47o83ngeMm,国家体育总局,体育数据,sport.gov.cn,9
b0vmZMldB1,即刻圈子,你不知道的行业内幕,okjike.com,10
YqoXWM6eOD,中华人民共和国文化和旅游部,统计信息,mct.gov.cn,9
RrvWAjRe5z,中华人民共和国退役军人事务部,新闻发布,mva.gov.cn,9
MZd738GdrO,国家税务总局,媒体视点,chinatax.gov.cn,9
VaobZ28oAj,国家市场监督管理总局,总局文件,samr.gov.cn,9
pQvNyQBoNE,澎湃,人事风向,thepaper.cn,1
proP030oq6,拾月 SKYue's Home,,skyue.com,10
RrvWEOke5z,新京报,教育,bjnews.com.cn,1
1VdJlp0oLQ,ZAKER,娱乐,myzaker.com,3
ENeYm0jeY4,ZAKER,科学,myzaker.com,2
b0vmO1XeB1,武汉长江商报,电子报,changjiangtimes.com,12
Q0orB1Oo8B,中国黄金报,电子报,epaper.gold.org.cn,12
3QeL4Jze7k,大渡口报,电子报,ddkb.ddknews.gov.cn,12
KGoRZl2ol6,Eluyee个人博客,,eluyee.com,10
m4ejwV4oxE,东方财富网,重要资讯一览,finance.eastmoney.com,6
2KeD70EdNP,东方财富网,财经晚报,finance.eastmoney.com,6
m4ejqKgdxE,腾讯科技,滚动新闻,tech.qq.com,2
pQvNYxAoNE,KitPloit - PenTest Tools!,,kitploit.com,10
RrvWJO7o5z,中国科学院大学存济医学院,招生就业/硕士招生/通知通告,ac.cn,8
nBe0BEjv37,江苏省人民政府,政策解读,jiangsu.gov.cn,9
Dgey135eZq,抖音,动植物榜,douyin.com,3
m4ejbAVexE,思维|道长是名思维贩子,,jianshu.com,10
BwdG08jePx,黑鸟博客,,guihet.com,10
KGoRA65el6,Design Milk,,design-milk.com,10
0MdKaq6ow1,GitHub,Trending HTML Monthly,github.com,7
ENeY0R6dY4,iTimothy,,xiaozhou.net,10
7GdabEQeQy,Nic Lin's Blog,,blog.niclin.tw,10
DOvnNblvEB,Nico,,blog.inico.me,10
3adqQ3ldng,chai2010 的博客,,chai2010.cn,10
2KeDGKQdNP,橙光笔记,,kai666666.top,10
YqoXl3KoOD,知乎专栏,吃很重要,zhuanlan.zhihu.com,10
pQvN8ZVeNE,BitKan,快讯,bitkan.com,6
WmoOzkOe4E,快科技,本月最热,mydrivers.com,2
1VdJK7ZeLQ,中华人民共和国国家发展和改革委员会,政务公开 > 政策 > 其他,ndrc.gov.cn,9
yjvQWqjebg,中华人民共和国国家卫生健康委员会,规范性文件,nhc.gov.cn,9
3QeLw1Pd7k,国务院国有资产监督管理委员会,新闻,sasac.gov.cn,9
JndkZYyv3V,国家市场监督管理总局,总局新闻,samr.gov.cn,9
nBe0mGzo37,中文非虚构报道,所有报道,feixugou.news.blog,1
KGoREA2el6,智源社区,最热,hub.baai.ac.cn,7
ARe1mjpe7n,中共中央台湾工作办公室,交流交往,gwytb.gov.cn,9
anopyB9vlZ,中共中央台湾工作办公室,部门涉台,gwytb.gov.cn,9
Ywv40lavPa,Panic Blog,,panic.com,10
nBe0WPbd37,江苏法治报,电子报,jsfzb.xhby.net,12
12owmkrdNV,惠州日报,电子报,e.hznews.com,12
Jndk0VQe3V,贵州日报,电子报,szb.gzrbs.com.cn,12
47o89GrvMm,博客园,新闻推荐,news.cnblogs.com,7
x9oz206oXb,封面,热搜,thecover.cn,1
12owJ5weNV,腾讯早报,汽车早报,z.news.qq.com,2
MZd7M2DorO,知乎专栏,新媒体必备Chrome 插件扩展,zhuanlan.zhihu.com,10
7GdaDB2vQy,Files ≈ Packet Storm,,packetstormsecurity.com,10
4Kvx09Evkx,EK,,jivoi.github.io,10
2KeD1LDoNP,Geeks rejoice,,cornerpirate.com,10
b0vm7ZXeB1,ddadaal.me RSS,,ddadaal.me,10
12owq9ldNV,纽约文化沙龙,,nyshalong.com,10
4MdAjXbexD,视野法规库最新内容,,law.esnai.com,10
2KeDPpreNP,联合国,安理会否决了决议,research.un.org,9
4qv9XJ5oaK,Gitlab,Most stars,gitlab.com,7
YqoXNE0dOD,小众软件官方论坛,发现频道,meta.appinn.net,4
4qv9BnXdaK,羡辙杂俎 Blog of Wenli Zhang,,zhangwenli.com,10
12owrYaeNV,Stealthsploit,,stealthsploit.com,10
MZd7wOxdrO,IoTcat 呓喵酱,,eee.dog,10
1Vd5r08e85,北京教育考试院,自考快递,bjeea.cn,8
1Vd5PRNv85,武汉大学计算机学院,科研进展,whu.edu.cn,8
Q0or64Oo8B,以梦为马,,lhymwm.github.io,10
JndkZMLv3V,中华人民共和国住房和城乡建设部,政策解读,mohurd.gov.cn,9
4qv9VB1daK,中华人民共和国住房和城乡建设部,部发文件,mohurd.gov.cn,9
1Vd5Zw5e85,中华人民共和国文化和旅游部,公告,mct.gov.cn,9
1VdJK8neLQ,国务院国有资产监督管理委员会,国资监管,sasac.gov.cn,9
KGoRWQ1vl6,澎湃,中国政库,thepaper.cn,1
6YoVWlKvZa,新浪财经头条,星空财富,cj.sina.cn,6
1VdJK2GeLQ,本地宝,重庆焦点资讯,cq.bendibao.com,1
b0vmZj6dB1,电视猫,热剧榜日榜,tvmao.com,3
4MdAk8boxD,第一电动网,首页推荐,d1ev.com,2
m4ejPXqvxE,Readhub,医疗产业,readhub.me,2
1Vd5O8No85,新浪热榜,旅游热榜,rank.sinanews.sina.cn,3
12owgB0oNV,竹白百科,新锐作品,open.zhubai.wiki,1
0MdKkx0dw1,鲸吼,生活热榜,jinghooo.com,3
proPENpvq6,博客园_Z.X,,cnblogs.com,10
x9ozQ7JeXb,Cat in Chinese,,chinese.catchen.me,10
1Vd5klNo85,轉個彎日誌,,blog.turn.tw,10
JndkEV5o3V,O3noBLOG,,blog.othree.net,10
DOvn391dEB,wuxinhua's Blog,,wuxinhua.com,10
6YoVwOBvZa,米课圈,最新精华,ask.imiker.com,4
b0vm34WeB1,博友圈,最新文章聚合,boyouquan.com,1
nBe0mXjo37,财经网,财经精选,caijing.com.cn,6
Ywv4NaWePa,AMZ123,跨境报告,amz123.com,6
KGoROl1vl6,中华人民共和国最高人民法院,法院建设,court.gov.cn,9
wkvl6A4ez1,旗帜网,实践探索,qizhiwang.org.cn,9
BwdGlmXePx,三湘都市报,电子报,sxdsb.epaper.voc.com.cn,12
Ywv4V8RePa,楚天快报,电子报,ctkbepaper.hubeidaily.net,12
DOvnmALoEB,EETOP 创芯网论坛,最新热门,bbs.eetop.cn,4
qndg44meLl,中央纪委国家监委网站,在线访谈,ccdi.gov.cn,9
ENeYEpjeY4,旗帜网,组织生活,qizhiwang.org.cn,9
8Rv2jV1vLw,建築討論,,medium.com,10
b0vm802oB1,運動視界 Sports Vision,,sportsv.net,10
pQvNjJNvNE,ArchDaily,,archdaily.cn,10
YqoXgl4eOD,DEV Community,Week Top,dev.to,7
0MdKlVpew1,Day One Journal Blog,,dayoneapp.com,10
47o8b10dMm,Simons Foundation,,simonsfoundation.org,10
1Vd5aZ5d85,中国改革报,电子报,cfgw.net.cn,12
anopX3KolZ,中国妇女报,电子报,paper.cnwomen.com.cn,12
BwdGlrjePx,人民公安报,电子报,epaper.cpd.com.cn,12
Jndk0xAe3V,生活报,电子报,shb.epaper.hljnews.cn,12
1VdJlEkoLQ,现代快报,电子报,dz.xdkb.net,12
Ywv4aRXdPa,汕头日报,电子报,strb.dahuawang.com,12
4MdAZPGexD,珠海特区报,电子报,zhuhaidaily.hizh.cn,12
m4ejJ83exE,乡村干部报,电子报,epaper.dxscg.com.cn,12
nBe0ARbo37,江南时报,电子报,jnsb.xhby.net,12
pQvN7aydNE,贵港日报,电子报,ggrb.ggnews.com.cn,12
WmoO7axo4E,合川日报,电子报,szb.jrhcw.com,12
Q0orPaOd8B,颇可网,7天人气榜,poco.cn,3
3QeL4bWe7k,中羽在线社区,最新热门,bbs.badmintoncn.com,4
Jndkp2Je3V,Seebug,近期最热漏洞,seebug.org,7
3adqQD5dng,4G Spaces,,blog.youxu.info,10
47o8QDwvMm,Agile Testing with Lisa Crispin,,lisacrispin.com,10
47o8RYrdMm,疯狂简报|MADBRiEF.COM,,madbrief.com,10
ARe1xD4d7n,北门清燕,,bmqy.net,10
DgeygA5vZq,myfreax,,myfreax.com,10
x9ozm1YeXb,知乎专栏,直男门诊,zhuanlan.zhihu.com,10
8Rv2YwKoLw,也就这样，,,type.so,10
KGoR1Z5el6,坚果云博客,,blog.jianguoyun.com,10
BwdGDgaePx,老薛主机,,laoxuehost.com,10
Q0orOE0v8B,闷瓜蛋子的BLOG,,fookwood.com,10
aEdZlkMorO,Google Student Blog,,students.googleblog.com,10
5PdMZpEemg,nikic's blog,,nikic.github.io,10
aEdZlYBorO,好记性不如烂键盘,,blog.parryqiu.com,10
aqeE1xDe9R,二丫讲梵,,eryajf.net,10
3adqyWydng,四火的唠叨,,raychase.net,10
4Kvx8P0vkx,飞刀博客,,feidaoboke.com,10
ENeYarweY4,南京市人民政府,民生信息,nanjing.gov.cn,9
1Vd5Pg7v85,中国地质大学(武汉)地理与信息工程学院,综合通知公告,cug.edu.cn,8
1Vd5ZxYe85,GitHub,Trending V Today,github.com,7
aqeEzago9R,GitHub,Trending Vala Today,github.com,7
WmoOW2Bo4E,中华人民共和国财政部,通知通告,mof.gov.cn,9
yjvQW8jebg,中华人民共和国生态环境部,环境要闻,mee.gov.cn,9
RrvWAGDe5z,国家市场监督管理总局,媒体聚焦,samr.gov.cn,9
1VdJKZ0eLQ,新浪财经头条,市值风云,cj.sina.cn,6
6YoVW7BvZa,CoinDesk,Today,coindesk.com,6
DOvnl9peEB,自考鸭,最新动态,zikaoya.com,1
2me336Zewj,人人都是产品经理,创业学院,woshipm.com,7
aqeEzPlo9R,澎湃,科技,thepaper.cn,2
0MdKkV0dw1,竹白,TOP20,analy.zhubai.wiki,2
ARe1jBpo7n,财联社,环球,cls.cn,6
aqeEmKMe9R,智通财经,要闻,zhitongcaijing.com,6
wkvljbkez1,网易人间,特写,renjian.163.com,1
yjvQJ2adbg,微信读书,神作潜力榜,weread.qq.com,3
KGoRwa5vl6,AcFun,全站综合榜(三日),acfun.cn,3
7GdagBOoQy,博客园_逆向与安全,,cnblogs.com,10
3moBR4MoN5,Rasta Mouse,,rastamouse.me,10
VaobaKBeAj,中国驻德国大使馆,重要通知,de.chineseembassy.org,9
qndgWALdLl,中华人民共和国商务部,各地特办,mofcom.gov.cn,9
BwdG2QJvPx,上海交通大学电子信息与电气工程学院学生办,奖学金,bjwb.seiee.sjtu.edu.cn,8
KGoROG2vl6,上海立信会计金融学院财税与公共管理学院,通知公告,lixin.edu.cn,8
Jndk6YZv3V,重庆大学数学与统计学院,学院活动,cqu.edu.cn,8
YqoXKbXeOD,中国政府网,音频,gov.cn,9
Ywv40aMvPa,中华人民共和国最高人民法院,巡回法庭,court.gov.cn,9
3moB2NPoN5,中共中央网络安全和信息化委员会办公室,江西省,cac.gov.cn,9
qndg4zWeLl,极客玩家大白,,geekplayers.com,10
Q0or615o8B,风之暇想,,fzxx.xyz,10
proP0lloq6,北京卫健委,通知公告,wjw.beijing.gov.cn,9
anopXyZolZ,Lawrence's Blog,,lawrenceli.me,10
2me3AZEvwj,半岛晨报,电子报,ep.bdcb.cn,12
wkvlP0yvz1,中国航空报,电子报,ep.cannews.com.cn,12
4KvxBplekx,信阳晚报,电子报,wanbao.xyxww.com.cn,12
YKd6GWmeaP,马督工 的 bilibili 空间,,space.bilibili.com,10
3moBPM8dN5,HotHardware.com News Rss Feed,,hothardware.com,10
JndkpkLe3V,鱼的后花园 软件更新,,fishlee.net,10
4qv9bxndaK,idea's blog,,ideawu.net,10
47o8QWrvMm,China Daily,双语,language.chinadaily.com.cn,1
proPWEneq6,GitHub,Trending TeX Today,github.com,7
12owDXwvNV,中华人民共和国人力资源和社会保障部,公告公示,mohrss.gov.cn,9
aqeEzY4o9R,国家核安全局,核安全资讯,nnsa.mee.gov.cn,9
Q0or385v8B,NGA,晴风村,nga.178.com,4
4KvxyZPdkx,新浪财经头条,雪球见地,cj.sina.cn,6
RrvWAEke5z,新浪财经头条,智谷趋势,cj.sina.cn,6
47o836DeMm,中央电视台,经济信息联播,tv.cctv.com,1
pQvN82zeNE,品观网,最新文章,pinguan.com,2
Ywv47rXoPa,全国教育辟谣平台,今日辟谣,jypy.jyb.cn,1
MZd7zLYvrO,中共中央网络安全和信息化委员会办公室,治理监管,cac.gov.cn,9
2me3r0bdwj,中共中央网络安全和信息化委员会办公室,网络传播,cac.gov.cn,9
5PdMmXadmg,中共中央网络安全和信息化委员会办公室,北京市,cac.gov.cn,9
anopyNEvlZ,旗帜网,旗帜论坛,qizhiwang.org.cn,9
qndg4lZeLl,中共中央党史和文献研究院,时政要闻,dswxyjy.org.cn,9
ARe1mDle7n,中华人民共和国外交部,演讲采访,fmprc.gov.cn,9
3adq65meng,郑州市人民政府,郑政,public.zhengzhou.gov.cn,9
6YoVlPGdZa,半月谈,国际,banyuetan.org,1
6YoVlqKdZa,CSDN博客,PHP热榜,blog.csdn.net,7
4MdAZD1exD,燕赵都市报,电子报,yzdsb.hebnews.cn,12
qndgg9pdLl,沈阳晚报,电子报,sywb.epaper.syd.com.cn,12
qndggnLdLl,江南晚报,电子报,jnwb.szb.wxrb.com,12
BwdGlWMePx,新法制报,电子报,xfzb.epaper.jxnews.com.cn,12
nBe0WqBd37,云南信息报,电子报,ynxxb.com,12
b0vmO92eB1,兰州日报,电子报,lzrb.lzbs.com.cn,12
3moBPxPdN5,湛江晚报,电子报,paper.gdzjdaily.com.cn,12
1Vd52KMe85,三门峡日报西部晨风,电子报,xbcf.szb.ismx.cn,12
MZd72kDvrO,揭阳日报,电子报,jyrb.jynews.net,12
12ow5YJdNV,CNET,Today,cnet.com,2
4MdAkmloxD,霂明坊,分享发现,mumingfang.com,4
Q0orL7Zd8B,中华网,地产财经频道,finance.china.com,6
4qv9N21daK,抖音,校园榜,douyin.com,3
Q0orLRZd8B,BBX,ETH快讯,bbx.cash,6
6YoVx7MdZa,结构分析、CAD Autolisp技术、软件使用技巧,,chenqj.blogspot.com,10
proPQzBvq6,人人都是产品经理,交互体验,woshipm.com,2
2KeD1DMoNP,掘墓人的小铲子g,,juemuren4449.com,10
6YoVpbNdZa,NASM Blog,,blog.nasm.org,10
anopDQ0olZ,Core dump overflow,,chousensha.github.io,10
anop749elZ,南京市人民政府,部门动态,nanjing.gov.cn,9
RrvWBVgo5z,四川大学学工部,通知公告,scu.edu.cn,8
qndgZ1xvLl,GitHub,Trending VBA Today,github.com,7
aEdZWQMerO,国家体育总局,总局动态,sport.gov.cn,9
nBe0ynQo37,中国汽车工业协会,相关公示,caam.org.cn,9
4qv9V65daK,大佬论坛,最新发布,dalao.net,4
qndgZMxvLl,即刻圈子,产品经理的日常,okjike.com,10
1VdJKm0eLQ,CNX SOFTWARE,中文站,cnx-software.cn,2
Dgey3pMvZq,京报网,新闻滚动,bjd.com.cn,1
nBe0mAbo37,首席安全官,最新文章,cncso.com,7
aEdZM3qvrO,中国法院网,案例点评,chinacourt.org,9
YqoXP3xoOD,京东,京东漏洞单,jd.com,5
47o8EOqvMm,Telegram 中文支援站,,telegram.how,10
3adqR3Zeng,心海e站,,hrtsea.com,10
Q0orpL5d8B,山东大学经济学院,学术预告,sdu.edu.cn,8
4KvxE5ldkx,主机百科,,zhujiwiki.com,10
wkvlB1kez1,阿禅日记,,blog.kenengba.com,10
x9ozmYJeXb,新智派,,knewsmart.com,10
BwdG01jePx,Yuechuan Blog,,yuechuanx.top,10
0MdKVb4vw1,Grayson's blog,,blog.grayson.org.cn,10
m4ejxEyvxE,知乎专栏,沪江英语,zhuanlan.zhihu.com,10
Om4ejqgdxE,Chybeta,,chybeta.github.io,10
nBe0znzv37,学习|智能观,,space.bilibili.com,10
8Rv2YDwoLw,Joe's Blog,,hijiangtao.github.io,10
b0vmYGJvB1,Stack Overflow,Recent Questions,stackoverflow.com,7
MZd7Lb3erO,MANA,周榜,manamana.net,2
x9oz2jnoXb,中华网,国内新闻,news.china.com,1
0MdKz2avw1,线板酷,赚客吧,new.xianbao.fun,5
RrvWZ8Qo5z,链捕手,最新文章,chaincatcher.com,6
b0vm3WGeB1,央广网,房产,house.cnr.cn,1
DOvn66qvEB,中国政协网,理论研究,cppcc.gov.cn,9
Q0or66zo8B,中央纪委国家监委网站,新时代,ccdi.gov.cn,9
WmoOrrYe4E,中央纪委国家监委网站,字里行间,ccdi.gov.cn,9
Dgeyk3wvZq,中国长安网,案例指导,chinapeace.gov.cn,9
x9ozwrKvXb,中国长安网,河南,chinapeace.gov.cn,9
WmoOrBDe4E,中共中央网络安全和信息化委员会办公室,上海市,cac.gov.cn,9
YKd6O7KeaP,旗帜网,模范人物,qizhiwang.org.cn,9
8Rv2jDKvLw,中华人民共和国外交部,外交掠影,fmprc.gov.cn,9
DOvn69DvEB,Taokeplus,最新,taokeplus.com,10
2me3r1bdwj,郑州市人民政府,政府令,public.zhengzhou.gov.cn,9
5PdMlLEvmg,Simons Foundation,我们在读什么,simonsfoundation.org,2
Dgeyr8RoZq,有趣天文奇观,,interesting-sky.china-vo.org,10
aqeEZzgo9R,中国气象局,气象要闻,cma.gov.cn,9
RrvWEb1e5z,老年日报,电子报,lnrb.epaper.hljnews.cn,12
m4ejr4qexE,兰州晚报,电子报,lzwb.lzbs.com.cn,12
Q0orPO5d8B,新苏商,电子报,xinsushang.xhby.net,12
3moBPkydN5,电影最TOP 的 bilibili 空间,,space.bilibili.com,10
4Kvxyg9dkx,中华人民共和国国家卫生健康委员会,通知公告,nhc.gov.cn,9
4qv9VZbdaK,新浪财经头条,财经锐眼,cj.sina.cn,6
nBe0yQEo37,中新网,体育新闻,chinanews.com,3
aqeEzlgo9R,即刻圈子,职场那些事儿,okjike.com,10
ENeYW7RvY4,LessWrong,Curated,lesswrong.com,4
x9ozrmJoXb,洞见网安,微信聚合,wechat.doonsec.com,7
12owgPwoNV,工业和信息化部,政务公开,miit.gov.cn,9
anopBDKdlZ,中华人民共和国国家卫生健康委员会,法律法规,nhc.gov.cn,9
aqeEj2lo9R,LiesAuer's Blog,,liesauer.net,10
nBe0RDEv37,可乐博客,,cokemine.com,10
YKd65nwvaP,@Lenciel,,lenciel.com,10
aEdZL08orO,青梅嗅,,yuanqingfei.me,10
Q0or4l5d8B,the wandering potato 出遊的土豆,,thewanderingpotato.github.io,10
RrvWNWlo5z,Low-level Shenanigans,,ihack4falafel.github.io,10
Vaob9zPeAj,Andrew's Research,,blog.jmpesp.org,10
2KeD1AAoNP,Louiscard's Blog,,louiscards.com,10
ARe1ZmZo7n,只读,,rdonly.com,10
wkvl8P4vz1,Castiel's Blog,,ca3tie1.github.io,10
aqeEOxxv9R,中国国家认证认可监管管理员会,最新通知,cnca.gov.cn,9
ENeYa2jeY4,北京航空航天大学,综合新闻,buaa.edu.cn,8
ENeYE03eY4,上海交通大学电子信息与电气工程学院本科教务办,学术动态,bjwb.seiee.sjtu.edu.cn,8
qndg4OleLl,武汉大学新闻网,武大要闻,news.whu.edu.cn,8
YqoXDm4oOD,听得入迷,,blog.tdrme.cn,10
0MdKM7pow1,HCLonely,,blog.hclonely.com,10
qndgNpXvLl,随便瞎写,,blog.gaoyuexiang.cn,10
b0vmERXvB1,樵夫的小站,,geofftools.cn,10
m4ejq64dxE,静觅,,cuiqingcai.com,10
1Vd5K48o85,Ask Hacker News Weekly,,daemonology.net,10
8Rv2GQ1dLw,#!/slash/note,,leonjza.github.io,10
KGoRkaQvl6,Xiaoxia[PG],,xiaoxia.org,10
anop7MEelZ,大连海事大学,主页新闻,dlmu.edu.cn,8
yjvQP8Vobg,西安交通大学研究生院,通知公告,xjtu.edu.cn,8
proP0q4oq6,浙江大学,人物风采,zju.edu.cn,8
4qv9X95oaK,重庆大学数学与统计学院,学术活动,cqu.edu.cn,8
3QeL0axe7k,东方财富网,最新公告,finance.eastmoney.com,6
Q0orDKWd8B,东方财富网,盘后公告集锦,finance.eastmoney.com,6
4anopDEolZ,CTF Hacker,,ctfhacker.com,10
1Vd5x7Kv85,张宴的博客,,zyan.cc,10
nBe0zXDv37,刘未鹏,,mindhacks.cn,10
6YoVyPKeZa,证券时报网,数据资讯,stcn.com,6
RrvWy7Re5z,抖音,明星榜,douyin.com,3
VaobywGeAj,虎嗅网,晚报,huxiu.com,2
Q0or37Pv8B,中华人民共和国农业农村部,通知公告,moa.gov.cn,9
3moB0A9dN5,中华人民共和国文化和旅游部,部令,mct.gov.cn,9
MZd73GOdrO,中华人民共和国退役军人事务部,通知公告,mva.gov.cn,9
7GdaZAOeQy,网易专栏,人间,3g.163.com,1
proPW64eq6,中国汽车工业协会,协会文件,caam.org.cn,9
aqeEzLPo9R,海交史,东亚文史研究动态,haijiaoshi.com,1
x9ozrQJoXb,第一电动网,24小时热文榜,d1ev.com,2
proPkV4eq6,鲸吼,热榜,jinghooo.com,3
0MdKky0dw1,抖音电商,30天销量榜,douyin.com,5
RrvW0axd5z,Odaily星球日报,每日头条,odaily.news,6
wkvl66jez1,中国政协网,地方政协,cppcc.gov.cn,9
1VdJZZndLQ,中央纪委国家监委网站,人物,ccdi.gov.cn,9
3moB20EoN5,中共中央对外联络部,外事会见,idcpc.org.cn,9
2me3rDkdwj,旗帜网,知识讲座,qizhiwang.org.cn,9
wkvl6Vrez1,Designspiration,Popular,designspiration.com,13
pQvNlG9eNE,ZAKER,权威发布,myzaker.com,1
7GdaX0LvQy,武汉市人事考试院,招聘信息,whptc.org,9
anopXNkolZ,重庆晚报,电子报,cqwb.com.cn,12
3adqMV5dng,贵阳日报,电子报,epaper.gywb.cn,12
MZd72B3vrO,上海法治报,电子报,shfzb.com.cn,12
YKd6GRzeaP,泰安日报,电子报,my0538.com,12
4qv92xqdaK,金鹰报,电子报,jyb.epaper.voc.com.cn,12
4MdA0wZvxD,中华人民共和国工业和信息化部,工信提案复文,miit.gov.cn,9
4KvxZZ7ekx,中华人民共和国最高人民法院,机构设置,court.gov.cn,9
nBe0gmjd37,中国长安网,云南,chinapeace.gov.cn,9
x9ozw2YvXb,中共中央网络安全和信息化委员会办公室,江苏省,cac.gov.cn,9
1VdJZOkdLQ,中共中央网络安全和信息化委员会办公室,河南省,cac.gov.cn,9
pQvNj5mvNE,中共中央网络安全和信息化委员会办公室,四川省,cac.gov.cn,9
7GdazyYeQy,中共中央网络安全和信息化委员会办公室,云南省,cac.gov.cn,9
b0vm812oB1,基本読書,,huyukiitoichi.hatenadiary.jp,10
proP02loq6,中国人民大学研究生招生网,硕士招生,ruc.edu.cn,8
DOvnzjyvEB,河南省住房和城乡建设厅,政务动态,hnjs.henan.gov.cn,9
YqoXgYKeOD,FLiPER – 生活藝文誌,,flipermag.com,10
wkvlPRgvz1,半月谈,科技,banyuetan.org,2
anopXAyolZ,高原石博客,,gaoyuanshi.com,10
MZd7aE3orO,内蒙古日报,电子报,szb.northnews.cn,12
4MdAZ4NexD,美术报,电子报,msb.zjol.com.cn,12
3QeLl2ze7k,南方农村报,电子报,epaper.nfncb.cn,12
x9oz0VndXb,四川法治报,电子报,dzb.scfzbs.com,12
pQvNl3NeNE,生活晚报,电子报,shwb.bingtuannet.com,12
6YoV7xNvZa,都市热报,电子报,szb.cqdsrb.com.cn,12
WmoO74Yo4E,光明网,光明网评,guancha.gmw.cn,1
3adqZ8Zeng,MikeoPerfect's Diary,,blog.mikeoperfect.com,10
BwdGD5OePx,google - 专题 - 简书,,jianshu.com,10
3moBE8geN5,芜湖市人民政府,新闻中心,wuhu.gov.cn,9
m4ej8nxvxE,OMG! Ubuntu!,,omgubuntu.co.uk,10
RrvWD2Qd5z,zhang0peter-记录生活,,zhang0peter.com,10
Jndk4Jpe3V,V2EX,技术,v2ex.com,4
5PdMV1Eemg,木匣子,,blog.mutoo.im,10
3moBrmVoN5,UIGREAT,全部推荐作品,uigreat.com,13
yjvQxmPobg,浮云游子意 Floating Cloud on Journey,,leonson.me,10
3adq7Wmong,中国驻韩国大使馆,使馆活动,kr.china-embassy.org,9
3QeLJqWv7k,哈尔滨工业大学教务处,通知公告,hit.edu.cn,8
Jndk6KZv3V,Gitlab,Trending,gitlab.com,7
8Rv2x2ReLw,百度,热梗榜,baidu.com,3
x9ozb5JoXb,36氪,热议榜,36kr.com,2
aqeE37Pv9R,新华网,新华时评,news.cn,1
aqeEzjgo9R,中华人民共和国司法部,要闻,moj.gov.cn,9
aqeEzjVo9R,中华人民共和国司法部,政策解读,moj.gov.cn,9
RrvWAxRe5z,中华人民共和国住房和城乡建设部,标准规范,mohurd.gov.cn,9
12owDEwvNV,中华人民共和国国家卫生健康委员会,回应关切,nhc.gov.cn,9
8Rv2nBwvLw,中华人民共和国国家卫生健康委员会,工作通知,nhc.gov.cn,9
proPW8meq6,掘金,全站最新,juejin.cn,7
WmoOW6mo4E,中国汽车工业协会,会议通知,caam.org.cn,9
pQvNy6NoNE,乘联会,车市解读,cpcaauto.com,9
JndkZkAv3V,InfoQ,Today,infoq.com,7
3moBlW8dN5,偷懒爱好者周刊,,echosoar.github.io,10
3QeLLZEe7k,乌拉邦研报,个股研报,ulapia.com,6
5PdMXVpvmg,Foresight News,文章,foresightnews.pro,6
Ywv4NVxePa,抖音,二次元榜,douyin.com,3
ENeYy9keY4,AcFun,科技榜,acfun.cn,3
Ywv4NraePa,观点网,头条新闻,guandian.cn,1
yjvQkG4ebg,财联社,汽车,cls.cn,6
7GdawQYoQy,财联社,科创,cls.cn,6
qndgybZoLl,前瞻经济学人,周排行,qianzhan.com,6
3moBNzyoN5,乌拉邦研报,宏观研报,ulapia.com,6
7Gday12dQy,豆瓣,实时热门电影,douban.com,3
47o8kKXeMm,Memo,精选文章,vcsmemo.com,2
nBe0Ng1v37,南风线报,每日福利,nfxb.online,5
YqoXl7xoOD,天融信阿尔法实验室,,blog.topsec.com.cn,10
YKd65VjvaP,伪架构师,,blog.fleeto.us,10
BwdGLaaePx,中国驻法国大使馆,重要通知,fr.chineseembassy.org,9
aqeEOPMv9R,北京邮电大学研究生院,通知公告,bupt.edu.cn,8
b0vm8wqoB1,浙江大学,科学头条,zju.edu.cn,8
3QeLgRxd7k,峰华前端工程师,,zxuqian.cn,10
YqoXKZ0eOD,文艺数学君,,mathpretty.com,10
m4ej6qxexE,渚碧,,jubeny.com,10
b0vm8OJoB1,中国文明网,原创评论,wenming.cn,9
8Rv2jxKvLw,旗帜网,学习进行时,qizhiwang.org.cn,9
yjvQPXnobg,旗帜网,讲党课,qizhiwang.org.cn,9
aEdZgA8erO,旗帜网,理论思考,qizhiwang.org.cn,9
m4ej6AgexE,中共中央党史和文献研究院,理论研究,dswxyjy.org.cn,9
anopXXBolZ,中南财经政法大学教务部,通知公告.学生,zuel.edu.cn,8
47o8b9wdMm,北京城市副中心报,电子报,fzxb.bjrbdzb.bjd.com.cn,12
YKd6aBzvaP,黑龙江日报,电子报,hljrb.epaper.hljnews.cn,12
anopXK0olZ,楚天都市报副刊,电子报,ctdsbepaper.hubeidaily.net,12
Q0orB2Zo8B,东莞日报,电子报,epaper.timedg.com,12
proP8m0oq6,红河日报,电子报,epaper.hh.cn,12
7GdaX3LvQy,中国有色金属报,电子报,paper.cnmn.com.cn,12
yjvQ7ZPebg,浙江法制报,电子报,zjfzb.zjol.com.cn,12
12ow5EJdNV,福州晚报·海外版,电子报,fzwb.mag.fznews.com.cn,12
MZd72plvrO,夜雨聆风,,yeyulingfeng.com,10
VaobJkOoAj,iThome 新聞,,ithome.com.tw,10
3adqQKMdng,山水网金坛论坛,本周热帖,bbs.3sjt.com,4
12owBbleNV,软件 - midifan,,midifan.com,10
aEdZWZnerO,中华人民共和国公安部,新闻发布会,mps.gov.cn,9
8Rv2n6wvLw,中华人民共和国人力资源和社会保障部,地方动态,mohrss.gov.cn,9
YKd63LqeaP,中华人民共和国退役军人事务部,媒体报道,mva.gov.cn,9
aqeEzYVo9R,国家航天局,要闻动态,cnsa.gov.cn,9
x9oz3P7vXb,PHP Weekly,周刊,phpweekly.com,7
4MdArZLexD,新浪财经头条,中新经纬,cj.sina.cn,6
RrvWA1ge5z,INDIENOVA,,indienova.com,3
1Vd5ZbNe85,Aeon,Ideas,aeon.co,1
4MdArwNexD,新华网,体育新闻,sports.xinhuanet.com,3
4qv9VLqdaK,中国互动娱乐,明星,chnieg.com,3
qndgZEZvLl,北京商报网,首页推荐,bbtnews.com.cn,1
RrvW0qgd5z,國家地理雜誌中文網,文章總匯,natgeomedia.com,1
2KeD9GEoNP,电视猫,热剧榜周榜,tvmao.com,3
3QeLkwJd7k,百度,NBA焦点新闻,news.baidu.com,3
qndgjMlvLl,ADGuider,热门广告营销案例,adguider.com,7
1VdJkyqeLQ,抖音电商,7天销量榜,douyin.com,5
47o8Z8jdMm,Bloomberg,Markets,bloomberg.com,6
nBe02XEv37,快科技,24小时最热,mydrivers.com,2
anopa1RvlZ,2Libra 社区,今日热议,2libra.com,4
3QeL9AGo7k,AMZ123,跨境头条,amz123.com,6
3moBDzzdN5,东方财富网,停复牌,finance.eastmoney.com,6
WmoOrlYe4E,中共中央组织部,同学,12371.cn,9
7Gdaz0XeQy,中央统战部网站,时政要闻,zytzb.gov.cn,9
4KvxZy0ekx,中共中央对外联络部,政策文件,idcpc.org.cn,9
MZd7z7lvrO,旗帜网,以案明纪,qizhiwang.org.cn,9
aqeE29Mo9R,中共中央党史和文献研究院,贯彻落实,dswxyjy.org.cn,9
proP0y6oq6,中共中央党史和文献研究院,人物研究,dswxyjy.org.cn,9
4KvxZbPekx,中华人民共和国外交部,公众活动,fmprc.gov.cn,9
MZd7zKgvrO,Airbnb Design,,airbnb.design,10
MZd7z1xvrO,AnOther,,anothermag.com,10
nBe0Wy1d37,中国气象局,图片新闻,cma.gov.cn,9
DgeyrbKoZq,燕赵晚报,电子报,yzwb.sjzdaily.com.cn,12
1VdJJr0dLQ,Android Weekly Update,周刊,update.substack.com,7
YqoXVX4dOD,木鸟杂记,,qtmuniao.com,10
aEdZM7VvrO,理想股票技术论坛,最新发布,55188.com,4
x9oz2QMoXb,头条热榜,体育榜,toutiao.com,3
KGoRw1Qvl6,豆瓣,实时热门电视,douban.com,3
DOvnM8loEB,Memo,热门文章,vcsmemo.com,2
BwdGrXjvPx,抖音,才艺榜,douyin.com,3
proPK9neq6,聊城晚报,电子报,lcrb.lcxw.cn,12
4MdAKqNoxD,Shidenggui's blog,,shidenggui.com,10
aqeE134e9R,半月谈,基层治理,banyuetan.org,1
0MdKQPpow1,ZeroSec - Adventures In Informat,,blog.zsec.uk,10
DgeyPENdZq,FireShell Security Team,,fireshellsecurity.team,10
Jndk4kQe3V,培训师李参,,lishen.me,10
WmoOK1lo4E,浙大研究生院,全部公告,grs.zju.edu.cn,9
WmoOaxRd4E,跨界架构师-Zachary的自留地,,zacharyfan.com,10
m4ej7NyoxE,江苏省人民政府,部门资讯,jiangsu.gov.cn,9
1Vd5PR7v85,武汉大学新闻网,综合新闻,whu.edu.cn,8
BwdG2MwvPx,西南科技大学 计科学院,学术动态,swust.edu.cn,8
2me3rwZdwj,饿百零售开放平台,公告,open-retail.ele.me,9
3adqqRldng,GitHub,Trending Shell Today,github.com,7
b0vmZmAdB1,GitHub,Trending Svelte Today,github.com,7
nBe0yzEo37,GitHub,Trending Tcl Today,github.com,7
1Vd5ZRKe85,中华人民共和国司法部,新闻发布,moj.gov.cn,9
KGoRW1bvl6,中华人民共和国住房和城乡建设部,建设要闻,mohurd.gov.cn,9
MZd73XGdrO,澎湃,暖闻,thepaper.cn,1
5PdM1mldmg,中国教育考试网,全国四六级（CET）动态,neea.edu.cn,8
ENeYWbGvY4,七猫中文网,完结榜 ‧ 男生,qimao.com,3
4qv95bnvaK,七猫中文网,新书榜 ‧ 女生,qimao.com,3
X12owPJvNV,and-rev,,and-rev.blogspot.com,10
W1VdJBGdLQ,腾讯科恩实验室官方博客,,keenlab.tencent.com,10
wkvlMjpdz1,山东大学研究生院,学院动态,sdu.edu.cn,8
nBe0J3Ev37,五分钟学算法,,cxyxiaowu.com,10
proPGp6eq6,LFhacks.com,,lfhacks.com,10
1Vd58Wav85,Chores,,blog.raincorn.top,10
W1VdJY0vLQ,Corelan Team,,corelan.be,10
DOvnyYBoEB,漏洞银行丨0Daybank,,0daybank.org,10
4qv9b5rdaK,淮水安澜网,今日热帖,bbs.huainet.com,4
12owB9zeNV,追风逐雨,,shileiye.com,10
2KeD9j6oNP,INDIENOVA,开发,indienova.com,7
Q0orJK0o8B,格隆汇,热文周排行,gelonghui.com,6
2me301bowj,汇通财经,7x24小时快讯,fx678.com,6
m4ejgRgoxE,前瞻经济学人,最新文章,qianzhan.com,6
1Vd5NVWe85,乌拉邦研报,策略研报,ulapia.com,6
1VdJO10eLQ,乌拉邦研报,券商晨报,ulapia.com,6
ARe1A9ne7n,豆瓣,热门话题,douban.com,4
47o87zDeMm,联合早报,财经即时,zaobao.com,6
m4ejw4VoxE,人民网,人民论坛,opinion.people.com.cn,1
KGoR91bel6,U.Today,每日新闻通讯,u.today,6
aEdZggMerO,中国政协网,党派团体,cppcc.gov.cn,9
0MdKEE4ow1,中央纪委国家监委网站,公开课,ccdi.gov.cn,9
2KeDNZMvNP,中华人民共和国最高人民检察院,检察官风采,spp.gov.cn,9
qndg4gpeLl,中国文明网,领导活动,wenming.cn,9
RrvWBA1o5z,中国长安网,智能政法,chinapeace.gov.cn,9
4MdAxrlvxD,中国长安网,政法文化,chinapeace.gov.cn,9
aqeE2mjo9R,中共中央网络安全和信息化委员会办公室,天津市,cac.gov.cn,9
3QeLg0Ed7k,旗帜网,通知公告,qizhiwang.org.cn,9
VaobLlMdAj,陈仓颉,,imzm.im,10
6YoV5bBeZa,Sidebar,,sidebar.io,10
YKd6a9KvaP,新京报,科技,bjnews.com.cn,2
DOvnzX1vEB,信息早报,电子报,szb.infomorning.com,12
qndggmLdLl,嘉兴日报,电子报,jxrb.cnjxol.com,12
nBe0W65d37,周口日报,电子报,zhld.com,12
7GdaXOyvQy,晶报,电子报,jb.sznews.com,12
wkvlPaPvz1,淄博晚报,电子报,paper.zbnews.net,12
2me3AbZvwj,Stack Overflow Blog,,stackoverflow.blog,10
0MdKwOJdw1,海丝商报,电子报,hssb.fjdaily.com,12
qndg5DLoLl,四川民族教育报,电子报,mzjyb.abadaily.com,12
1Vd52gae85,泰州晚报,电子报,tzwb.sz.tznews.cn,12
MZd72jYvrO,孝感晚报,电子报,xgwb.szb.xgrb.cn,12
BwdG51goPx,安庆市卫生健康委员会,信息发布,wjw.anqing.gov.cn,9
qndg5mmoLl,VPS大玩家,,vpsdawanjia.com,10
proP745eq6,光明网,光明观察,guancha.gmw.cn,1
Q0or3QWv8B,GitHub,Trending SystemVerilog Today,github.com,7
3QeLwGxd7k,GitHub,Trending Twig Today,github.com,7
wkvlZMyez1,张建飞（Frank）,,blog.csdn.net,10
Ywv438xoPa,中华人民共和国退役军人事务部,地方动态,mva.gov.cn,9
4qv9V9rdaK,国家市场监督管理总局,地方新闻,samr.gov.cn,9
JndkZDVv3V,艾瑞网,艾瑞资讯,iresearch.cn,2
wkvlZP4ez1,新浪财经头条,红刊财经,cj.sina.cn,6
5PdM1E7dmg,即刻圈子,科技圈大小事,okjike.com,10
aqeEzqxo9R,美卡论坛,月榜,uscardforum.com,4
b0vmZ5XdB1,即刻圈子,职场那些事儿,okjike.com,10
x9oznzYoXb,inovex-Blog,,inovex.de,10
b0vmb9LdB1,Android Performance,,androidperformance.com,10
proPY4Ovq6,成都信息工程大学,综合新闻,cuit.edu.cn,9
1VdJY0GvLQ,bluescreenofjeff,,bluescreenofjeff.com,10
ENeYN9GoY4,Ingo Karstein,,blog.kenaro.com,10
yjvQYQavbg,Armin Ronacher,,lucumr.pocoo.org,10
MZd7PxPerO,Neocha,,neocha.com,10
Q0orqk0e8B,江苏省人民政府,市县动态,jiangsu.gov.cn,9
3adq7wxong,电子科技大学新闻中心,公告,uestc.edu.cn,8
nBe0BX5v37,江南大学教务处,通知公告,jiangnan.edu.cn,8
2me3r8Bdwj,南京邮电大学,教务快讯,njupt.edu.cn,8
YqoXKNxeOD,武汉大学新闻网,头条新闻,news.whu.edu.cn,8
yjvQPyzobg,博客园,候选区,cnblogs.com,7
3adqjgmeng,Android Developers Blog,,android-developers.googleblog.com,10
Q0or0k2d8B,一个坏掉的番茄,,tomotoes.com,10
Q0or46Wd8B,神代綺凜の萌化小基地,,moe.best,10
3moBRN9oN5,ChrAlpha 的幻想乡（博客）,,blog.ichr.me,10
YKd686goaP,gynvael.coldwind//vx.log (en),,gynvael.coldwind.pl,10
wkvl4pYvz1,HAHWUL,,hahwul.com,10
b0vm4xXoB1,Teddy Katz’s Blog,,blog.teddykatz.com,10
nBe0BZKv37,材料牛,,cailiaoniu.com,10
YqoXbV4dOD,不思君,,busijun.com,10
aqeEOzlv9R,欧雷流,,ourai.ws,10
qndgWrxdLl,Android-APK,,android-apk.com,10
Q0orqRPe8B,草泥马之家,,zcgonvh.com,10
3moBr1EoN5,北京卫健委,基层动态,wjw.beijing.gov.cn,9
qndgWpLdLl,江苏省人民政府,省政府常务会议,jiangsu.gov.cn,9
nBe0gRQd37,武汉大学新闻网,国际交流,news.whu.edu.cn,8
YKd6OLJeaP,西南科技大学教务处,创新创业教育,swust.edu.cn,8
ARe1mYne7n,中国药科大学,教务处 - 最新通知,cpu.edu.cn,8
qndgBR0vLl,人民网,人民观点,opinion.people.com.cn,1
n6YoV8GdZa,0x41414141 in ?? (),,abiondo.me,10
ENeYLVkdY4,Architecture – The Cool Hunter,,thecoolhunter.net,10
4MdAL7gvxD,郑泽鑫的博客,,zhengzexin.com,10
0MdKVyJvw1,知乎专栏,老鼠谝车,zhuanlan.zhihu.com,10
pQvNkwpdNE,Hacker News,热门,hn.buzzing.cc,7
4qv95WqvaK,国家金融与发展实验室,季报,nifd.cn,6
1Vd5NRMe85,华人头条,全球新闻,52hrtt.com,1
Jndkm5Po3V,网易专栏,槽值,3g.163.com,1
aqeEmQPe9R,网猴线报,24小时热门线报,iehou.com,5
aqeEm0le9R,Steam 免費遊戲情報站,限時免費,freesteam.games,3
ARe1ANZe7n,AcFun,生活榜,acfun.cn,3
proPWVkeq6,中华人民共和国财政部,财政文告,mof.gov.cn,9
VaobZpGoAj,中华人民共和国交通运输部,统计数据,mot.gov.cn,9
WmoOWqBo4E,中华人民共和国文化和旅游部,工作信息,mct.gov.cn,9
4MdArAgexD,中华人民共和国应急管理部,政策解读,mem.gov.cn,9
5PdM12Zdmg,国家航天局,国际合作,cnsa.gov.cn,9
2me33Qrewj,国家广播电视总局,政策解读,nrta.gov.cn,9
wkvlZqjez1,国家体育总局,通知公告,sport.gov.cn,9
pQvNyp9oNE,车东西,快讯,chedongxi.com,2
Ywv430poPa,新浪财经头条,财经国家,cj.sina.cn,6
3moB0PMdN5,大眼仔旭,,dayanzai.me,10
ENeYWykvY4,虎扑社区,股票区最新回复,bbs.hupu.com,4
Q0or3MWv8B,中新网,文化新闻,chinanews.com,1
KGoRWDzvl6,跳跳糖,安全与分享社区,tttang.com,7
4qv95VqvaK,i3综合社区,,i3zh.com,10
proP005oq6,中央纪委国家监委网站,聆听大家,ccdi.gov.cn,9
aEdZgjMerO,中华人民共和国最高人民检察院,专题,spp.gov.cn,9
proP0Wloq6,中国长安网,江西,chinapeace.gov.cn,9
ARe1W8pv7n,广州市黄埔区人民政府,政务要闻,hp.gov.cn,9
4Kvxj5Pekx,ZAKER,游戏,myzaker.com,3
4Kvxjnlekx,徐州日报,电子报,epaper.cnxz.com.cn,12
3adqMLxdng,信息日报,电子报,xxrb.epaper.jxnews.com.cn,12
aqeEZllo9R,河南商报,电子报,hnsb.newpaper.dahe.cn,12
3moBZyMoN5,南阳日报,电子报,epaper.01ny.cn,12
DOvnz2LvEB,湖北日报农村版*农村新报,电子报,ncxbepaper.hubeidaily.net,12
anopXG2olZ,兵团日报,电子报,epaper.bingtuannet.com,12
2KeDZn6vNP,小记者报,电子报,szb.21xc.com,12
YqoXg10eOD,中国冶金报,电子报,epaper.csteelnews.com,12
3adq0Dmvng,今日禅城,电子报,jrcc.epaper.fsonline.com.cn,12
wkvlEbgdz1,柳州晚报,电子报,lzwb.gxlznews.com,12
3QeL41Je7k,运城晚报,电子报,wb.epaper.sxycrb.com,12
2me32z0dwj,靖江日报,电子报,jjrb.cnepaper.com,12
4qv928XdaK,娄底日报,电子报,ldrb.ldnews.cn,12
x9ozJrxoXb,PCMAN的技术博客,,blog.bitipcman.com,10
12ow44zvNV,中央纪委国家监委网站,家书抵万金,ccdi.gov.cn,9
m4ej6rmexE,中共中央组织部,先进典型,12371.cn,9
WmoOryDe4E,中国长安网,陕西,chinapeace.gov.cn,9
0MdKEkJow1,中国长安网,月度排行,chinapeace.gov.cn,9
aEdZgMOerO,中共中央网络安全和信息化委员会办公室,网文推荐,cac.gov.cn,9
3QeLgLJd7k,中共中央网络安全和信息化委员会办公室,浙江省,cac.gov.cn,9
anopyO9vlZ,中共中央网络安全和信息化委员会办公室,广西壮族自治区,cac.gov.cn,9
Jndk6mVv3V,中共中央网络安全和信息化委员会办公室,新疆维吾尔自治区,cac.gov.cn,9
aEdZgyOerO,中共中央网络安全和信息化委员会办公室,信息化建设,cac.gov.cn,9
3QeLg0Jd7k,中国机构编制网,构建简约高效的基层管理体制,scopsr.gov.cn,9
ARe1mple7n,旗帜网,中心组学习,qizhiwang.org.cn,9
ENeYEAjeY4,中华人民共和国外交部,考察往来,fmprc.gov.cn,9
ARe1m96e7n,V2方圆,,v2fy.com,10
BwdG2zLvPx,Y4er的博客,,y4er.com,10
x9ozwRKvXb,北京理工大学研究生院,招生信息,bit.edu.cn,8
VaobLEndAj,大连理工大学研究生院,工作动态,dlut.edu.cn,8
KGoRlMQdl6,PRIEWIENV's blog,,blog.priewienv.me,10
yjvQl76obg,湖北省人事考试网,重要公告,hbsrsksy.cn,9
YqoXgyXeOD,现代物流报,电子报,news.xd56b.com,12
1VdJlM8oLQ,山西青年报,电子报,sxqnb.com.cn,12
1Vd5ayWd85,今日消费,电子报,jrxf.newpaper.dahe.cn,12
6YoVl4MdZa,珠江晚报,电子报,zjwb.hizh.cn,12
BwdGlPOePx,法制时报,电子报,fzsb.hinews.cn,12
anoprZ9dlZ,达州晚报,电子报,dzwb.dzrbs.com,12
YqoXVD4dOD,西双版纳报,电子报,epaper.bndaily.com,12
RrvW7Nlv5z,怀化日报,电子报,paper.0745news.cn,12
m4ejJLyexE,lowinli's blog,,lowin.li,10
4qv92OXdaK,卢克文工作室 的 bilibili 空间,,space.bilibili.com,10
G2me3Pbowj,(gdb) break *0x972,,blog.0x972.info,10
NaEdZ9OvrO,> root@saelo,,saelo.github.io,10
nBe0zD5v37,学习|小恐龙也是大学霸,,space.bilibili.com,10
ARe1kbZv7n,iarch专筑,,iarch.cn,10
anopWLEelZ,伪医生律师,,chidd.net,10
6YoVVWwoZa,邵武在线,今日热帖,swzx.com,4
x9ozQaneXb,V2EX,交易,v2ex.com,4
ARe1QN7e7n,中国日报,双语新闻,language.chinadaily.com.cn,1
x9ozQDxeXb,Linux公社 - Linux系统门户网站,,linuxidc.com,10
MZd7BgDvrO,某人的栖息地,,ooso.net,10
Jndkaxyo3V,财新网,国际新闻世界频道,international.caixin.com,6
4qv9BP1daK,Minimalissimo,,minimalissimo.com,10
WmoO8Ebv4E,Wait But Why,,waitbutwhy.com,10
47o8KggeMm,Algorithms Weekly,,petr-mitrichev.blogspot.com,10
YKd682boaP,61’s life,,61.life,10
qndgk2ldLl,米扑博客,,blog.mimvp.com,10
WmoOK4Yo4E,电脑知识收藏夹,,x2009.net,10
47o8OQ2eMm,ScienceDaily,Latest Science News,sciencedaily.com,2
3QeLJnJv7k,中国驻旧金山领事馆,重要通知,chinaconsulatesf.org,9
BwdGLnaePx,中华人民共和国商务部,人事信息,mofcom.gov.cn,9
3QeLg1Bd7k,中国地质大学(武汉)研究生院,综合通知公告,cug.edu.cn,8
ENeYpn3dY4,哔哩哔哩,游戏榜,bilibili.com,3
proPLAnoq6,快科技,本周最热,mydrivers.com,2
aqeEzKro9R,GitHub,Trending Starlark Today,github.com,7
x9oz3BxvXb,GitHub,Trending TSQL Today,github.com,7
4MdArKgexD,中华人民共和国交通运输部,交通要闻,mot.gov.cn,9
6YoVWRDvZa,中国人民银行,分支机构动态,pbc.gov.cn,9
4MdAr51exD,国家市场监督管理总局,召回,samr.gov.cn,9
2KeDMJMoNP,RUNNINGJ,,runningj.top,10
aqeEzVjo9R,有道云笔记,学霸笔记最新动态,xueba.youdao.com,1
3QeLwyAd7k,站酷,影视编辑精选,zcool.com.cn,13
wkvlZQgez1,名车志,CARandDRIVER,caranddriver.com,3
4KvxyQEdkx,七猫中文网,新书榜 ‧ 男生,qimao.com,3
2me30Mzowj,篱笆网,石头记,libaclub.com,4
8Rv2rLDvLw,本地宝,南京焦点资讯,nj.bendibao.com,1
anopObEelZ,有知有行,知行黑板报,youzhiyouxing.cn,6
ENeYyJkeY4,SocialBeta,热榜案例一周,socialbeta.com,7
6YoVyWDeZa,抖音,三农榜,douyin.com,3
47o8k3jeMm,抖音,户外榜,douyin.com,3
nBe0NEEv37,瓦斯阅读,早报,q.qnmlgb.tech,1
x9oz2KMoXb,深潮TechFlow,7x24h快讯,techflowpost.com,6
0MdKzZ5vw1,乌拉邦研报,IPO研报,ulapia.com,6
MZd7NGDvrO,CNU视觉联盟,推荐,cnu.cc,2
4qv9NxPdaK,网易专栏,大国小民,3g.163.com,1
Vaobyp3eAj,网易专栏,下划线,3g.163.com,1
6YoVyQBeZa,异次元软件世界,限时免费,iplaysoft.com,10
aqeEjZPo9R,Science current issue,,science.sciencemag.org,10
pQvN27yvNE,知乎专栏,为了不折腾而去折腾的那些事,zhuanlan.zhihu.com,10
RrvWxLQd5z,第七星尘的独立博客,,blog.star7th.com,10
nBe0ZrDv37,Joway's Blog,,blog.joway.io,10
3moBJ1MoN5,iPotato,,ipotato.me,10
m4ejqp3dxE,JieJiSS' Blog,,blog.jiejiss.com,10
47o8KAQeMm,上海交通大学教务处,面向学生的通知,sjtu.edu.cn,8
Jndk427e3V,malweisse's corruptions,,andreafioraldi.github.io,10
RrvWJz1o5z,不点语书,,yjalifebook.com,10
YqoXbjKdOD,江苏省人民政府,立法意见征集,jiangsu.gov.cn,9
b0vm75LeB1,东北大学新闻网,东大要闻,neu.edu.cn,8
aqeEOLlv9R,华中师范大学研究生院,通知公告,ccnu.edu.cn,8
RrvWBG7o5z,重庆大学数学与统计学院,学院公告,cqu.edu.cn,8
3adq66Meng,中国政协网,委员建言,cppcc.gov.cn,9
4qv9XZroaK,中华人民共和国最高人民检察院,图片,spp.gov.cn,9
3adq6MMeng,中华人民共和国最高人民检察院,直播访谈,spp.gov.cn,9
Q0or6Bzo8B,中共中央组织部,优秀课程,12371.cn,9
ENeYEWZeY4,中共中央对外联络部,世界政党,idcpc.org.cn,9
b0vm8ZJoB1,中国长安网,江苏,chinapeace.gov.cn,9
1Vd5PNav85,中共中央网络安全和信息化委员会办公室,福建省,cac.gov.cn,9
4KvxZwlekx,中共中央网络安全和信息化委员会办公室,海南省,cac.gov.cn,9
KGoROzQvl6,建築イベント情報 - 建築系検索エンジンKenKen! -,,kenchikukenken.co.jp,10
YKd6OQweaP,乌托邦是个理想国,,shenyongfan.com,10
Q0orBn0o8B,南通日报,电子报,zgnt.net,12
ENeYm4jeY4,海峡导报,电子报,epaper.taihainet.com,12
2KeDZWXvNP,九江日报,电子报,jjrb.jjxw.cn,12
YqoXg54eOD,农村大众,电子报,paper.dzwww.com,12
proP836oq6,河南日报农村版,电子报,hnrbncb.newpaper.dahe.cn,12
4qv9ZR5daK,中国美术家协会,公告通知,caanet.org.cn,9
yjvQlGjobg,联合时报,电子报,lhsb.cnepaper.com,12
wkvlENpdz1,重庆科技报,电子报,kjb.epaper.cqrb.cn,12
YqoXVMKdOD,安徽日报农村版,电子报,ncb.szb.ahnews.com.cn,12
2KeDzQ5vNP,玉林晚报,电子报,ylwb.epaper.gxylnews.com,12
MZd72XlvrO,四川工人日报,电子报,dzb.51grb.com,12
6YoV70KvZa,忻州晚报,电子报,szb.xzrbw.com,12
12ow5PadNV,浔阳晚报,电子报,xywb.jjxw.cn,12
WnBe0Mjo37,c0nradsc0rner,,c0nradsc0rner.com,10
WnBe0MDo37,ClevCode,,clevcode.org,10
Q0orQ4ze8B,Talk Python To Me - Python conve,,talkpython.fm,10
b0vmm36vB1,程序员|技匠,,jianshu.com,10
DOvnNKpvEB,Science Express TOC RSS Feed,,science.sciencemag.org,10
8Rv2Y70oLw,360 CERT,,cert.360.cn,10
qndg5YloLl,GitHub,Trending C Today,github.com,7
6YoVWP3vZa,GitHub,Trending Solidity Today,github.com,7
qndgZxVvLl,GitHub,Trending Stylus Today,github.com,7
BwdGX0gePx,中华人民共和国公安部,公安要闻,mps.gov.cn,9
m4ejZ2rexE,中华人民共和国农业农村部,财务公开,moa.gov.cn,9
ARe1354v7n,中华人民共和国国家卫生健康委员会,人事信息,nhc.gov.cn,9
7GdaZMpeQy,中华人民共和国国家卫生健康委员会,公示,nhc.gov.cn,9
KGoRWOxvl6,新浪财经头条,野马财经,cj.sina.cn,6
1VdJK3MeLQ,商文在线,加盟要闻,eswzx.com,1
5PdM1GGdmg,弱电智能网,弱电快讯,ruodian360.com,2
4MdArgGexD,InfoQ中国,推荐,infoq.cn,7
3QeLkpwd7k,新浪热榜,育儿热榜,rank.sinanews.sina.cn,3
6YoVrx7oZa,DoNews,Feed,donews.com,2
x9ozrLboXb,中华人民共和国教育部,教育要闻,moe.gov.cn,9
YKd6z6OdaP,定盘网,电商运营,dczgxj.com,7
2KeDME6oNP,GitHub,Trending Smali Today,github.com,7
nBe0yR1o37,中华人民共和国司法部,普法与依法治理,moj.gov.cn,9
aqeEzQVo9R,中华人民共和国水利部,水利要闻,mwr.gov.cn,9
4qv9Vx1daK,中华人民共和国应急管理部,法律法规标准,mem.gov.cn,9
2KeDM3QoNP,中华人民共和国应急管理部,应急要闻,mem.gov.cn,9
aqeEzR4o9R,国家体育总局,政策解读,sport.gov.cn,9
b0vmZKGdB1,国家体育总局,新闻发布会,sport.gov.cn,9
Dgey3PpvZq,宽带山,,kdslife.com,4
MZd73zldrO,新浪财经头条,阿尔法工场,cj.sina.cn,6
VaobZ5MoAj,新浪财经头条,一见财经,cj.sina.cn,6
2me33Akewj,新浪财经头条,新媒体,cj.sina.cn,6
DOvnlmLeEB,Bitcoin News,Today,news.bitcoin.com,6
VaobZnDoAj,北青网,滚动新闻,news.ynet.com,1
47o83GLeMm,直播吧,每日趣图——足球,news.zhibo8.com,3
m4ejPRVvxE,Nature,,feeds.nature.com,10
4qv952mvaK,HelloGithub,项目,hellogithub.com,7
YqoXPPKoOD,dbaplus社群,每日最新,dbaplus.cn,7
2KeD9yEoNP,中国法院网,法学首页,chinacourt.org,9
DgeyjW7oZq,月球背面,设计素材周刊,moonvy.com,13
proPk14eq6,笛卡 DizKaz,今日最佳,dizkaz.com,7
b0vmLXAoB1,数码之家,最新热门,mydigit.cn,4
1VdJZK8dLQ,中共中央对外联络部,联络动态,idcpc.org.cn,9
YKd6O3zeaP,中国长安网,市域治理,chinapeace.gov.cn,9
nBe0gybd37,中国长安网,福建,chinapeace.gov.cn,9
aqeE2kjo9R,中国长安网,广西,chinapeace.gov.cn,9
DgeykjpvZq,中共中央网络安全和信息化委员会办公室,网上正能量,cac.gov.cn,9
6YoV5yGeZa,中共中央网络安全和信息化委员会办公室,外事活动,cac.gov.cn,9
Q0or6D0o8B,中国机构编制网,公告,scopsr.gov.cn,9
anopyaEvlZ,中华人民共和国外交部,文化交流,fmprc.gov.cn,9
pQvNj89vNE,中华人民共和国外交部,侨务中资机构活动,fmprc.gov.cn,9
DgeykwBvZq,Dine News,,news.dinehq.net,10
aqeE2Xro9R,Facebook Design - Medium,,medium.com,10
proP09koq6,莱芜论坛,新帖,bbs.0634.com,4
1Vd5a8Wd85,DEV Community,Month Top,dev.to,7
1VdJl7GoLQ,DeepL Blog,,deepl.com,10
DgeyrKqoZq,Elmagnifico's Blog,,elmagnifico.tech,10
4MdAZkgexD,人民政协报,电子报,dzb.rmzxb.com,12
aEdZjK8drO,江南都市报,电子报,jndsb.epaper.jxnews.com.cn,12
Jndk0gpe3V,临沂日报,电子报,lyrb.langya.cn,12
DgeyrERoZq,江门日报,电子报,dzb.jmrb.com,12
aEdZj7BdrO,海南特区报,电子报,hntqb.com,12
WmoOlglv4E,大理日报,电子报,dalidaily.com,12
8Rv2ZY0vLw,内蒙古法制报,电子报,nmgfzb.cn,12
3QeL4MGe7k,濮阳日报,电子报,pyrb.pyxww.com,12
0MdKkq2dw1,LINUX DO,本周热门话题,linux.do,7
YqoXPrKoOD,财联社,提醒 - 电报,cls.cn,6
8Rv2rJDvLw,财联社,公司,cls.cn,6
7GdayK7dQy,摩点众筹,最新上线,zhongchou.modian.com,5
BwdGrMOvPx,网易专栏,谈心社,3g.163.com,1
5PdMX1Zvmg,抖音,公益榜,douyin.com,3
ENeYy7GeY4,微信读书,小说榜,weread.qq.com,3
3moBN4JoN5,TechCrunch,AI,techcrunch.com,2
3QeLL5ze7k,Last Week in AI,,lastweekin.ai,10
x9oznGboXb,华南理工大学教务处,通知公告,scut.edu.cn,8
anopmV9vlZ,古意人,,guyiren.com,10
7Gda1p7dQy,胡凯,,hukai.me,10
DOvnE7DoEB,weirane's blog,,weirane.github.io,10
proPQg6vq6,Mayx的博客,,mabbs.github.io,10
47o8KkjeMm,Jay Alammar,,jalammar.github.io,10
b0vm4NJoB1,Hwchiu Learning Note,,hwchiu.com,10
pQvNYzyoNE,read and go,,unee.wang,10
aqeE1bPe9R,monty12|博客,,yangsongwei.github.io,10
x9ozqEYeXb,江苏省人民政府,省政府及办公厅文件,jiangsu.gov.cn,9
DgeyDypdZq,中国驻新加坡大使馆,重要通知,sg.china-embassy.org,9
Q0or6pYo8B,山东大学能源与动力工程学院,学术动态,sdu.edu.cn,8
WmoOrVOe4E,中国农业大学研究生招生网,信息公开,cau.edu.cn,8
nBe0gpEd37,四川省科学技术厅,通知,kjt.sc.gov.cn,9
n3moBBPoN5,AloneMonkey,,alonemonkey.com,10
n4qv9rqdaK,bazad.github.io,,bazad.github.io,10
a5PdMZaemg,blog.dornea.nu,,blog.dornea.nu,10
JndkpJZe3V,极客湾Geekerwan 的 bilibili 空间,,space.bilibili.com,10
3adqQ73dng,站酷 - 牛MO王,,jr1985.zcool.com.cn,10
5PdMNV7emg,站酷 - 刘兵克,,liubingke.zcool.com.cn,10
proPB2kdq6,google - Dribbble,,dribbble.com,10
WmoOxjkv4E,はてな匿名ダイアリー,人気記事アーカイブ,anond.hatelabo.jp,4
ARe1x4pd7n,知乎专栏,最美的国度,zhuanlan.zhihu.com,10
yjvQZ34dbg,知乎专栏,女神进化论,zhuanlan.zhihu.com,10
YqoX268dOD,BBC,Business,bbc.co.uk,6
3adqN3zeng,同壁财经,财经快讯,tongbicapital.com,6
yjvQXMkobg,全球半导体观察,资讯,dramx.com,2
Jndk1qQo3V,AI TNT,AI产品热度榜单,aitntnews.com,2
RrvW1zle5z,华龙网,要闻,news.cqnews.net,1
1Vd5nw5e85,新浪财经,房产频道,finance.sina.com.cn,6
DgeyNONoZq,PANews,最新快讯,panewslab.com,6
4MdAkn1oxD,0818团,最新线报活动,0818tuan.com,5
aqeEkWjv9R,线报迷,最新活动线报,xianbaomi.com,5
4KvxwXPokx,证券时报网,要闻,stcn.com,6
5PdMXxlvmg,智通财经,沪深,zhitongcaijing.com,6
aqeEmale9R,头条热榜,房产榜,toutiao.com,1
8Rv2NBgvLw,SocialBeta,文章热榜,socialbeta.com,7
2me3N5Bdwj,网易专栏,胖编怪聊,3g.163.com,1
1VdJO8geLQ,AI开发者de频道,文章列表,techdiylife.github.io,10
Q0orLYWd8B,链捕手,最新内容,chaincatcher.com,6
Jndkm0Jo3V,AMZ123,跨境早报,amz123.com,6
pQvN5xyoNE,AcFun,影视榜,acfun.cn,3
proPKnneq6,天下网商,最新推荐,i.wshang.com,6
1Vd5ZVYe85,GitHub,Trending PowerShell Today,github.com,7
4MdAr83exD,GitHub,Trending Scala Today,github.com,7
BwdGXj8ePx,GitHub,Trending SCSS Today,github.com,7
aEdZW2VerO,GitHub,Trending Smalltalk Today,github.com,7
wkvlZxrez1,GitHub,Trending Smarty Today,github.com,7
WmoOW5Oo4E,GitHub,Trending Thrift Today,github.com,7
Dgey3m5vZq,中华人民共和国水利部,政策解读,mwr.gov.cn,9
x9oz3jbvXb,中华人民共和国文化和旅游部,直属单位,mct.gov.cn,9
3adqq2Zdng,中华人民共和国应急管理部,地方应急,mem.gov.cn,9
47o83rjeMm,中华人民共和国审计署,公告报告,audit.gov.cn,9
nBe0yZKo37,青柠学术,,qnscholar.gitee.io,10
qndgZgZvLl,麻辣社区,热榜,mala.cn,4
b0vmZzAdB1,中新网,大湾区,chinanews.com,1
2KeDMRroNP,那些免费的砖,,thosefree.com,10
anop3J0elZ,七猫中文网,大热榜 ‧ 男生,qimao.com,3
qndgZ0XvLl,即刻圈子,Web3研究所,okjike.com,10
aqeEkaDv9R,懂球帝,深度,dongqiudi.com,3
5PdMDMGvmg,光明网,理论频道,theory.gmw.cn,1
Ywv4PgzvPa,Hugging Face,Most likes Models,huggingface.co,7
4MdAxx1vxD,中国政协网,专委会工作,cppcc.gov.cn,9
2me3rrrdwj,中国政协网,视频,cppcc.gov.cn,9
47o8LLgoMm,中国政协网,政协概况,cppcc.gov.cn,9
m4ej66mexE,中央纪委国家监委网站,榜样,ccdi.gov.cn,9
nBe0gWKd37,中共中央组织部,课件节目,12371.cn,9
MZd7z33vrO,中国长安网,平安建设,chinapeace.gov.cn,9
4qv9XNqoaK,中共中央网络安全和信息化委员会办公室,新疆生产建设兵团,cac.gov.cn,9
RrvWBZko5z,旗帜网,驻村第一书记,qizhiwang.org.cn,9
x9ozw9MvXb,中共中央党史和文献研究院,对外翻译,dswxyjy.org.cn,9
x9ozwAMvXb,霂森西 | 櫻玲桉,,musenxi.com,10
12owmAJdNV,广州市黄埔区人民政府,热点关注,hp.gov.cn,9
2KeDZDMvNP,燕赵老年报,电子报,yzlnb.sjzdaily.com.cn,12
nBe0W4jd37,江海晚报,电子报,jhwbszb.zgnt.net,12
DOvnzY7vEB,梅州日报,电子报,mzrb.meizhou.cn,12
KGoRl3mdl6,哈尔滨新区报,电子报,hebxqb.epaper.hljnews.cn,12
2KeDZYPvNP,新余晚报,电子报,newsxy.com,12
ARe1286o7n,驻马店日报,电子报,zmdrb.zmdnews.cn,12
anoprpRdlZ,云南法制报,电子报,ynfzb.cn,12
YKd6GLweaP,三峡晚报,电子报,sxwbepaper.hubeidaily.net,12
nBe0A2Eo37,中国糖业协会,新闻要点,chinasugar.org.cn,9
3QeL47Pe7k,光明网,百家争鸣,guancha.gmw.cn,1
BwdG5y6oPx,零度解说,,freedidi.com,10
m4ejJ5VexE,Lei Mao's Log Book,,leimao.github.io,10
W1VdJgkeLQ,An7i Security,,an7isec.blogspot.com,10
KqndgkLdLl,Brendan Gregg's Blog,,brendangregg.com,10
1Vd5xpYv85,CODEXPCGames,,codexpcgames.com,10
aEdZ27ndrO,FreeMdict,,freemdict.com,10
3moBa8EeN5,反斗限免,iOS,free.apprcn.com,10
6YoVVbGoZa,恩山无线论坛,最新热门,right.com.cn,4
WmoO2Ebe4E,The Android Arsenal,,android-arsenal.com,10
wkvlNa4ez1,ChrAlpha 的幻想乡（博客）,,chralpha.com,10
4KvxKMEokx,pdf de calendar 2,,pdc2.u1m.biz,10
0MdKMq5ow1,中国日报,实用口语,language.chinadaily.com.cn,1
Q0or0EDd8B,编码妙♂妙♂屋,,skypyb.com,10
6YoVp6wdZa,Microsoft Research,,microsoft.com,10
x9ozOMKvXb,A State of Trance Archive,,asot.djradiosets.com,10
Q0orqQWe8B,edu邮箱资讯,,liout.com,10
3QeLJWJv7k,江苏省人民政府,规范性文件,jiangsu.gov.cn,9
RrvWJRko5z,北京科技大学天津学院,通知公告,ustb.edu.cn,8
WmoOaQbd4E,东北大学新闻网,学术动态,neu.edu.cn,8
aqeEOWlv9R,哈尔滨工程大学研究生院,通知公告,hrbeu.edu.cn,8
2KeDPODeNP,华南师范大学研究生院,通知公告,scnu.edu.cn,8
3QeLgZzd7k,南京航空航天大学教务处,教学服务,nuaa.edu.cn,8
1Vd5PkGv85,山东大学机械工程学院,教学信息,sdu.edu.cn,8
b0vm8bqoB1,武汉大学新闻网,媒体武大,whu.edu.cn,8
Q0or6bno8B,中北大学,中北新闻,nuc.edu.cn,8
KGoR1BDel6,朽木博客,,xiumu.org,10
1Vd5XLWv85,姬涛的个人网站,,jitao.tech,10
4qv98mroaK,in   theory,,lucatrevisan.wordpress.com,10
Q0or4WYd8B,Journal of the American Chemical Society,,pubs.acs.org,10
1VdJVGqdLQ,博客园_低级知识传播者,,cnblogs.com,10
WmoOagkd4E,上海立信会计金融学院,通知公告,lixin.edu.cn,8
Jndk7rpd3V,北京理工大学教务部,通知公告,bit.edu.cn,8
6YoV5PMeZa,清华大学,媒体清华,tsinghua.edu.cn,8
VaobZJOoAj,GitHub,Trending Scheme Today,github.com,7
2me338Zewj,GitHub,Trending ShaderLab Today,github.com,7
MZd73MOdrO,中华人民共和国住房和城乡建设部,地方信息,mohurd.gov.cn,9
2KeDMQQoNP,中华人民共和国水利部,规划计划,mwr.gov.cn,9
qndgZDWvLl,国家航天局,政策公告,cnsa.gov.cn,9
4Kvxyp7dkx,中华人民共和国海关总署,最新文件,customs.gov.cn,9
7GdaZDgeQy,澎湃,中南海,thepaper.cn,1
m4ejZ6gexE,可乐周报,,coke.do,10
ARe13mlv7n,新浪财经头条,犀牛财经,cj.sina.cn,6
Dgey3rMvZq,新浪财经头条,北京红竹,cj.sina.cn,6
WmoOWlEo4E,安全牛,,aqniu.com,10
3adqqXxdng,四川在线,滚动新闻,sichuan.scol.com.cn,1
3moBlEgdN5,鲸吼,书音影热榜,jinghooo.com,3
2me305zowj,CryptoPanic,News,cryptopanic.com,6
WmoOyWDd4E,央视网,NBA热门资讯,sports.cctv.com,3
x9ozr11oXb,京东,图书‧ 热销榜,jd.com,5
1Vd5AbKd85,BBC,Education & Family,bbc.co.uk,1
DOvnxALeEB,Enjoy出海,新闻资讯,enjoyglobal.net,7
7GdawJYoQy,本地宝,合肥焦点资讯,hf.bendibao.com,1
WmoOykDd4E,财联社,公司 - 电报,cls.cn,6
4Kvxm7ldkx,财联社,基金,cls.cn,6
ARe1A8le7n,有知有行,全部,youzhiyouxing.cn,6
Dgey1xMeZq,证券时报网,独家解读,stcn.com,6
wkvljx4ez1,智通财经,推荐,zhitongcaijing.com,6
0MdKza5vw1,爱Q生活网,最近更新,iqnew.com,5
anopOrKelZ,腾讯晚报,体育晚报,w.news.qq.com,1
nBe0Nyyv37,AI Business,最新推荐,aibusiness.com,2
MZd7N1DvrO,The Verge,AI,theverge.com,2
YqoXyaPvOD,The New Stack,Latest,thenewstack.io,7
0MdKzp6vw1,美股之家,最新文章,mg21.com,6
LBwdGwadPx,.Trash,,blog.tonkatsu.info,10
rDgeyJpoZq,[ robert swiecki's blog ],,blog.swiecki.net,10
a5PdMraemg,A Few Thoughts on Cryptographic,,blog.cryptographyengineering.com,10
DpQvN0meNE,Arne Swinnen's Security Blog,,arneswinnen.net,10
KMZd7mYorO,ASL IT SECURITY,,aslitsecurity.blogspot.com,10
YqoXQ86vOD,V2EX,首页最新,v2ex.com,4
proPEymvq6,学习|工具不要肉肉肉肉的,,space.bilibili.com,10
3QeLGBxd7k,中国科学技术大学教务处,通知新闻,ustc.edu.cn,8
KGoRArbel6,老殁 | 殁漂遥,,mpyit.com,10
47o8QkqvMm,山东大学党委研究生工作部,新闻聚焦,sdu.edu.cn,8
5PdMNBRemg,Science Advances current issue,,advances.sciencemag.org,10
2me39xbvwj,VLOG、科技、生活、乐分享,,vediotalk.com,10
KGoRGVQvl6,Codrops,,tympanus.net,10
Ywv4BM9ePa,CSS-Tricks,,css-tricks.com,10
MZd7B7OvrO,QiuQuan's Blog,,qiuquan.cc,10
DgeykkKvZq,中国政协网,委员讲堂,cppcc.gov.cn,9
b0vm88GoB1,中央纪委国家监委网站,2020,ccdi.gov.cn,9
0MdKEzJow1,中共中央网络安全和信息化委员会办公室,山东省,cac.gov.cn,9
MZd7zNYvrO,中共中央网络安全和信息化委员会办公室,陕西省,cac.gov.cn,9
x9ozwbMvXb,旗帜网,工作动态,qizhiwang.org.cn,9
7GdazP7eQy,旗帜网,反对“四风”,qizhiwang.org.cn,9
WmoOr4xe4E,HEAVEN RAVEN,,heavenraven.com,10
wkvl6LPez1,Concept Art World,,conceptartworld.com,10
aEdZgpMerO,Se7en's Blog,,se7ensec.cn,10
3moB2LEoN5,天津大学研究生招生网,统考硕士,tju.edu.cn,8
6YoVlGGdZa,河南省自然资源厅,动态,dnr.henan.gov.cn,9
3adqMPmdng,半月谈,文化,banyuetan.org,1
Ywv4a1pdPa,新京报,生活,bjnews.com.cn,1
BwdGl3aePx,浙江老年报,电子报,zjlnb.zjol.com.cn,12
pQvNlg9eNE,烟台日报,电子报,ytrb.shm.com.cn,12
Q0orBN2o8B,武汉科技报,电子报,kj.kexing100.com,12
wkvlPLYvz1,今日女报,电子报,jrnb.fengone.com,12
2me3AlBvwj,三亚日报,电子报,epaper.sanyarb.com.cn,12
2KeDzEMvNP,湛江日报,电子报,paper.gdzjdaily.com.cn,12
5PdMMLGdmg,沧州晚报,电子报,czwb.bohaitoday.com,12
1Vd52wae85,安徽法制报,电子报,fzb.szb.ahnews.com.cn,12
5PdMMwldmg,黄海晨刊,电子报,hhcb.epaper.rznews.cn,12
b0vmgkLeB1,枣庄日报,电子报,zzrb.zzrbw.com,12
Ywv4V99ePa,边城晚报,电子报,bcwb.paper.0745news.cn,12
pQvNjypvNE,中共中央对外联络部,舆论专区,idcpc.org.cn,9
VaobLZndAj,中国长安网,致敬英雄,chinapeace.gov.cn,9
nBe0g3yd37,大章丘网,新帖,dazhangqiu.com,4
2me3rWrdwj,步步走前端,,bubuzou.com,10
1VdJl1koLQ,广州市黄埔区人民政府,通知公告,hp.gov.cn,9
8Rv2akKoLw,ZAKER,电影,myzaker.com,3
nBe0WZBd37,Qorvo技术社区,最新热门,rf.eefocus.com,4
12owmJzdNV,中国农村信用合作报,电子报,ep.chinanshw.cn,12
yjvQl9Dobg,重庆青年报,电子报,cqqnb.net,12
qndgglpdLl,保定晚报,电子报,wbpaper.epaper.bdall.com,12
47o8b0QdMm,市场星报,电子报,ahscb.com,12
yjvQlrnobg,烟台晚报,电子报,ytwb.shm.com.cn,12
DgeyrWNoZq,科产经济集团内刊,电子报,bk.459000.cn,12
5PdMlp0vmg,东莞时报,电子报,dgtimes.timedg.com,12
b0vmOx6eB1,宝安日报,电子报,barb.sznews.com,12
qndggP0dLl,家庭与生活报,电子报,homelife.scol.com.cn,12
RrvW7V1v5z,信阳日报,电子报,ribao.xyxww.com.cn,12
KGoRZMDol6,南都晨报,电子报,cb.epaper.01ny.cn,12
aEdZbROdrO,桂林晚报,电子报,glwb.epaper.guilinlife.com,12
47o89rQvMm,华西社区报,电子报,hxdsbsq.wccdaily.com.cn,12
YqoXVqKdOD,淮河早报,电子报,hhzb.huainannet.com,12
MZd72wgvrO,松原日报,电子报,szb.syxww.cn,12
1Vd525Ke85,人民日报重要言论库,人民时评,opinion.people.com.cn,1
x9ozJG7oXb,光明网,光明网评论员,guancha.gmw.cn,1
YKd6GyzeaP,旅途小镇,,tesicn.com,10
4qv97nneaK,哔哩哔哩,汽车榜,bilibili.com,3
3QeL0rwe7k,36氪,视频榜,36kr.com,2
WmoOzOle4E,腾讯新闻,娱乐榜,qq.com,3
Jndk1BQo3V,哔哩哔哩,美食榜,bilibili.com,3
x9oz96KeXb,FreeMdict Forum,热门话题,forum.freemdict.com,4
3adqjAyeng,盒子部落,,hezibuluo.com,10
1Vd5RbYe85,中关村在线,手机频道,mobile.zol.com.cn,2
4qv9B4pdaK,宇宙湾,,yuzhouwan.com,10
0MdKxR6ew1,Scott H Young,,scotthyoung.com,10
8Rv26KDvLw,大家都叫我老杨,,blog.yesmryang.net,10
x9oz6DDoXb,wzyboy's blog,,wzyboy.im,10
3QeLQ6Wo7k,beyond stars,,beyondstars.xyz,10
3adqy8Mdng,Project Euler,,projecteuler.net,10
qndgkV0dLl,JustZht,,justzht.com,10
DOvnDP2eEB,大侠阿木,,daxiaamu.com,10
3QeLJ29v7k,李劼杰的博客,,lijiejie.com,10
KGoRJjZol6,Jiansing's Blog,,blog.ofo.moe,10
aqeEONjv9R,湖南省政府采购网,信息公示,ccgp-hunan.gov.cn,9
x9ozq4YeXb,中国驻芝加哥领事馆,重要通知,chinaconsulatechicago.org,9
3adq75zong,华南理工大学研究生院,通知公告,scut.edu.cn,8
m4ej6bVexE,山东大学软件学院,研究生教育,sdu.edu.cn,8
pQvNjXJvNE,上海理工大学教务处,重要公告,usst.edu.cn,8
BwdG20JvPx,天津大学教务处,新闻动态,tju.edu.cn,8
2me3r9Xdwj,天津大学教务处,通知公告,tju.edu.cn,8
Ywv408BvPa,西南科技大学教务处,学生学业,swust.edu.cn,8
YqoXKq0eOD,中国石油大学（华东）,学术动态,upc.edu.cn,8
3moB0zzdN5,GitHub,Trending HTML Today,github.com,7
5PdM1xpdmg,GitHub,Trending Standard ML Today,github.com,7
m4ejZb4exE,GitHub,Trending SWIG Today,github.com,7
Dgey3gqvZq,中华人民共和国公安部,政策文件,mps.gov.cn,9
3QeLwMAd7k,中华人民共和国司法部,通知公告,moj.gov.cn,9
ENeYWGRvY4,中华人民共和国生态环境部,视频新闻,mee.gov.cn,9
YKd635qeaP,中华人民共和国住房和城乡建设部,通知公告,mohurd.gov.cn,9
anop3ZkelZ,中华人民共和国海关总署,政策解读,customs.gov.cn,9
BwdGXlMePx,新浪财经头条,投资者网,cj.sina.cn,6
47o83AweMm,即刻圈子,运营的日常,okjike.com,10
12owDYwvNV,效率工具指南,,penghh.fun,10
47o8XQroMm,懂球帝,热门新闻,dongqiudi.com,3
aEdZMZqvrO,电视猫,热剧榜总榜,tvmao.com,3
YqoXPlPoOD,新浪热榜,时尚热榜,rank.sinanews.sina.cn,3
3QeLkj9d7k,中华人民共和国教育部,政策解读,moe.gov.cn,9
MZd7LrperO,Hugging Face,Blog,huggingface.co,7
MZd7L4PerO,阿猫的博客,猫鱼周刊,ameow.xyz,7
QaqeEwjv9R,Abdulrahman Al-Qabandi,,leucosite.com,10
Jb0vm2WdB1,Adrian's Blog: from ⊤ to ⊥,,adrianherrera.github.io,10
LBwdGAaoPx,Binary Ninja,,binary.ninja,10
VaobJanoAj,V2EX,创意,v2ex.com,4
DgeyxEqdZq,余弦EVILCOS,,evilcos.me,10
8Rv21P3oLw,00's Adventure,,uegeek.com,10
VaobmQneAj,N软网,,nruan.com,10
wkvlBGpez1,爱液压论坛,最新热门,iyeya.cn,4
YKd6zqmdaP,球赛通,足球资讯,qdscn.com,3
4KvxmDldkx,本地宝,郑州焦点资讯,zz.bendibao.com,1
MZd7LJYerO,本地宝,青岛焦点资讯,qd.bendibao.com,1
Ywv4PpRvPa,财联社,期货,cls.cn,6
Dgey1mReZq,网易专栏,今日之声,3g.163.com,1
RrvWyE3e5z,AMZ123,跨境活动,amz123.com,6
3adqzJaeng,TechRadar,Best,techradar.com,2
8Rv2NLwvLw,维科网,资讯,mp.ofweek.com,1
Ywv4P5RvPa,本地宝,西安焦点资讯,xa.bendibao.com,1
BwdGk9adPx,本地宝,昆明焦点资讯,km.bendibao.com,1
JndkO8Vd3V,国家金融与发展实验室,周报,nifd.cn,6
aqeEmgje9R,金色财经,研报,jinse.cn,6
KGoRwM5vl6,科技讯,最新,kejixun.com,2
3QeLL49e7k,V2EX 周报,,vdaily.huguotao.com,10
7GdayOydQy,AcFun,鱼塘榜,acfun.cn,3
2KeDmrMoNP,Windows Command Line,,windows-commandline.com,10
Ywv4AqRdPa,M-x Chris-An-Emacser,,chriszheng.science,10
proPVg6dq6,Apple Developer,Swift Blog,developer.apple.com,10
aEdZLr8orO,Remote Work|远程工作,最新远程工作招聘信息,yuancheng.work,1
DOvngRDdEB,BlogHub,,bloghub.fun,10
m4ejkN1oxE,电波障害,,sund.site,10
5PdMZPZemg,Envato Tuts+ Code,,code.tutsplus.com,10
3moBR81oN5,MiaoTony's Blog,,miaotony.xyz,10
2KeDV1DvNP,AppSpy.com | RSS | Latest Entries,,appspy.com,10
DOvnD9peEB,潮州市潮安区人民政府网站,公示公告,chaoan.gov.cn,9
ARe1EJ2e7n,Figma Design,,blog.figma.com,10
WmoOanDd4E,中国驻纽约领事馆,通知公告,newyork.china-consulate.org,9
b0vm7PLeB1,北京邮电大学,北邮要闻,bupt.edu.cn,8
1Vd5rDMe85,东南大学研究生招生网,硕士招生,seu.edu.cn,8
6YoV5R7eZa,郑州大学新闻网,媒体郑大,zzu.edu.cn,8
YqoXKqxeOD,中国地质大学(武汉),综合通知公告,cug.edu.cn,8
VaobLL8dAj,中国政协网,政协工作,cppcc.gov.cn,9
6YoV55weZa,中国政协网,机关建设,cppcc.gov.cn,9
x9ozwJKvXb,中国文明网,工作会议,wenming.cn,9
anopy3RvlZ,中共中央对外联络部,重要会议,idcpc.org.cn,9
47o8L3qoMm,中国长安网,辽宁,chinapeace.gov.cn,9
b0vm8LWoB1,中国长安网,重庆,chinapeace.gov.cn,9
2KeDN95vNP,中共中央网络安全和信息化委员会办公室,国平论天下,cac.gov.cn,9
ENeYEyweY4,中共中央网络安全和信息化委员会办公室,重庆市,cac.gov.cn,9
yjvQPJ4obg,中共中央网络安全和信息化委员会办公室,贵州省,cac.gov.cn,9
nBe0g2jd37,中国机构编制网,深化机构和行政体制改革,scopsr.gov.cn,9
WmoOrzDe4E,中国机构编制网,综合行政执法体制改革,scopsr.gov.cn,9
4qv9XDboaK,旗帜网,青春风采,qizhiwang.org.cn,9
RrvWBblo5z,Wallpaper*,,wallpaper.com,10
3adq6g3eng,Fubiz™,,fubiz.net,10
ENeYE2qeY4,爱里瓜,,eriqua.com,10
47o8b5QdMm,河南省林业局,林业资讯,lyj.henan.gov.cn,9
7GdaXK7vQy,文汇报,环球,whb.cn,1
4MdAZaLexD,新京报,北京,bjnews.com.cn,1
YqoXgZqeOD,福强说 一个架构士的思考与沉淀,,afoo.me,10
7GdaXXLvQy,中南财经政法大学教务部,通知公告.学院,zuel.edu.cn,8
Q0orB3Oo8B,中国气象局,科技动态,cma.gov.cn,9
Q0orBLzo8B,农民日报,电子报,szb.farmer.com.cn,12
1Vd5aALd85,每日新报,电子报,mrxb.epaper.tianjinwe.com,12
b0vmO3GeB1,邯郸晚报,电子报,szb.handannews.com.cn,12
m4ejrAmexE,中原商报,电子报,szb.handannews.com.cn,12
b0vmOGWeB1,新安晚报,电子报,epaper.ahwang.cn,12
1VdJla0oLQ,闽南日报,电子报,zzxww.com,12
0MdKlypew1,南阳晚报,电子报,wb.epaper.01ny.cn,12
12owmKadNV,河南农大报,电子报,henau.cuepa.cn,12
47o8b20dMm,衡阳日报,电子报,epaper.hyqss.cn,12
0MdKl09ew1,四川农村日报,电子报,country.scol.com.cn,12
qndggRldLl,西宁晚报,电子报,xnwbw.com,12
ENeYmj6eY4,大同晚报,电子报,dtwb.epaper.dtnews.cn,12
pQvNlWNeNE,晋中晚报,电子报,jzwb.paper.jzxww.com.cn,12
YKd6aAjvaP,中国纺织报,电子报,paper.ctn1986.com,12
4MdAZzPexD,中国民族报,电子报,mzb.com.cn,12
47o895jvMm,江苏科技报,电子报,jskjb.com,12
DOvnm3VoEB,赣南日报,电子报,szb.gnrbs.cn,12
ARe125po7n,石狮教育,电子报,ssjy.ssrb.com.cn,12
DgeyKmpvZq,南国城报,电子报,epaper.gxrb.com.cn,12
x9ozJZYoXb,鄂尔多斯日报都市版,电子报,ordosnews.com,12
2KeDz35vNP,Frontend Focus,每日聚焦,frontendfoc.us,7
4KvxBkPekx,资阳日报,电子报,paper.zyrb.com.cn,12
Q0orPw0d8B,落尘之木,,luochenzhimu.com,10
1VdJJ9GdLQ,3DCenter,首页推荐,3dcenter.org,2
7Gda052vQy,Hardwareluxx,Home,hardwareluxx.de,2
aqeE3B3v9R,Google AI Blog,,blog.research.google,10
DOvnx77eEB,联合早报,新闻新加坡,zaobao.com,1
b0vmp96oB1,新华网,钟华论,news.cn,1
MZd77ypdrO,哔哩哔哩,影视榜,bilibili.com,3
7GdaPmOvQy,哔哩哔哩,音乐榜,bilibili.com,3
G47o8jQdMm,A box of chocolate,,dakutenpura.hatenablog.com,10
Om4ejDyvxE,ElcomSoft blog,,blog.elcomsoft.com,10
zQ0org0v8B,Aegislab,,blog.aegislab.com,10
qENeY8wdY4,arighi's blog,,arighi.blogspot.com,10
1yjvQz4dbg,Artsploit,,artsploit.blogspot.com,10
Y2KeDB5vNP,Blog - Atredis Partners,,atredis.com,10
Lwkvll4vz1,DigiNinja,,digi.ninja,10
YqoXQ9nvOD,学习自律|吴悠Viewy,,space.bilibili.com,10
6YoVP37dZa,HTML5资源教程,,html5tricks.com,10
qndg1O0oLl,V2EX,分享发现,v2ex.com,4
WmoOG7Bo4E,V2EX,最新主题,v2ex.com,4
ENeY04GdY4,SecurityWeek RSS Feed,,securityweek.com,10
YKd6RBmdaP,财新网,经济频道要闻,economy.caixin.com,6
JndkZbZv3V,GitHub,Trending Markdown Today,github.com,7
4qv9VA5daK,GitHub,Trending Sass Today,github.com,7
2KeDMGYoNP,中华人民共和国公安部,政策解读,mps.gov.cn,9
3moB0x1dN5,国务院国有资产监督管理委员会,评论,sasac.gov.cn,9
qndgZamvLl,国家体育总局,政策法规,sport.gov.cn,9
5PdM1qGdmg,美国信用卡指南,Today,uscreditcardguide.com,5
proPWz6eq6,中华人民共和国教育部,公告,moe.gov.cn,9
aqeEk53v9R,爱思助手,苹果资讯,i4.cn,2
1VdJkgaeLQ,工业和信息化部,司局动态,miit.gov.cn,9
m4ejPZyvxE,梅花网,作品周榜,meihua.info,2
0MdKkJJdw1,Sec-News 安全文摘,,govuln.com,10
3QeLkDwd7k,二丫讲梵-学习周刊,,wiki.eryajf.net,10
3QeLkyBd7k,京东,生鲜‧ 热销榜,jd.com,5
YKd6GQJeaP,GitHub,Trending C# Today,github.com,7
4MdArO3exD,GitHub,Trending MATLAB Today,github.com,7
anop3WZelZ,GitHub,Trending R Today,github.com,7
KGoRWANvl6,GitHub,Trending Rich Text Format Today,github.com,7
Ywv431aoPa,GitHub,Trending Ruby Today,github.com,7
0MdKJG4vw1,国务院国有资产监督管理委员会,领导活动,sasac.gov.cn,9
ARe13w6v7n,中华人民共和国海关总署,今日海关,customs.gov.cn,9
DOvnlkqeEB,国家体育总局,重要信息,sport.gov.cn,9
5PdM1Rbdmg,国家体育总局,规划计划,sport.gov.cn,9
BwdGXXXePx,江苏省卫生健康委员会,公告公示,wjw.jiangsu.gov.cn,9
5PdM1Jldmg,北晚在线,滚动,takefoto.cn,1
ARe13G8v7n,七猫中文网,原创风云榜 ‧ 男生,qimao.com,3
2KeD9wEoNP,溜发资源网-每天分享,,666888.best,10
JndkOEQd3V,七猫中文网,大热榜 ‧ 女生,qimao.com,3
Vaob14qeAj,Hugging Face,Trending Spaces,huggingface.co,7
3moBlygdN5,AppHunt,每周应用推荐,apphunt.org,2
12ow4DjvNV,中共中央对外联络部,发言人表态,idcpc.org.cn,9
wkvl6Zpez1,中国长安网,河北,chinapeace.gov.cn,9
1Vd5POav85,中国长安网,新疆,chinapeace.gov.cn,9
1Vd5PAav85,中国机构编制网,机构编制管理,scopsr.gov.cn,9
aqeE23Mo9R,中国机构编制网,机构编制法规制度建设,scopsr.gov.cn,9
b0vm8pLoB1,中国机构编制网,事业单位登记管理,scopsr.gov.cn,9
0MdKEr5ow1,旗帜网,两个维护,qizhiwang.org.cn,9
1VdJZj0dLQ,旗帜网,主体责任,qizhiwang.org.cn,9
4KvxZRPekx,旗帜网,学思践悟,qizhiwang.org.cn,9
4MdAxDLvxD,旗帜网,妇女之窗,qizhiwang.org.cn,9
3QeLgDwd7k,HYPEBEAST,,hypebeast.cn,10
qndg4AmeLl,KINGX,,kingx.me,10
3moBZzPoN5,广州市黄埔区人民政府,媒体信息,hp.gov.cn,9
DgeyrBpoZq,半月谈,企业资讯,banyuetan.org,2
Q0orByZo8B,Markon Review,,markonreview.com,10
KGoRllzdl6,中南财经政法大学教务部,教务动态,zuel.edu.cn,8
RrvWEARe5z,公益时报,电子报,gongyishibao.com,12
BwdGl8LePx,河北法制报,电子报,szbz.hbfzb.com,12
b0vmOzWeB1,南湖晚报,电子报,nhwb.cnjxol.com,12
3QeLlyWe7k,漯河日报,电子报,rb.lhrb.com.cn,12
qndggXXdLl,三峡商报,电子报,sxsb.epaper.cn3x.com.cn,12
7GdaXEyvQy,柳州日报,电子报,lzrb.gxlznews.com,12
7GdaXxOvQy,陕西科技报,电子报,szb.snkjb.com,12
WmoO7xko4E,大飞机报,电子报,paper.comac.cc,12
1VdJJ8kdLQ,阳泉晚报,电子报,epaper.yqnews.com.cn,12
yjvQ796ebg,半月谈,地方观察,banyuetan.org,1
Q0orPkZd8B,东泽煮粥,,eurychen.me,10
BwdGkggdPx,Brandvale 品牌谷,最新观察,vansgn.com,7
Vaob1j8eAj,直播吧,中超滚动新闻,news.zhibo8.com,3
Ywv4PkNvPa,信息差,独立开发者出海周刊,gapis.money,10
ENeYOMwvY4,本地宝,长沙焦点资讯,cs.bendibao.com,1
3QeLkaJd7k,财联社,推送 - 电报,cls.cn,6
12owgaJoNV,财联社,港股,cls.cn,6
4MdAkgNoxD,国家金融与发展实验室,学术报告,nifd.cn,6
Q0orLZDd8B,上海证券交易所,最新规则,sse.com.cn,6
pQvN5Z9oNE,证券时报网,股市,stcn.com,6
3adqzDaeng,网易专栏,曲一刀,3g.163.com,1
6YoVy87eZa,xLog,今天最热,xlog.app,7
6YoVyn3eZa,澎湃,美数课,thepaper.cn,1
ARe1AG4e7n,香港政府新闻网,新闻速递,sc.news.gov.hk,1
x9ozmx1eXb,回忆飘如雪,,gv7.me,10
Dgey5LpeZq,Android Niceties,,androidniceties.tumblr.com,10
1VdJNRGdLQ,Karan PC,,karanpc.com,10
qndgkBWdLl,A List Apart: The Abridged Feed,,alistapart.com,10
3QeLY9Po7k,Stratechery by Ben Thompson,,stratechery.com,10
2KeD1broNP,WhiskyIntelligence,,whiskyintelligence.com,10
3moBRmMoN5,折影轻梦,,nexmoe.com,10
qndgk78dLl,Above Avalon,,aboveavalon.com,10
7GdaqQQdQy,赴美工作常识（Part 3 - 英语） - Cat Chen - 博客园,,cnblogs.com,10
Q0orq0ze8B,三泰虎,,santaihu.com,10
MZd7PalerO,Arduino 实验室,,arduino.nxez.com,10
DgeyDR5dZq,华南理工大学教务处,新闻动态,scut.edu.cn,8
proPJmldq6,上海立信会计金融学院学生处,通知公告,lixin.edu.cn,8
pQvNpP9eNE,北京航空航天大学,通知公告,buaa.edu.cn,8
yjvQxLnobg,北京航空航天大学,学术文化,buaa.edu.cn,8
b0vm8m6oB1,山东大学软件学院,本科教育,sdu.edu.cn,8
anopy0qvlZ,上海海洋大学,学术讲座,shou.edu.cn,8
x9ozwj1vXb,浙江大学,院系,zju.edu.cn,8
proP0p4oq6,中北大学,学术活动,nuc.edu.cn,8
NKGoRLDdl6,asintsov,,asintsov.blogspot.com,10
WYKd6gweaP,Blog | Avast EN,,blog.avast.com,10
L4MdABNexD,Between Extremes,,joevennix.com,10
KqndgkZdLl,Cerbero Suite,,cerbero-blog.com,10
n3moBRyoN5,Soroush Dalili (@irsdl) –  سروش,,soroush.secproject.com,10
4anopYEvlZ,Fox-IT International blog,,blog.fox-it.com,10
DOvnyDVoEB,㊣軟體玩家,,pcrookie.com,10
3moBYjyeN5,图月志：JJ Ying,,iconmoon.com,10
wkvlM8ydz1,站酷 - 墨染ART,,ikeshuma.zcool.com.cn,10
KGoRRjNol6,开车大神 的 bilibili 空间,,space.bilibili.com,10
6YoVqBweZa,知乎专栏,写偶像的地方,zhuanlan.zhihu.com,10
4MdALyNvxD,知乎专栏,他山之眼,zhuanlan.zhihu.com,10
YKd67qneaP,哔哩哔哩,娱乐榜,bilibili.com,3
Ywv47xzoPa,每经网,要闻,nbd.com.cn,6
WmoO9xBd4E,全国青少年科技创新大赛,文件通知,cyscc.org,9
0MdKr48vw1,纵横网,最新新闻,izongheng.net,1
4MdAD51vxD,Hacker Top Community,All Forums,hackertop.com,7
4MdA72GoxD,快手,有用榜,kuaishou.com,3
4MdA7R5oxD,InfoQ,"AI, ML & Data Engineering",infoq.com,2
Q0ora05e8B,集微网,最新快讯,laoyaoba.com,2
qndgB9WvLl,BBC,Health,bbc.co.uk,1
x9ozrV6oXb,小棉袄的百味人生,,haikuoshijie.cn,10
3moBlqVdN5,LINUX DO,最新话题,linux.do,7
yjvQkmjebg,生意社,滚动新闻,100ppi.com,6
2me30gxowj,新浪体育,滚动新闻,sports.sina.com.cn,3
ENeYOPwvY4,财联社,地产,cls.cn,6
pQvNk4mdNE,财联社,金融,cls.cn,6
m4ejgbgoxE,智通财经,公司,zhitongcaijing.com,6
nBe0NzDv37,智通财经,研究,zhitongcaijing.com,6
yjvQJ8adbg,豆瓣,影院热映,douban.com,3
YKd6M5gvaP,豆瓣,全球口碑剧集榜,douban.com,3
4MdA3AGoxD,网易专栏,三三有梗,3g.163.com,1
1Vd5NaKe85,Followin,快讯,followin.io,6
4MdA36GoxD,PCMag,Today,pcmag.com,2
12owJNweNV,香港政府新闻网,重要新闻,sc.news.gov.hk,1
DOvnlj2eEB,GitHub,Trending Objective-C++ Today,github.com,7
YKd639OeaP,GitHub,Trending Roff Today,github.com,7
pQvNy2zoNE,中华人民共和国生态环境部,地方快讯,mee.gov.cn,9
Ywv43AxoPa,中华人民共和国住房和城乡建设部,征求意见,mohurd.gov.cn,9
2me335xewj,中华人民共和国交通运输部,重要会议,mot.gov.cn,9
6YoVWmDvZa,中华人民共和国水利部,通知公示,mwr.gov.cn,9
BwdGXxLePx,国家广播电视总局,工作动态,nrta.gov.cn,9
m4ejZwqexE,Track Awesome List,Daily Updates,trackawesomelist.com,7
ENeYWp3vY4,运营商世界网,,cfyys.com.cn,10
m4ejZ04exE,中新网,华人新闻,chinanews.com,1
ARe1jk7o7n,ZDNET,人工智能,zdnet.com,2
wkvlzBBez1,电视猫,新剧榜,tvmao.com,3
WmoOyxmd4E,数据学习(Datalearner),原创博客,datalearner.com,10
2me30rrowj,序赞网,环球动态,vsszan.com,4
aqeEkMxv9R,大风号,在人间-文章,ishare.ifeng.com,10
aEdZMKqvrO,梅花网,作品月榜,meihua.info,2
wkvlzrBez1,梅花网,作品新锐榜,meihua.info,2
ARe1m3Le7n,中共中央对外联络部,机关党建,idcpc.org.cn,9
YqoXKPzeOD,中国长安网,湖南,chinapeace.gov.cn,9
Ywv407pvPa,旗帜网,先进集体,qizhiwang.org.cn,9
0MdKE76ow1,迷途小书童,,xugaoxiang.com,10
RrvWBMRo5z,阿掖山：一个博客,,mountaye.github.io,10
m4ejrZxexE,中国气象局,工作动态,cma.gov.cn,9
aqeEZ94o9R,沧州日报,电子报,czrb.bohaitoday.com,12
qndgglmdLl,邯郸日报,电子报,szb.handannews.com.cn,12
b0vmO3JeB1,保定日报,电子报,rbpaper.epaper.bdall.com,12
4Kvxjl0ekx,城市晚报,电子报,cswbszb.com,12
x9oz0MKdXb,镇江日报,电子报,zjrb.szb.jsw.com.cn,12
3adqMOxdng,德州日报,电子报,dzb.dezhoudaily.com,12
7GdaXr2vQy,东方今报,电子报,dzb.jinbw.com.cn,12
1Vd5aJMd85,衡阳晚报,电子报,hywb.epaper.hyqss.cn,12
pQvNlKyeNE,玉林日报,电子报,epaper.gxylnews.com,12
Vaob5YqeAj,安康日报,电子报,sjk.akxw.cn,12
6YoVlJ3dZa,汴梁晚报,电子报,blwb.epaper.kf.cn,12
BwdG506oPx,西江日报,电子报,xjrb.xjrb.com,12
2me325bdwj,今日三水,电子报,jrss.epaper.fsonline.com.cn,12
qndg58ZoLl,枣庄晚报,电子报,zzwb.zzrbw.com,12
DgeyKrBvZq,公主链接日服,新闻,priconne-redive.jp,10
ARe12Xpo7n,往日博客,掘金,wri.cc,10
rx9ozLYdXb,Alex Ionescu’s Blog,,alex-ionescu.com,10
wWmoODDv4E,c4an dll,,c4an-dl.blogspot.com,10
NKGoRkxvl6,Dan Kaminsky's Blog,,dankaminsky.com,10
wkvlx3kvz1,故园怀旧论坛,,gyhj.org,4
3QeLGxJd7k,Storm_Center,,stormcn.cn,10
YqoXzzndOD,设计笔记,,biji.io,10
x9ozQW1eXb,梦幻辰风,,mhcf.net,10
4qv9bzpdaK,站酷 - Nefish,,nefish.zcool.com.cn,10
Ywv4BXMePa,财新网,金融频道要闻,finance.caixin.com,6
RrvWVbDo5z,财新网,政经频道要闻,china.caixin.com,6
DOvnEz7oEB,McKinsey Insights & Publicat,,mckinsey.com,10
proPVK0dq6,天意人间舫,,blog.lovejade.cn,10
1VdJzaadLQ,Vincent Tang,,vincentmtang.com,10
WmoO2Jke4E,初行博客,,zrj96.com,10
MZd7MpYorO,JayXon,,jayxon.com,10
2me3Rnbdwj,Android Design Patterns,,androiddesignpatterns.com,10
YqoXDL4oOD,Ground Oddity,,idle.systems,10
yjvQxWaobg,Dawner,,dawner.top,10
1Vd5rJKe85,Visual Studio Magazine,C# Corner,visualstudiomagazine.com,10
MZd7P1OerO,lsh4ck's Blog,,lshack.cn,10
wkvl8agvz1,中国驻马赛领事馆,重要通知,marseille.china-consulate.org,9
47o8ODQeMm,中国驻长崎领事馆,重要通知,nagasaki.china-consulate.org,9
b0vm7JWeB1,中国驻札幌领事馆,重要通知,sapporo.china-consulate.org,9
Ywv4jxpePa,北京航空航天大学,北航人物,buaa.edu.cn,8
BwdGLKXePx,华东理工大学研究生院,通知公告,ecust.edu.cn,8
DOvn6y7vEB,清华大学,图说清华,tsinghua.edu.cn,8
b0vm8l2oB1,山东大学能源与动力工程学院,学院新闻,sdu.edu.cn,8
12ow4BlvNV,上海交通大学研究生招生网招考信息,硕士招生,sjtu.edu.cn,8
Q0or67no8B,浙江大学,媒体浙大,zju.edu.cn,8
RrvWBYxo5z,浙江大学软件学院,通知公告,cst.zju.edu.cn,9
BwdG2GwvPx,浙江工业大学,通知公告,zjut.edu.cn,8
proP0pnoq6,中国农业大学研究生招生网,通知公告,cau.edu.cn,8
aqeE5Pre9R,梧桐雨blog,,wutongyu.info,10
wkvlNbjez1,經理人（Manager Today）,,managertoday.com.tw,10
1Vd5RnYe85,笨猫博客,,nbmao.com,10
3adqj8leng,追梦人博客,,zmrbk.com,10
4qv9Bw5daK,PhotoshopVIP,,photoshopvip.net,10
YqoXNpzdOD,V2EX 每日最热,聚合,v2exday.com,4
4MdAKWNoxD,南京理工大学教务处,学生通知,njust.edu.cn,8
3moBEQyeN5,Veaer|王扒蒜,,veaer.com,10
ENeYGXjvY4,张明云的博客,,zmywly8866.github.io,10
yjvQymnvbg,Bob Jiang's Blog,,bobjiang.com,10
RrvWN6Do5z,Combinatorics and more,,gilkalai.wordpress.com,10
4qv9GRPeaK,"Rock, Paper, Shotgun",,rockpapershotgun.com,10
DgeyDWqdZq,Toyota USA,Newsroom,pressroom.toyota.com,9
nBe0BLyv37,14x security,,x14hack.com,10
x9ozqzKeXb,上海立信会计金融学院教务处,通知公告,lixin.edu.cn,8
pQvNp3peNE,陈沩亮博客,,chenweiliang.com,10
5PdMVnaemg,中国驻大阪领事馆,重要通知,osaka.china-consulate.org,9
aqeEOnjv9R,中国驻福冈领事馆,重要通知,fukuoka.china-consulate.org,9
qndgWzLdLl,中国驻名古屋领事馆,重要通知,nagoya.chineseconsulate.org,9
Q0orqx0e8B,中国驻釜山领事馆,重要通知,busan.china-consulate.org,9
nBe0Bkjv37,中国驻济州领事馆,重要通知,jeju.chineseconsulate.org,9
YqoXbnKdOD,中国驻爱丁堡领事馆,重要通知,edinburgh.china-consulate.org,9
YKd60NKoaP,北京航空航天大学,专题新闻,buaa.edu.cn,8
RrvWJmlo5z,湖南科技大学计算机科学与工程学院,通知,hnust.edu.cn,8
VaobaRPeAj,华北水利水电大学,学校通知,ncwu.edu.cn,8
x9ozwKnvXb,南方科技大学研究生院,通知公告,sustech.edu.cn,8
0MdKEx0ow1,武汉大学新闻网,学术动态,whu.edu.cn,8
Dgeyk87vZq,浙江工业大学,工大要闻,zjut.edu.cn,8
nBe0g8Qd37,中北大学,通知公告,nuc.edu.cn,8
proP0Rnoq6,四川省科学技术厅,公示公告,kjt.sc.gov.cn,9
DgeyK47vZq,GitHub,Trending CSS Today,github.com,7
aqeEzgro9R,GitHub,Trending Open Policy Agent Today,github.com,7
8Rv2n1BvLw,GitHub,Trending QML Today,github.com,7
JndkZpZv3V,GitHub,Trending SaltStack Today,github.com,7
47o83E2eMm,GitHub,Trending Squirrel Today,github.com,7
proPWGpeq6,Baeldung,,baeldung.com,10
qndgZOxvLl,中华人民共和国司法部,全面依法治国,moj.gov.cn,9
Q0or3OOv8B,中华人民共和国司法部,监狱管理,moj.gov.cn,9
YqoXWN8eOD,中华人民共和国司法部,解读回应,moj.gov.cn,9
4KvxyK9dkx,中华人民共和国生态环境部,行政处理,mee.gov.cn,9
aEdZWRXerO,中华人民共和国水利部,重大会议信息,mwr.gov.cn,9
m4ejZymexE,国家体育总局,地方动态,sport.gov.cn,9
ARe13Y6v7n,V2EX,汽车,v2ex.com,4
m4ejZB3exE,NGA,大时代,nga.178.com,4
8Rv2njKvLw,新浪财经头条,愉见金融,cj.sina.cn,6
YKd63VOeaP,公考雷达,重庆考试公告,gongkaoleida.com,8
3moB0yVdN5,即刻圈子,短篇阅读分享会,okjike.com,10
qndgZRpvLl,Stephen Wolfram Writings,,writings.stephenwolfram.com,10
pQvNyNAoNE,七猫中文网,收藏榜 ‧ 男生,qimao.com,3
3QeLkXwd7k,第一电动网,大牛排行榜,d1ev.com,2
Q0orJ30o8B,梅花网,文章周榜,meihua.info,2
3adqKG5ong,NodeSeek,小鸡情报,nodeseek.com,4
4qv9710eaK,NVIDIA Technical Blog,,developer.nvidia.com,10
6YoVwbDvZa,Wired,Artificial Intelligence,wired.com,2
yjvQknDebg,Stage1st,游戏论坛,stage1st.com,4
1Vd5OBao85,本地宝,天津焦点资讯,tj.bendibao.com,1
1Vd5OYao85,财联社,基金 - 电报,cls.cn,6
RrvW0mQd5z,财联社,投教,cls.cn,6
Vaob1RBeAj,国家金融与发展实验室,研究评价,nifd.cn,6
b0vmryLdB1,前瞻经济学人,月排行,qianzhan.com,6
47o8kELeMm,智通财经,美股,zhitongcaijing.com,6
47o8kQLeMm,川观新闻,今日热新闻,cbgc.scol.com.cn,1
pQvN51yoNE,炉石传说,最新新闻,hs.blizzard.cn,3
47o8kO2eMm,Foresight News,精选资讯,foresightnews.pro,6
4qv9NZpdaK,化龙巷,48小时热点,bbs.hualongxiang.com,4
4Kvxwqrokx,出海网,最新资讯,chwang.com,2
Y3QeLjJv7k,Alexander Popov,,a13xp0p0v.github.io,10
m3adqEmdng,Blah Cats,,blahcat.github.io,10
NaEdZ8OorO,Möbius Strip Reverse Engineering,,msreverseengineering.com,10
zQ0or4Dd8B,Security – Cisco Blog,,blogs.cisco.com,10
WmoO5wOd4E,随风'S Blog,,iswin.org,10
6YoVPgwdZa,Colossal,,thisiscolossal.com,10
1Vd5kkMo85,V2EX,分享创造,v2ex.com,4
aqeEaA3e9R,无垠,,flyhigher.top,10
aqeEaOge9R,中国日报网英语点津,精彩推荐,language.chinadaily.com.cn,1
b0vmlrJoB1,山东大学经济学院,经院新闻,sdu.edu.cn,8
4KvxEJldkx,知乎专栏,女院的教室,zhuanlan.zhihu.com,10
7GdagnYoQy,知乎专栏,你不可能做不好一锅红烧肉,zhuanlan.zhihu.com,10
1Vd58lMv85,简行之旅,,blog.csdn.net,10
2KeDNNMvNP,中国政协网,委员风采,cppcc.gov.cn,9
3QeLg4Gd7k,中国文明网,发布厅,wenming.cn,9
0MdKEwOow1,中央统战部网站,统战要闻,zytzb.gov.cn,9
anopyrRvlZ,中央统战部网站,统战百科,zytzb.gov.cn,9
DOvn6lVvEB,中国长安网,内蒙古,chinapeace.gov.cn,9
Q0or635o8B,中国长安网,安徽,chinapeace.gov.cn,9
3adq6Kmeng,中共中央网络安全和信息化委员会办公室,传播工作,cac.gov.cn,9
qndg4yLeLl,中共中央网络安全和信息化委员会办公室,河北省,cac.gov.cn,9
m4ej6gyexE,中共中央网络安全和信息化委员会办公室,内蒙古自治区,cac.gov.cn,9
ARe1mApe7n,中共中央网络安全和信息化委员会办公室,湖南省,cac.gov.cn,9
qndg4BZeLl,中国机构编制网,机构编制信息化,scopsr.gov.cn,9
pQvNjO9vNE,旗帜网,“四强”党支部,qizhiwang.org.cn,9
KGoRO5xvl6,旗帜网,廉政动态,qizhiwang.org.cn,9
m4ej6KpexE,ZAPRO · 杂铺,,tmioe.com,10
2me3rprdwj,PS C:\Users\itm4n> _,,itm4n.github.io,10
WmoOrOYe4E,XPN InfoSec Blog,,blog.xpnsec.com,10
proP8E6oq6,经济观察网,汽车,eeo.com.cn,2
3moBZPVoN5,萤火之森,,frankorz.com,10
b0vmOZleB1,中国气象局,媒体聚焦,cma.gov.cn,9
proP8Dloq6,淮海晚报,电子报,szb.hynews.net,12
x9oz01MdXb,三门峡日报,电子报,szb.westking.com,12
m4ejrE1exE,鹤壁日报,电子报,paper.hebiw.com,12
qndggrXdLl,常德日报,电子报,cdrb.cdyee.com,12
YqoXgaqeOD,韶关日报,电子报,sgrb.sgxw.cn,12
ARe1WlZv7n,桂林日报,电子报,glrb.epaper.guilinlife.com,12
ARe1WM7v7n,泸州日报,电子报,lzby.lzep.cn,12
RrvWE2ge5z,铁路建设报,电子报,tdjsbgs.com,12
3QeLl8we7k,迪庆日报,电子报,xgll.com.cn,12
1Vd5aqNd85,拉萨日报,电子报,lsrb.lasaribao.com,12
ENeYm53eY4,宝鸡日报,电子报,bjrb.joyhua.cn,12
m4ejJRrexE,泰州日报,电子报,sz.tznews.cn,12
2me328rdwj,岳阳晚报,电子报,cjxxb.papers.803.com.cn,12
4MdA0ANvxD,邵阳晚报,电子报,sywb.szb.shaoyangnews.net,12
BwdG5MaoPx,今日高明,电子报,jrgm.epaper.fsonline.com.cn,12
5PdMMDXdmg,观察者网,时评,guancha.cn,1
DgeyKbqvZq,河海大学图书馆,通知公告,hhu.edu.cn,8
qndg5PLoLl,张浩在路上,,imzhanghao.com,10
8Rv2jn0vLw,中共中央对外联络部,理论动态,idcpc.org.cn,9
Jndk6ZAv3V,中国长安网,网络学院,chinapeace.gov.cn,9
2KeDNMrvNP,中国长安网,北京,chinapeace.gov.cn,9
qndg4ZpeLl,中国长安网,上海,chinapeace.gov.cn,9
Q0or6J0o8B,中国长安网,贵州,chinapeace.gov.cn,9
b0vm8rWoB1,中共中央网络安全和信息化委员会办公室,山西省,cac.gov.cn,9
Q0or6L0o8B,中共中央网络安全和信息化委员会办公室,辽宁省,cac.gov.cn,9
YKd6OMweaP,中共中央网络安全和信息化委员会办公室,甘肃省,cac.gov.cn,9
yjvQP9nobg,中华人民共和国外交部,夫人活动,fmprc.gov.cn,9
WmoOr6be4E,Jiayi Liu,,jiayiliu.me,10
qndg4wXeLl,Adobe 99UAdobe 99U,,99u.adobe.com,10
proP0gpoq6,ephz3nt,,painso.com,10
1Vd5Pj5v85,小猪,,xiaozhu.dev,10
VaobL68dAj,Insinuator.net,,insinuator.net,10
3adq6mMeng,Passer6y's Blog,,0day.design,10
aEdZg4MerO,MIT Robot Locomotion Group Paper and Multimedia News,,groups.csail.mit.edu,10
aqeE2P4o9R,cdxy's home,,cdxy.me,10
aqeE2Pxo9R,n00py Blog,,n00py.io,10
qndggqXdLl,DEV Community,Infinity Top,dev.to,7
DOvnzELvEB,Quanta Magazine,,quantamagazine.org,10
1Vd5aN5d85,中国电视报,电子报,zgdsb.cctv.com,12
qndggGLdLl,芜湖日报,电子报,epaper.wuhunews.cn,12
12owm8kdNV,闽西日报,电子报,mxrb.cn,12
4qv9ZybdaK,淄博日报,电子报,paper.zbnews.net,12
BwdGlyMePx,青岛西海岸报,电子报,epaper.xihaiannews.com,12
Q0orBz2o8B,许昌日报,电子报,xcrb.szb.21xc.com,12
anopXx0olZ,开封日报,电子报,kfrb.epaper.kf.cn,12
12owm6adNV,十堰晚报,电子报,sywb.10yan.com,12
m4ejrO1exE,郴州日报,电子报,e.czxww.cn,12
YqoXgxneOD,常德晚报,电子报,cdwb.cdyee.com,12
Vaob5z3eAj,茂名日报,电子报,mmrb.paper.mm111.net,12
Jndk0XPe3V,右江日报,电子报,epaper.bsyjrb.com,12
pQvNlEJeNE,三秦都市报,电子报,epaper.sanqin.com,12
BwdGlZ8ePx,博客园_削微寒的程序员之路,,cnblogs.com,10
ENeYmMReY4,唐山劳动日报,电子报,epaper.huanbohainews.com.cn,12
4MdAZRgexD,吕梁日报,电子报,sxllnews.cn,12
pQvN7GBdNE,云南政协报,电子报,ynzxb.cn,12
1Vd52R8e85,日照日报,电子报,epaper.rznews.cn,12
WmoO7qDo4E,大江晚报,电子报,djwb.epaper.wuhunews.cn,12
YKd6GDjeaP,半月谈,改革创新,banyuetan.org,1
4MdA0DPvxD,人民网观点,科技教育,opinion.people.com.cn,1
3QeL4BGe7k,郭晓力'Blog,,guoxiaoli.com,10
1Vd5AD7d85,MIT News,Machine learning,news.mit.edu,2
2me37pXewj,DefenceTalk,,defencetalk.com,10
Q0orDkZd8B,海报新闻,海报观潮,hb.dzwww.com,1
Jndk1QPo3V,快手,文娱榜,kuaishou.com,3
1Vd5A9Nd85,ScienceDaily,Artificial Intelligence News,sciencedaily.com,2
3adqNm5eng,The War Zone,,twz.com,10
qndgOQZdLl,识局,,ishiju.com,10
yjvQ87kobg,知乎专栏,坚果云,zhuanlan.zhihu.com,10
VaobMlOeAj,Showfom's Blog,,sb.sb,10
8Rv26RnvLw,Kubernetes on Medium,,medium.com,10
5PdMLEZvmg,o365info.com,,o365info.com,10
0MdKxW6ew1,Yusuf Ozturk,,yusufozturk.info,10
5PdMLGavmg,Chris Banes,,chris.banes.dev,10
qndgORLdLl,Dan Lew Codes,,blog.danlew.net,10
nBe0Rrjv37,Hellsoft,,hellsoft.se,10
1Vd5RLWe85,Trinea,,trinea.cn,10
anopmGEvlZ,子勰的博客,,blog.bihe0832.com,10
12owXGkvNV,饿了么商家开放平台,公告,open.shop.ele.me,9
pQvNQ39oNE,Becomin' Charles,,sexywp.com,10
12owrOleNV,Paul Graham: Essays,,paulgraham.com,10
DgeyPqBdZq,YeungYeah 的乱写地,,scottyeung.top,10
2KeD1pEoNP,VVBLOG,,blog.vvzero.com,10
1Vd5KjNo85,哈佛商业评论（英文版）,最新,hbr.org,6
6YoVKMBvZa,IT社区推荐资讯 - ITIndex.net,,itindex.net,10
YKd601moaP,博客园_CCCChen,,cnblogs.com,10
6YoVY4DeZa,spylogic.net,,spylogic.net,10
aqeEOrVv9R,艾超博客 | 勿忘初心，方得始终,,icharle.com,10
aEdZa0OvrO,中国驻慕尼黑领事馆,重要通知,munich.chineseconsulate.org,9
DOvnDwyeEB,中国驻里昂领事馆,重要通知,lyon.china-consulate.org,9
m4ej75yoxE,中国驻新潟领事馆,重要通知,niigata.china-consulate.org,9
proPJnOdq6,中国驻光州领事馆,重要通知,gwangju.china-consulate.org,9
3moBrnPoN5,中国驻曼彻斯特领事馆,通知公告,manchester.chineseconsulate.org,9
1Vd5rMWe85,安徽农业大学新闻网,校内要闻,ahau.edu.cn,8
MZd7PQlerO,北京航空航天大学,媒体北航,buaa.edu.cn,8
5PdMVJlemg,北京邮电大学研究生招生网,通知公告,bupt.edu.cn,8
ENeYa6jeY4,大连海事大学新闻,综合新闻,dlmu.edu.cn,8
ENeYaMGeY4,广东海洋大学,通知公告,gdou.edu.cn,8
YqoXKzPeOD,上海海事大学,学术讲座,shmtu.edu.cn,8
1VdJZ7MdLQ,上海交通大学研究生招生网招考信息,博士招生,sjtu.edu.cn,8
m4ej6l4exE,中国海洋大学,研究生院通知公告,ouc.edu.cn,8
ENeYWqDvY4,GitHub,Trending Kotlin Today,github.com,7
ARe13knv7n,GitHub,Trending PureScript Today,github.com,7
MZd73xPdrO,GitHub,Trending Riot Today,github.com,7
Dgey3xnvZq,GitHub,Trending Slim Today,github.com,7
DOvnly2eEB,GitHub,Trending SourcePawn Today,github.com,7
anop3mKelZ,中华人民共和国生态环境部,执法信息,mee.gov.cn,9
x9oz3ZbvXb,国家核安全局,政策解读,nnsa.mee.gov.cn,9
YKd63OKeaP,新浪财经头条,宋清辉,cj.sina.cn,6
JndkZ0pv3V,新浪财经头条,马小妹,cj.sina.cn,6
3adqqMxdng,新浪财经头条,曹中铭,cj.sina.cn,6
2KeDMZXoNP,新浪财经头条,智通财经,cj.sina.cn,6
2KeDMzDoNP,NGA,职场人生,nga.178.com,4
DOvnlX7eEB,好玩客,,haowank.net,10
4Kvxyz0dkx,Software Engineering Daily,Today,softwareengineeringdaily.com,7
1VdJkPMeLQ,Canalys.com,数据分析,canalys.com,6
x9ozrn1oXb,鲸吼,娱乐热榜,jinghooo.com,3
1Vd5OR7o85,鲸吼,二次元热榜,jinghooo.com,3
pQvNkYzdNE,应急管理部,灾害事故信息,mem.gov.cn,9
1VdJkWMeLQ,生信爱好者周刊,,openbiox.github.io,10
m3adqbmeng,(IN)SECURE Magazine Notification,,helpnetsecurity.com,10
KqndgJLvLl,Adobe Security Bulletins and Advisories,,helpx.adobe.com,10
NRrvW8Qd5z,Azeria Labs,,azeria-labs.com,10
G2me3zbdwj,"Bits, Please!",,bits-please.blogspot.com,10
LwkvlJgez1,Blog de lapinhib0u,,gdelugre.github.io,10
n6YoVpGdZa,sgros-students,,sgros-students.blogspot.com,10
Om4ejqydxE,Broken Browser,,brokenbrowser.com,10
rYqoXGKeOD,cawan's blog,,cawanblog.blogspot.com,10
Q1Vd5Kao85,CCC Event Blog,,events.ccc.de,10
X12owbkeNV,Forcepoint,,blogs.forcepoint.com,10
mproPkBeq6,Retme的未来道具研究所,,retme.net,10
wkvlx4jvz1,Science Magazine Podcast,,sciencemag.org,10
1VdJPMgoLQ,Dezeen,,dezeen.com,10
MZd7xKDerO,聪聪 Blog,,congcong0806.github.io,10
WmoO5ZDd4E,wil.døg(豆瓣导出),,wil.dog,10
pQvNGQNdNE,标点符,,biaodianfu.com,10
2me3xPzowj,老左博客,,laozuo.org,10
DOvnN1lvEB,小z博客,,xiaoz.me,10
qndg14xoLl,站酷 - 左佐工作室,,archerzuo.zcool.com.cn,10
m4ejX6xvxE,站酷 - 灰昼,,huizhou.zcool.com.cn,10
YqoXzK6dOD,站酷 - 黑马青年,,heima.zcool.com.cn,10
aEdZq3BvrO,靠谱电竞 的 bilibili 空间,,space.bilibili.com,10
1VdJ7pkeLQ,我爱音频网,,52audio.com,10
1VdJkqZeLQ,LINUX DO,本月热门话题,linux.do,7
KGoRExZel6,MANA,总榜,manamana.net,2
3QeLkqJd7k,本地宝,东莞焦点资讯,dg.bendibao.com,1
YqoXyYKvOD,金色财经,独家,jinse.cn,6
proPKE6eq6,智通财经,新股,zhitongcaijing.com,6
1Vd5NkWe85,头条热榜,股市榜,toutiao.com,6
WmoOBGEe4E,ITBear,财经资讯,finance.itbear.com.cn,6
BwdGrDXvPx,豆瓣,近期热门动画,douban.com,3
nBe0NR5v37,酷安,评论榜,coolapk.com,2
b0vmrb6dB1,中华网,金融财经频道,finance.china.com,6
3QeLLzze7k,中华网,IPO观察财经频道,finance.china.com,6
anopO8yelZ,SocialBeta,快讯热榜,socialbeta.com,7
6YoVyp7eZa,Memo,最新文章,vcsmemo.com,2
Dgey1kqeZq,idoubi,,idoubi.cv,10
0MdKzw6vw1,腾讯早报,体育早报,z.news.qq.com,3
ARe1A24e7n,腾讯早报,游戏早报,z.news.qq.com,3
aqeEmEPe9R,BBX,Twitter快讯,bbx.cash,6
RrvW0Q7d5z,INDIENOVA,文章,indienova.com,3
KGoREnDel6,本地宝,福州焦点资讯,fz.bendibao.com,1
YKd6zKwdaP,本地宝,太原焦点资讯,ty.bendibao.com,1
proPKM6eq6,深圳证券交易所,IPO项目动态,listing.szse.cn,6
WmoOBNbe4E,深圳证券交易所,全部业务规则,szse.cn,6
1VdJOP0eLQ,精真估,资讯,jingzhengu.com,2
pQvN5B9oNE,IKEA 宜家,低价优选,ikea.cn,5
5PdMXNlvmg,川观新闻,本周热新闻,cbgc.scol.com.cn,1
proPKqBeq6,中华网,医药财经频道,finance.china.com,6
WmoOBDOe4E,🍺 IceBeer,,icebeer.top,10
DOvnM6BoEB,Science News,最新科学,sciencenews.org,2
anopO3KelZ,Synced,热门文章,syncedreview.com,2
3QeLLBWe7k,TechWeb,滚动资讯,techweb.com.cn,2
Ywv4NKXePa,The Verge,Sciences,theverge.com,2
4Kvxw9jokx,AcFun,游戏榜,acfun.cn,3
5PdMXnpvmg,汽车之家论坛,美人生活秀,club.autohome.com.cn,4
x9oz24xoXb,鲁网,山东要闻,sd.sdnews.com.cn,1
yjvQJRjdbg,香港政府新闻网,维护国家安全,sc.news.gov.hk,1
qndgOg0dLl,Scientific American Feature Arti,,scientificamerican.com,10
YqoXN90dOD,坚果极客,,nutgeek.com,10
12owXVJvNV,包子,,baozy.com,10
yjvQ8mnobg,杨辉的个人博客,,yanghui.name,10
x9oz6XYoXb,Scientific American: 60-Second Science,,scientificamerican.com,10
4Kvx0R7vkx,Bikerumor,,bikerumor.com,10
8Rv2GD3dLw,Computational Complexity,,blog.computationalcomplexity.org,10
yjvQY6Dvbg,Programming Praxis,,programmingpraxis.com,10
12owba0eNV,博客园-Darren_聂微东 - 关注WEB前端开发,,cnblogs.com,10
3moBrGyoN5,安徽农业大学新闻网,院部动态,ahau.edu.cn,8
Q0orq5De8B,常州大学新闻网,常大要闻,cczu.edu.cn,8
4Kvx82Pvkx,大连海事大学新闻,媒体海大,dlmu.edu.cn,8
KGoRJxxol6,大连海事大学新闻,海大讲坛,news.dlmu.edu.cn,8
Q0orq12e8B,东北大学新闻网,科研进展,neu.edu.cn,8
qndgWYXdLl,哈尔滨工程大学研究生院,新闻动态,hrbeu.edu.cn,8
m4ej7a1oxE,哈尔滨工程大学研究生院,国际合作与交流项目,hrbeu.edu.cn,8
2me3m10vwj,华东师范大学研究生院,通知公告,yz.kaoyan.com,8
3moB2zJoN5,南京航空航天大学教务处,教学资源,nuaa.edu.cn,8
VaobLJ3dAj,南京信息工程大学,图书馆通知,nuist.edu.cn,8
3adq6Raeng,南开大学教务处,通知公告,nankai.edu.cn,8
8Rv2jYRvLw,上海交通大学研究生招生网招考信息,考点信息,sjtu.edu.cn,8
47o8LrXoMm,郑州大学新闻网,教学科研,zzu.edu.cn,8
5PdMm2Xdmg,郑州大学新闻网,郑大故事,zzu.edu.cn,8
BwdG2x8vPx,重庆大学信息化办公室主页,语言文字,cqu.edu.cn,8
BwdG22LvPx,中国政协网,图片集,cppcc.gov.cn,9
1VdJZJ8dLQ,中央统战部网站,统战时讯,zytzb.gov.cn,9
proP0KOoq6,中共中央网络安全和信息化委员会办公室,黑龙江省,cac.gov.cn,9
12ow4JJvNV,中共中央网络安全和信息化委员会办公室,湖北省,cac.gov.cn,9
KGoROwDvl6,中共中央网络安全和信息化委员会办公室,西藏自治区,cac.gov.cn,9
Ywv40NRvPa,中共中央网络安全和信息化委员会办公室,青海省,cac.gov.cn,9
Q0or6DDo8B,中国机构编制网,地方编办建设,scopsr.gov.cn,9
nBe0gDDd37,中共中央党史和文献研究院,文献编辑,dswxyjy.org.cn,9
WmoOr9be4E,中共中央党史和文献研究院,经典编译,dswxyjy.org.cn,9
YqoXK94eOD,中共中央党史和文献研究院,馆藏资源,dswxyjy.org.cn,9
anopyEBvlZ,火山字型,,aifont.com,10
aEdZg0XerO,莆田市仙游县人民政府,公示公告,xianyou.gov.cn,9
qndg40peLl,InfosecMatter,,infosecmatter.com,10
yjvQPVPobg,魚立说,,yulisay.com,10
aqeEZ5lo9R,DEV Community,Year Top,dev.to,7
Q0orBr2o8B,Telegram Blog,,telegram.org,10
qndggOXdLl,「108将」实战分享,,jiazhen108.com,10
4Kvxjm9ekx,北青社区报,电子报,sqb.ynet.com,12
5PdMlPbvmg,上汽安吉物流报,电子报,anji.ysneo.com,12
3moBZWyoN5,半岛都市报,电子报,bddsb.bandao.cn,12
aqeEZ0lo9R,三峡日报,电子报,epaper.cn3x.com.cn,12
12owmQrdNV,当代生活报,电子报,ddshb.epaper.gxrb.com.cn,12
4Kvxjajekx,钦州日报,电子报,dzb.gxqzxw.com,12
aqeEZ7Do9R,天水日报,电子报,tsrb.com.cn,12
aqeEZNro9R,ScienceDirect Publication: Earth and Planetary Science Letters,,sciencedirect.com,10
b0vmglJeB1,阿克苏日报,电子报,aksrb.cn,12
Jndkwkpd3V,AWS,近期公告,aws.amazon.com,10
WmoO7MEo4E,千古壹号,,qianguyihao.com,10
1VdJ38neLQ,PANews,精选,panewslab.com,6
BwdGEZJoPx,快科技,科技发布会,news.mydrivers.com,2
qndgBA8vLl,Product Hunt 日报,每日精华,product-daily.haha.ai,7
pQvNOPJdNE,百度,汽车榜,baidu.com,2
Q0orD9Pd8B,BBC,Technology,bbc.co.uk,2
aEdZx0BorO,联合早报,即时新加坡,zaobao.com,1
mDOvn8yeEB,🔐Blog of Osanda,,osandamalith.com,10
wWmoODbv4E,code white | Blog,,codewhitesec.blogspot.com,10
j8Rv2GKdLw,CSK.Blog,,csksoft.net,10
74Kvx0Pvkx,cyber.wtf,,cyber.wtf,10
L4MdAjLexD,Hack The World,,jcjc-dev.com,10
KGoRABbel6,三叶资源网,,sanye.cx,10
2me38pEowj,Gastroenterology,,gastrojournal.org,10
aEdZqyNvrO,山东大学研究生院,工作通知,sdu.edu.cn,8
qndgqJ0oLl,前端合集,,geek100.com,10
4MdALJlvxD,V2EX,分享创造,v2ex.com,4
b0vmYXLvB1,Google Online Security Blog,,security.googleblog.com,10
nBe0AOQo37,GitHub,Trending PHP Today,github.com,7
Q0orPKWd8B,GitHub,Trending Hack Today,github.com,7
RrvWAk7e5z,GitHub,Trending Makefile Today,github.com,7
2KeDMa6oNP,GitHub,Trending Nextflow Today,github.com,7
aEdZWPVerO,GitHub,Trending Nim Today,github.com,7
47o8352eMm,GitHub,Trending OCaml Today,github.com,7
0MdKJaavw1,GitHub,Trending Pug Today,github.com,7
4Kvxy6rdkx,GitHub,Trending Racket Today,github.com,7
7GdaZKkeQy,GitHub,Trending REXX Today,github.com,7
DOvnlNBeEB,conge,,conge.github.io,10
4MdArLPexD,中华人民共和国公安部,警方提示,mps.gov.cn,9
VaobZmgoAj,中华人民共和国公安部,服务公告,mps.gov.cn,9
2me339newj,中华人民共和国公安部,工作动态,mps.gov.cn,9
3adqqZ3dng,中华人民共和国公安部,各地警务,mps.gov.cn,9
b0vmZbldB1,中华人民共和国司法部,立法工作,moj.gov.cn,9
wkvlZbqez1,中华人民共和国水利部,招标公告,mwr.gov.cn,9
b0vmZw8dB1,中华人民共和国水利部,审批公告,mwr.gov.cn,9
2me33kxewj,中华人民共和国应急管理部,救援力量,mem.gov.cn,9
m4ejZlmexE,国家核安全局,环境要闻,nnsa.mee.gov.cn,9
3moB0BEdN5,小羿,,xiaoyi.vc,10
m4ejZD3exE,TO-D 杂志,,2d2d.io,10
MZd73DpdrO,网易专栏,哒哒,3g.163.com,1
5PdM16Rdmg,起点中文网,限时免费,qidian.com,3
WmoOWbmo4E,陕西省卫生健康委员会,卫健要闻,sxwjw.shaanxi.gov.cn,9
Ywv43xpoPa,中华人民共和国文化和旅游部,公告,zwgk.mct.gov.cn,9
2me33Wkewj,川观新闻,人事,cbgc.scol.com.cn,1
WmoOW1bo4E,河青新闻网,河北新闻,hbynet.net,1
8Rv2r1RvLw,悦西安网,最新热门,justxa.com,4
yjvQkNBebg,哈佛商业评论,评论首页,hbrchina.org,6
4MdAkaboxD,七猫中文网,完结榜 ‧ 女生,qimao.com,3
Vaob1PneAj,黑客说,最新帖子,hackertalk.net,7
1Vd5OWNo85,前端精读周刊,,github.com,10
wkvlzmBez1,中华人民共和国最高人民法院,司法解释,court.gov.cn,9
WmoOy3md4E,京东,家装家纺‧ 热销榜,jd.com,5
Ywv4PKBvPa,理想股票技术论坛,最新热门,55188.com,4
WmoO7kOo4E,GitHub,Trending Haskell Today,github.com,7
12owDABvNV,GitHub,Trending JSON Today,github.com,7
4KvxyXrdkx,GitHub,Trending Jupyter Notebook Today,github.com,7
YKd63kOeaP,GitHub,Trending Lua Today,github.com,7
wkvlZRrez1,GitHub,Trending Nix Today,github.com,7
b0vmZyAdB1,GitHub,Trending OpenSCAD Today,github.com,7
Q0or3ZWv8B,GitHub,Trending Pascal Today,github.com,7
proPWMneq6,GitHub,Trending Perl Today,github.com,7
WmoOWNOo4E,GitHub,Trending PLpgSQL Today,github.com,7
x9oz3KxvXb,GitHub,Trending PLSQL Today,github.com,7
YqoXWY0eOD,GitHub,Trending PostScript Today,github.com,7
1VdJKPpeLQ,GitHub,Trending Puppet Today,github.com,7
WmoOW2Ro4E,中华人民共和国司法部,立法意见征集,moj.gov.cn,9
0MdKJx6vw1,中华人民共和国财政部,部领导动态,mof.gov.cn,9
7GdaZ1peQy,中华人民共和国住房和城乡建设部,领导动态,mohurd.gov.cn,9
47o838jeMm,中华人民共和国水利部,地方水事,mwr.gov.cn,9
VaobZrGoAj,中华人民共和国应急管理部,通知公告,mem.gov.cn,9
BwdGXGjePx,中华人民共和国应急管理部,媒体信息,mem.gov.cn,9
ENeYW1qvY4,中华人民共和国海关总署,海关法规,customs.gov.cn,9
2KeDMxMoNP,国家广播电视总局,总局要闻,nrta.gov.cn,9
ENeYWV6vY4,乘联会,行业新闻,cpcaauto.com,9
yjvQW6Vebg,乘联会,经济与政策,cpcaauto.com,9
MZd730YdrO,爱在冰川 的雪球全部动态,,xueqiu.com,10
VaobZBBoAj,效率火箭，火箭君的新博客,,xlrocket.blog,10
qndgZAZvLl,中华人民共和国教育部,高校领导班子建设,moe.gov.cn,9
1Vd5Z9We85,河北网络广播电视台,要闻,hebtv.com,1
47o83w0eMm,中国政府网,国务院任免国家工作人员,gov.cn,9
Ywv4PJzvPa,七猫中文网,原创风云榜 ‧ 女生,qimao.com,3
RrvW0Ogd5z,七猫中文网,原创飞跃榜 ‧ 女生,qimao.com,3
proPkOkeq6,国家发展和改革委员会,领导动态,ndrc.gov.cn,9
1VdJkYaeLQ,中华人民共和国文化和旅游部,通知,zwgk.mct.gov.cn,9
12owg5joNV,福缘创业网,最新热门,bbs.fuyuan6.com,4
RrvW04gd5z,Hugging Face,Most downloads Models,huggingface.co,7
DOvnXrpeEB,中国支付清算协会,法规制度,pcac.org.cn,9
b0vm8gJoB1,中央统战部网站,多党合作,zytzb.gov.cn,9
BwdG2X6vPx,中国长安网,长安微视,chinapeace.gov.cn,9
aEdZgWNerO,中国长安网,天津,chinapeace.gov.cn,9
6YoV5WNeZa,中国长安网,山西,chinapeace.gov.cn,9
m4ej6Z3exE,中国长安网,浙江,chinapeace.gov.cn,9
1Vd5PO8v85,中国长安网,广东,chinapeace.gov.cn,9
m4ej6PyexE,中国长安网,四川,chinapeace.gov.cn,9
RrvWByQo5z,中共中央网络安全和信息化委员会办公室,宁夏回族自治区,cac.gov.cn,9
m4ej6wyexE,中国机构编制网,动态,scopsr.gov.cn,9
proP0LOoq6,中国机构编制网,深化事业单位改革,scopsr.gov.cn,9
WmoOrzbe4E,旗帜网,旗帜图话,qizhiwang.org.cn,9
wkvl6YYez1,UX Planet,,uxplanet.org,10
KGoRObbvl6,Diff客旅日记,,diff.im,10
BwdG2ZLvPx,Clément Notin | Blog,,clement.notin.org,10
m4ej6j3exE,evilsocket,,evilsocket.net,10
WmoOr1ke4E,北京航空航天大学研究生招生信息网,学历硕士,buaa.edu.cn,8
BwdG2J6vPx,东北大学研究生招生信息网,硕士公告,neu.edu.cn,8
0MdKlZJew1,广州市黄埔区人民政府,街镇动态,hp.gov.cn,9
anopXb9olZ,Nansey的博客,,nansey.me,10
yjvQlNnobg,文汇报,国内,whb.cn,1
Jndk0Epe3V,新京报,娱乐,bjnews.com.cn,3
8Rv2aanoLw,煎鱼,,eddycjy.com,10
YKd6aGjvaP,南充人事考试网,新闻中心,ncpta.e21cn.com,9
2KeDZ9QvNP,中国质量报,电子报,cqn.com.cn,12
aEdZjxMdrO,城市导报,电子报,citynews.eastday.com,12
proP86loq6,鞍钢日报,电子报,newsansteel.cn,12
YqoXgBKeOD,金华日报,电子报,jhrb.epaper.jhnews.com.cn,12
1Vd5a6ad85,金华晚报,电子报,jhwb.epaper.jhnews.com.cn,12
x9oz0GYdXb,滁州日报,电子报,szbk.chuzhou.cn,12
1Vd5amad85,黄山日报,电子报,hsdaily.cn,12
8Rv2a51oLw,随州日报,电子报,szrb.sz-news.com.cn,12
DgeyrLBoZq,黔东南日报,电子报,dzb.qdnrbs.cn,12
1Vd5aLNd85,青海法制报,电子报,qhfzb.com,12
anoprmRdlZ,拉萨晚报,电子报,lswb.lasaribao.com,12
x9ozJjYoXb,芜湖金周刊,电子报,jzk.epaper.wuhunews.cn,12
8Rv2ZBDvLw,石狮收藏快报,电子报,epaper.dfsc.com.cn,12
4qv92DpdaK,人民网观点,文化艺术,opinion.people.com.cn,1
Q0orP9Od8B,人文与社会,,wen.org.cn,10
1VdJJandLQ,光明网,地评线,guancha.gmw.cn,1
anoprVEdlZ,AAAS: Science: Table of Contents,,science.org,10
Q0orPm2d8B,whyes的博客,,whyes.org,10
1Vd52qMe85,网络热度,,packetmania.net,10
12ow53rdNV,Huiliu,,fucktheworld.top,10
pQvNkDmdNE,本地宝,南昌焦点资讯,nc.bendibao.com,1
anopBL9dlZ,财联社,券商,cls.cn,6
8Rv2NMKvLw,有知有行,知行小酒馆,youzhiyouxing.cn,6
KGoRwmxvl6,证券时报网,基金,stcn.com,6
2KeDgEXdNP,证券时报网,公司新闻,stcn.com,6
DOvnMyDoEB,智通财经,港股,zhitongcaijing.com,6
qndgyxZoLl,智通财经,创投,zhitongcaijing.com,6
b0vmrmLdB1,智通财经,公告,zhitongcaijing.com,6
JndkmM7o3V,豆瓣,近期热门国产剧,douban.com,3
4qv9NBXdaK,豆瓣,近期热门美剧,douban.com,3
3adqzjzeng,豆瓣,本月热门新剧推荐,douban.com,3
Dgey15NeZq,豆瓣,本月热门电影推荐,douban.com,3
wkvljNYez1,豆瓣,新书速递,book.douban.com,3
5PdMXLEvmg,豆瓣,新书速递-社会纪实,book.douban.com,3
4Kvxwgjokx,SocialBeta,流行风向,socialbeta.com,7
m4ejgZroxE,数字尾巴,每日一言,dgtle.com,2
47o8k2DeMm,WeGame游戏商店,口碑佳作,wegame.com.cn,3
5PdMXz0vmg,BBX,精选快讯,bbx.cash,6
8Rv2NQgvLw,AcFun,音乐榜,acfun.cn,3
x9oz2R6oXb,黑域基地,,hybase.com,10
KGoRw7bvl6,香港政府新闻网,政府评论,sc.news.gov.hk,1
qndgOy8dLl,比利鱼,,biliyu.com,10
Q0orOGOv8B,YY哥,,hustcat.github.io,10
aqeEjpVo9R,Kubernetes Blog,,kubernetes.io,10
1VdJNq0dLQ,中国日报,新闻播报,language.chinadaily.com.cn,1
12owLOkvNV,中国日报,专栏作家,language.chinadaily.com.cn,1
1VdJN90dLQ,The Django weblog,,djangoproject.com,10
0MdKQr4ow1,ryank231231.blog,,ryank231231.top,10
DOvn89qeEB,LispCast,,lispcast.com,10
1VdJY2ZvLQ,Science Blog - Science news straight from the source,,scienceblog.com,10
1Vd5QPGd85,爱在灵灵久博客,,blog.az009.com,10
aEdZw7OerO,Scientific American Content: Global,,scientificamerican.com,10
aEdZaDMvrO,RaceFans,,racefans.net,10
1VdJBOgdLQ,累牍,非虚构写作,chinanonfiction.com,10
2KeDPrYeNP,トヨタ自動車株式会社,公式企業サイト,global.toyota,9
ENeYaYReY4,HackingDocs,,docs.hackinglab.cn,10
1Vd5r0ae85,江苏省人民政府,征集调查,jiangsu.gov.cn,9
qndgWAZdLl,重庆两江新区信息公开网,公示公告,ljxq.cq.gov.cn,9
KGoRJXxol6,北京航空航天大学,科教在线,buaa.edu.cn,8
m4ej7zgoxE,东北大学新闻网,媒体东大,neu.edu.cn,8
1Vd5PkNv85,上海海事大学,通知公告,shmtu.edu.cn,8
wkvl6BBez1,上海交通大学教务处,新闻中心,sjtu.edu.cn,8
anopypqvlZ,上海交通大学研究生招生网招考信息,院系动态,sjtu.edu.cn,8
4KvxZE1ekx,上海科技大学,活动,shanghaitech.edu.cn,8
7GdazgOeQy,上海立信会计金融学院会计学院,通知公告,lixin.edu.cn,8
YqoXKMxeOD,浙大研究生院,学科建设,grs.zju.edu.cn,9
wkvl6WPez1,郑州大学新闻网,基层动态,zzu.edu.cn,8
QaqeE1je9R,blog[wuntee],,blog.wuntee.sexy,10
qENeYNjoY4,CyberESI,,cyberesi.com,10
K7Gdak7oQy,Damien DeVille,,ddeville.me,10
mproPx6oq6,Exodus Intelligence,,blog.exodusintel.com,10
Q1Vd5PMv85,Malwarebytes Labs,,blog.malwarebytes.org,10
WmoO59Ed4E,折纸|折纸的白叔,,space.bilibili.com,10
JndkpzZe3V,博客园_北京-宏哥,,cnblogs.com,10
b0vmYk6vB1,Do Great Things -  叶玎玎,,yedingding.com,10
qndgqnmoLl,知乎专栏,ng-nice,zhuanlan.zhihu.com,10
QaqeEVMo9R,Ele7enxxh's Blog,,ele7enxxh.com,10
BwdGjBgvPx,WebShell'S Blog,,webshell.cc,10
12ow2zjeNV,Journal of Cell Science current,,jcs.biologists.org,10
WmoOGRlo4E,古博,,gubo.org,10
2me3xKZowj,出家如初，成佛有余,,yeeach.com,10
nBe0xZ5e37,奶牛博客 ubuntu,,nenew.net,10
ENeYQpReY4,SCP-500 blog,,blog.scp500.com,10
8Rv2YyDoLw,知乎专栏,宋世泊,zhuanlan.zhihu.com,10
anoppP9olZ,知乎专栏,Enjoy雅趣,zhuanlan.zhihu.com,10
YqoXlx4oOD,Sploitus.com Exploits RSS Feed,,sploitus.com,10
0MdKVXpvw1,老王的智能终端安全专栏,,blog.csdn.net,10
4qv95K1vaK,川观新闻,聚焦新闻,cbgc.scol.com.cn,1
proPk9keq6,ZAKER,体育,myzaker.com,3
WmoOy1kd4E,Lex Fridman Podcast,,lexfridman.com,10
5PdMDYGvmg,直播吧,综合新闻,news.zhibo8.com,3
Dgeyj4poZq,金色财经,政策,jinse.cn,6
m4ejgRyoxE,金色财经,精选,jinse.cn,6
3QeLLZJe7k,金色财经,头条,jinse.cn,6
MZd7N9lvrO,证券时报网,金融,stcn.com,6
Ywv4NQpePa,证券时报网,评论,stcn.com,6
RrvWyqke5z,证券时报网,产经,stcn.com,6
Jndkmppo3V,证券时报网,创投,stcn.com,6
aqeEmaMe9R,川观新闻,本月热新闻,cbgc.scol.com.cn,1
aEdZyLkvrO,豆瓣,即将上映的电影,movie.douban.com,3
3moBNZVoN5,证券日报网,一周排行,zqrb.cn,6
YqoXyV8vOD,老郭种树,破茧日报,guozh.net,10
3moBNyMoN5,TechWeb,网络,techweb.com.cn,2
wkvljwYez1,4Gamers,限時免費,4gamers.com.tw,3
7GdayWydQy,Tomsguide,AI,tomsguide.com,2
qndgyr0oLl,BBX,市场快讯,bbx.cash,6
12owJkreNV,AcFun,娱乐榜,acfun.cn,3
anopOJKelZ,香港政府新闻网,财经,sc.news.gov.hk,6
4KvxwQ9okx,香港政府新闻网,教育与就业,sc.news.gov.hk,1
YKd6MZqvaP,香港政府新闻网,行政与公民事务,sc.news.gov.hk,1
JndkmLLo3V,香港政府新闻网,环境,sc.news.gov.hk,1
Q0orPAnd8B,GitHub,Trending Objective-C Today,github.com,7
7GdaZ8keQy,GitHub,Trending Less Today,github.com,7
MZd739PdrO,GitHub,Trending LLVM Today,github.com,7
6YoVWG3vZa,GitHub,Trending NSIS Today,github.com,7
ENeYWLDvY4,GitHub,Trending Raku Today,github.com,7
yjvQWNzebg,GitHub,Trending Ren&#39;Py Today,github.com,7
RrvWAV3e5z,中华人民共和国国家民族事务委员会,政策文件,neac.gov.cn,9
3adqqDZdng,中华人民共和国水利部,财务信息,mwr.gov.cn,9
qndgZLWvLl,中华人民共和国水利部,受理公示,mwr.gov.cn,9
DOvnlW1eEB,中华人民共和国审计署,审计要闻,audit.gov.cn,9
x9oz367vXb,程序员的喵,,catcoding.me,10
3QeLwYJd7k,糯米PHP,热门主题,nuomiphp.com,4
x9oz3rnvXb,好工具周刊,,bestxtools.github.io,10
0MdKJz8vw1,每经网,每经头条,nbd.com.cn,6
3QeLwmxd7k,中国科普网,科普资讯,kepu.gov.cn,9
ARe13anv7n,健身有了方法,,jianshenup.com,10
ARe1342v7n,文化有限,,xiaoyuzhoufm.com,10
aqeEzxjo9R,二泉论坛,最新热门,bbs.wst.cn,4
b0vmZPLdB1,京工网,新闻速览,workerbj.cn,1
qndgZEXvLl,云南网,时政,yn.yunnan.cn,1
nBe0y75o37,内蒙古新闻网,时政新闻,inews.nmgnews.com.cn,1
12owD1avNV,江西省人民政府,最新发布,jiangxi.gov.cn,9
47o83V0eMm,即刻圈子,运营的日常,okjike.com,10
Q0or312v8B,即刻圈子,科技圈大小事,okjike.com,10
Vaob1bqeAj,七猫中文网,收藏榜 ‧ 女生,qimao.com,3
4qv95x0vaK,猫和柴的野游,,meowshiba.com,10
b0vmLWAoB1,福建省人民政府,最新文件,fujian.gov.cn,9
1VdJk4peLQ,山东省人民政府,通知公告,shandong.gov.cn,9
nBe0mpEo37,四川省人民政府,最新发布,sc.gov.cn,9
yjvQkzjebg,中华人民共和国司法部,规章,moj.gov.cn,9
DOvnX81eEB,中华人民共和国住房和城乡建设部,政策发布,mohurd.gov.cn,9
aqeEk1Vv9R,交通运输部,新闻,mot.gov.cn,9
Ywv4P0MvPa,中国科学院,通知公告,casad.cas.cn,9
5PdMDmbvmg,国务院国资委,人事,sasac.gov.cn,9
3moBlDMdN5,豌豆花下猫 | Python猫,Python潮流周刊,pythoncat.top,10
YqoXP5PoOD,前端食堂,,hungryturbo.zhubai.love,10
6YoVr3xoZa,中华人民共和国最高人民法院,司法文件,court.gov.cn,9
anopBQZdlZ,HEU8,,heu8.net,10
4MdAx0lvxD,中央统战部网站,少数民族,zytzb.gov.cn,9
x9ozwrYvXb,中国长安网,甘肃,chinapeace.gov.cn,9
nBe0gNjd37,中共中央网络安全和信息化委员会办公室,吉林省,cac.gov.cn,9
YqoXK2KeOD,中国机构编制网,其他领域改革,scopsr.gov.cn,9
m4ej6wgexE,中国机构编制网,社会信用代码管理,scopsr.gov.cn,9
Jndk6Apv3V,旗帜网,职工之家,qizhiwang.org.cn,9
BwdG28MvPx,旗帜网,老龄工作,qizhiwang.org.cn,9
4qv9XMnoaK,二三事,,jessieji.com,10
YKd6OZzeaP,DoomsDay Vault - Articles,,x-c3ll.github.io,10
x9ozwkKvXb,winter's Blog,,blog.winterchen.com,10
YqoXKrKeOD,Terrarum::异世界丨居正博客,,blog.skyju.cc,10
RrvWBmQo5z,墨守,,moshou.me,10
ARe1WQlv7n,ZAKER,理财,myzaker.com,6
DgeyrJBoZq,灵感电台,,museradio.net,10
1Vd5aO5d85,中国邮政报,电子报,chinapostnews.com.cn,12
anopX9RolZ,大同日报,电子报,dtrb.epaper.dtnews.cn,12
WmoOlbkv4E,淮安日报,电子报,szb.hynews.net,12
3QeLlmGe7k,京江晚报,电子报,jjwb.szb.jsw.com.cn,12
ARe1W7pv7n,淮海晚报,电子报,szb.hynews.net,12
ENeYmwweY4,宜兴日报,电子报,paper.cnyixing.cn,12
wkvlPOgvz1,德清新闻,电子报,dqxw.yunpaper.cn,12
aqeEZpMo9R,安庆日报,电子报,aqdzb.aqnews.com.cn,12
qndggGZdLl,安庆晚报,电子报,aqdzb.aqnews.com.cn,12
3QeLlyEe7k,中原地铁报,电子报,dtb.zynews.cn,12
WmoOl3Ev4E,平顶山晚报,电子报,pdswb.epaper.pdsxww.com,12
BwdGlOXePx,许昌晨报,电子报,xccb.szb.21xc.com,12
4KvxjNEekx,十堰日报,电子报,syrb.10yan.com,12
5PdMlzEvmg,邵阳日报,电子报,szb.shaoyangnews.net,12
1Vd5alGd85,海丰报,电子报,haifeng.wxhftv.com,12
1VdJlLgoLQ,南国今报,电子报,epaper.gxrb.com.cn,12
aqeEZ73o9R,海东日报,电子报,epaper.dbcsq.com,12
47o8ba2dMm,中国贸易新闻网,要闻,chinatradenews.com.cn,1
Jndk0RLe3V,忻州日报,电子报,szb.xzrbw.com,12
4MdA081vxD,岳阳日报,电子报,papers.803.com.cn,12
VaobPJ8dAj,张家界日报,电子报,paper.zjjnews.cn,12
MZd72D6vrO,半月谈,区域风采,banyuetan.org,1
VaobPAgdAj,人民网观点,政治经济,opinion.people.com.cn,1
x9ozJNboXb,電腦王,,pcadv.techbang.com,10
4qv92ymdaK,南京审计大学教务处,教务通知,nau.edu.cn,8
nBe0ALjo37,老罗的Android之旅,,blog.csdn.net,10
x9ozJXMoXb,wentao's blog,,wentao.org,10
ARe1x0Zd7n,记事本,,rk700.github.io,10
MZd7BQxvrO,Mozilla Security Blog,,blog.mozilla.org,10
8Rv2Y3BoLw,经济观察网,评论,eeo.com.cn,6
yjvQ8XVobg,反斗限免,Android,free.apprcn.com,10
7Gda1PQdQy,反斗限免,游戏,free.apprcn.com,10
MZd7MrOorO,Rust语言中文社区,每日新帖,rust.cc,4
12owXOJvNV,Anhkgg'Lab,,anhkgg.github.io,10
BwdGDqaePx,Android Central - Android Forums,,androidcentral.com,10
7GdakypoQy,经济观察网,TMT,eeo.com.cn,6
3adqyVadng,fivestone,,blog.fivest.one,10
DgeyPVRdZq,夏泉的后院,,hxueh.net,10
nBe09VKo37,Google China Blog,,googlechinablog.blogspot.com,10
2KeDVqAvNP,生活的左上角,,bwskyer.com,10
7GdaqVOdQy,博客园_自由、创新、研究、探索,,cnblogs.com,10
aEdZwzgerO,博客园_浪迹天涯,,cnblogs.com,10
RrvWJDDo5z,田间小站,,tjxz.cc,10
3adq7qzong,一杯茶,,zuoyu.top,10
ARe1EAZe7n,年华转瞬,,blog.xiaket.org,10
aEdZa6nvrO,トヨタ自動車,企業情報,toyota.co.jp,9
3adq7aZong,quanyechavshuo,,3xp10it.cc,10
aEdZaEXvrO,Security Reliks,,securityreliks.wordpress.com,10
nBe0BwDv37,安徽工业大学,学校要闻,ahut.edu.cn,8
YKd60AKoaP,大连海事研究生院,博士研究生通知,grs.dlmu.edu.cn,9
2me3mqkvwj,电子科技大学,新闻中心 文化,uestc.edu.cn,8
DgeyDaMdZq,电子科技大学新闻中心,信息公告,uestc.edu.cn,8
8Rv2gJ1dLw,湖北大学,湖大要闻,hubu.edu.cn,8
DgeykxRvZq,南开大学,南开要闻,nankai.edu.cn,8
aqeE2KPo9R,山东大学软件学院,通知公告,sdu.edu.cn,8
3moB2a8oN5,上海海事大学,教务新闻,shmtu.edu.cn,8
1VdJZpMdLQ,上海海洋大学,通知公告,shou.edu.cn,8
4KvxZ51ekx,上海海洋大学,科技前沿,shou.edu.cn,8
ARe1mx7e7n,上海交通大学研究生招生网招考信息,港澳台招生,sjtu.edu.cn,8
6YoV5xxeZa,同济大学软件学院,学院通知,tongji.edu.cn,8
ARe1m5qe7n,浙大就业服务平台,告示通告,career.zju.edu.cn,9
3adq62yeng,浙江工业大学,三创·人物,zjut.edu.cn,8
3QeLg1xd7k,中国石油大学（华东）,通知公告,upc.edu.cn,8
wkvlAMydz1,网易云音乐,吉利车友爱听榜,music.163.com,3
2KeDDQQeNP,MT论坛,最新精华,bbs.binmt.cc,4
7GdaP7OvQy,新浪热榜,体育热榜,rank.sinanews.sina.cn,3
7GdaA9YdQy,博友圈,推荐文章聚合,boyouquan.com,1
proPyGpvq6,国家体育总局航空无线电模型运动管理中心,通知公告,asfcyy.com,9
4KvxRL1ekx,百度,电影榜,baidu.com,3
4MdA7nboxD,哔哩哔哩,时尚美妆榜,bilibili.com,3
qndgB20vLl,世界经理人,最新动态,icxo.com,6
m4ejwYVoxE,大众网,八方来评,dzwww.com,1
b0vmpa6oB1,闪电新闻,地评线,sdxw.iqilu.com,1
BwdGEnJoPx,哔哩哔哩,动物榜,bilibili.com,3
WmoO7Zmo4E,GitHub,Trending Swift Today,github.com,7
yjvQWgzebg,GitHub,Trending Lean Today,github.com,7
VaobZGOoAj,GitHub,Trending Meson Today,github.com,7
Dgey3BnvZq,GitHub,Trending nesC Today,github.com,7
5PdM15pdmg,GitHub,Trending Odin Today,github.com,7
m4ejZR4exE,GitHub,Trending P4 Today,github.com,7
3moB0YzdN5,GitHub,Trending Processing Today,github.com,7
12owD2BvNV,GitHub,Trending PureBasic Today,github.com,7
pQvNyBVoNE,GitHub,Trending Rascal Today,github.com,7
7GdaZgLeQy,中华人民共和国国家民族事务委员会,民族统计,neac.gov.cn,9
5PdM13Zdmg,中华人民共和国水利部,司局直属,mwr.gov.cn,9
Dgey385vZq,中华人民共和国应急管理部,工作动态,mem.gov.cn,9
YqoXWq6eOD,国家核安全局,导则和技术文件,nnsa.mee.gov.cn,9
qndgZDmvLl,国家核安全局,公示公告,nnsa.mee.gov.cn,9
3adqqxMdng,国家广播电视总局,公告公示,nrta.gov.cn,9
JndkZ6pv3V,黑水公园,,ximalaya.com,10
pQvNymVoNE,CnEVPost,,cnevpost.com,10
m4ejZ3gexE,中华人民共和国教育部,教育部领导,moe.gov.cn,9
4KvxyLPdkx,中华人民共和国生态环境部,公告,mee.gov.cn,9
x9oz3xMvXb,长城网,人事变动,news.hebei.com.cn,1
8Rv2n31vLw,七猫中文网,原创飞跃榜 ‧ 男生,qimao.com,3
5PdM1YEdmg,即刻圈子,你不知道的行业内幕,okjike.com,10
aqeEzBlo9R,即刻圈子,一起看电影,okjike.com,10
RrvW0jxd5z,太隐,,wangyurui.com,10
3QeLkzxd7k,每经网,首发快讯,nbd.com.cn,6
Q0orJbWo8B,福建省人民政府,法律法规,fujian.gov.cn,9
BwdGkx8dPx,广东省人民政府,文件库,gd.gov.cn,9
8Rv2rOwvLw,中华人民共和国公安部,公安要闻,mps.gov.cn,9
7Gdaw9poQy,中华人民共和国司法部,行政规范性文件,moj.gov.cn,9
Ywv4PLxvPa,中华人民共和国人力资源和社会保障部,任免,mohrss.gov.cn,9
5PdMDZZvmg,交通运输部,通知公告,xxgk.mot.gov.cn,9
nBe0mMyo37,中华人民共和国农业农村部,部领导,moa.gov.cn,9
ARe1jK4o7n,中华人民共和国文化和旅游部,行政法规,zwgk.mct.gov.cn,9
yjvQkYjebg,应急管理部,新闻发布会,mem.gov.cn,9
KGoREkbel6,应急管理部,通报,mem.gov.cn,9
wkvlz6jez1,中国经济网,地方人事任免,district.ce.cn,9
proPk8leq6,Gitee,最新推荐项目,gitee.com,7
JndkOGQd3V,Hugging Face,Trending Datasets,huggingface.co,7
47o8XyroMm,中国支付清算协会,行业报告,pcac.org.cn,9
wWmoORe4EO,V2EX,今日热议,v2ex.com,4
rx9ozOYvXb,Bastian Bloessl,,bastibl.net,10
20MdKK5dw1,Flanker Sky,,blog.flanker017.me,10
n3moBrMoN5,Securelist,,securelist.com,10
Q1Vd5OGo85,RIPS Technologies Blog,,blog.ripstech.com,10
qndgxQmeLl,经济观察网,营销,eeo.com.cn,6
m4ejbN3exE,Bored Panda,,boredpanda.com,10
4MdA8nlvxD,Human Molecular Genetics - curre,,hmg.oxfordjournals.org,10
aqeEKyxv9R,PNAS,,pnas.org,10
5PdMxYavmg,虎扑,篮球新闻,voice.hupu.com,3
wkvlxg4vz1,笑话人生,,cylong.com,10
12owWEloNV,秋水逸冰,,teddysun.com,10
aEdZq9gvrO,龙爪槐守望者,体验碎周报,ftium4.com,10
Q0orp6Od8B,站酷 - EthankDesign,,ethankdesign.zcool.com.cn,10
12owW4woNV,站酷 - Jady13_剑杰,,jady13.zcool.com.cn,10
0MdKLrOew1,反斗限免,Mac,free.apprcn.com,10
1Vd58k8v85,文汇报,笔会,whb.cn,1
5PdMajbdmg,知乎专栏,Angular 进阶,zhuanlan.zhihu.com,10
proPkXpeq6,Innomad一挪迈,,innomad.io,10
1Vd5OqKo85,LINUX DO,最新帖子,linux.do,7
JndkORVd3V,本地宝,沈阳焦点资讯,sy.bendibao.com,1
3adqK9mong,本地宝,哈尔滨焦点资讯,heb.bendibao.com,1
2KeD9O5oNP,金色财经,行情,jinse.cn,6
6YoVyGGeZa,金色财经,产业,jinse.cn,6
yjvQJgndbg,证券时报网,公司,stcn.com,6
3adqzRxeng,证券时报网,股市一览,stcn.com,6
WmoOB5be4E,智通财经,市场,zhitongcaijing.com,6
YqoXyQ4vOD,中国货币网,本币市场公告,chinamoney.com.cn,6
DOvnMELoEB,豆瓣,新书速递-小说,book.douban.com,3
YKd6M8JvaP,酷安话题,薅羊毛小分队,coolapk.com,10
3adqzyyeng,生活周刊,,wukaipeng.com,10
aqeEmMVe9R,TechWeekly,,textdata.cn,10
b0vmrg8dB1,视野修炼,技术周刊,sugarat.top,10
8Rv2NnwvLw,Synced,最新文章,syncedreview.com,2
m4ejgOVoxE,BBX,BTC快讯,bbx.cash,6
WmoOBnOe4E,山东广播电视台,山东新闻联播,v.iqilu.com,1
8Rv2N3wvLw,香港政府新闻网,特写,sc.news.gov.hk,1
MZd7MDxorO,反斗限免,Windows,free.apprcn.com,10
yjvQ86zobg,轻时代,,lighti.me,10
x9ozn8xoXb,I Love Free Software,,ilovefreesoftware.com,10
Q0orOnOv8B,Arch Linux: Recent news updates,,archlinux.org,10
wkvlN9gez1,Antonio Leiva,,antonioleiva.com,10
BwdGDNMePx,NOI 全国青少年信息学奥林匹克竞赛,各省新闻,noi.cn,1
3moBJqyoN5,中国日报,译词课堂,language.chinadaily.com.cn,1
Ywv49wXdPa,Fork my life,,vulgur.github.io,10
4MdA1WGdxD,QIWIHUI,,qiwihui.com,10
wkvl4kBvz1,白板报,,wangpei.net,10
qndgk3xdLl,freeaday免费资源网,,freeaday.com,10
JndkD3pe3V,科学网博客,精选博文,blog.sciencenet.cn,2
m4ejQDgdxE,NEJM-Oncology,,nejm.org,10
12owbraeNV,MarginNote 中文社区,最新帖子,bbs.marginnote.cn,10
yjvQxPnobg,Ask Pastor John,,desiringgod.org,10
2KeDPMDeNP,云游君的小站,,yunyoujun.cn,10
aEdZaWkvrO,WuSiYu Blog,,wusiyu.me,10
qndgWwldLl,LaTeX 开源小屋,,latexstudio.net,10
YqoXbx6dOD,Arvin's Blog,,arvinhk.com,10
1Vd5rJ5e85,Black Hat Announcements,,blackhat.com,10
Ywv4jKxePa,memset's blog,,memset.wordpress.com,10
1Vd5r75e85,生命不息 折腾不止,,nicekwell.net,10
7GdaR77eQy,北京航空航天大学,校园风采,buaa.edu.cn,8
4qv9z3bdaK,北京理工大学计算机学院,计院通知,bit.edu.cn,8
aEdZa48vrO,北京林业大学教务处,教务快讯,bjfu.edu.cn,8
ARe1E6le7n,大连工业大学网络服务新闻,新闻动态,dlpu.edu.cn,8
Q0orqA2e8B,哈尔滨工程大学就业服务平台,通知公告,hrbeu.edu.cn,8
nBe0BO5v37,哈尔滨工程大学,工学新闻-要闻,hrbeu.edu.cn,8
YqoXb0ndOD,哈尔滨工业大学（威海）,通知公告,hitwh.edu.cn,8
m4ej7V1oxE,华中师范大学,就业信息,career.ccnu.edu.cn,8
pQvNjByvNE,NUIST ESE（南信大环科院）,研究生教育,nuist.edu.cn,8
0MdKEL9ow1,上海海事大学,教务公告,shmtu.edu.cn,8
ENeYEG6eY4,西安交大教务处,教学信息 - 综合通知,dean.xjtu.edu.cn,9
2me3r5zdwj,西南科技大学 计科学院,通知公告,swust.edu.cn,8
0MdKEO0ow1,浙大就业服务平台,新闻动态,career.zju.edu.cn,9
1VdJZQqdLQ,浙大就业服务平台,活动通知,career.zju.edu.cn,9
12ow4E0vNV,浙大就业服务平台,学院动态,career.zju.edu.cn,9
4MdAxp5vxD,浙江工商大学教务处,学生事务通知,zjgsu.edu.cn,8
2me3rkzdwj,浙江工业大学,综合新闻,zjut.edu.cn,8
2KeDN3PvNP,浙江工业大学,学术动态,zjut.edu.cn,8
WmoOrVme4E,中北大学教务处,通知公告,nuc.edu.cn,8
1VdJZNpdLQ,luozhiyun`s Blog 我的技术分享,,luozhiyun.com,10
12ow45jvNV,中央统战部网站,各地动态,zytzb.gov.cn,9
47o8L9qoMm,中央统战部网站,港澳台,zytzb.gov.cn,9
4qv9XVmoaK,中国长安网,队伍建设,chinapeace.gov.cn,9
aqeE2zxo9R,中国长安网,黑龙江,chinapeace.gov.cn,9
WmoOrWke4E,中国长安网,山东,chinapeace.gov.cn,9
3QeLgkGd7k,中国长安网,湖北,chinapeace.gov.cn,9
YqoXKPKeOD,中国长安网,宁夏,chinapeace.gov.cn,9
x9ozwbYvXb,中国机构编制网,审批服务便民化,scopsr.gov.cn,9
RrvWBXgo5z,UXRen,,uxren.cn,10
BwdG2WJvPx,城市美學新態度kaiak.tw,,kaiak.tw,10
YqoXKRxeOD,ÉKRITS / エクリ» Languages » Japanese | ÉKRITS / エクリ,,ekrits.jp,10
proP025oq6,张小凯的博客,,jasonkayzk.github.io,10
1Vd5PD8v85,南开大学研究生招生网,硕士招生（双证）,nankai.edu.cn,8
1Vd5PYav85,Li Hui Blog,,lihui.net,10
YqoXgQ4eOD,经济观察网,商业产业,eeo.com.cn,6
6YoVlRMdZa,Fanta's Blog,,fantalovelife.club,10
proP8RBoq6,mghio,,mghio.cn,10
aEdZjMXdrO,人民邮电报,电子报,paper.cnii.com.cn,12
2KeDZ7MvNP,东方城乡报,电子报,dfcxb.com,12
nBe0W2Kd37,徐汇报,电子报,xuhuibao.com,12
3moBZ81oN5,滨海时报,电子报,tjbh.com,12
pQvNl8BeNE,三峡都市报,电子报,dpaper.sxcm.net,12
yjvQl6Pobg,晋中日报,电子报,jzrb.paper.jzxww.com.cn,12
12owmljdNV,吉林大学报,电子报,jdb.ihwrm.com,12
aEdZj1OdrO,萧山日报,电子报,xsrb.xsnet.cn,12
nBe0WQjd37,丽水日报,电子报,paper.lsnews.com.cn,12
1VdJlDkoLQ,浙江工人日报,电子报,epaper.zjgrrb.com,12
proP84Ooq6,安徽青年报,电子报,epaper.ahyouth.com,12
ARe1WRlv7n,闽北日报,电子报,mbrb.greatwuyi.com,12
8Rv2a7KoLw,石狮日报,电子报,epaper.ssrb.com.cn,12
qndgg6ZdLl,井冈山报,电子报,szb.jgsdaily.com,12
proP83moq6,平顶山日报,电子报,epaper.pdsxww.com,12
1VdJlyGoLQ,济源日报,电子报,epaper.jyrb.cn,12
47o8bN0dMm,荆门日报,电子报,paper.jmnews.cn,12
WmoOlJxv4E,海大报,电子报,paper.haid.com.cn,12
proP8g0oq6,临夏民族日报,电子报,szb.chinalxnet.com,12
WmoOlEmv4E,昭通日报,电子报,dubao.ztnews.net,12
x9oz0z1dXb,华兴时报,电子报,hxsbs.com,12
5PdMl0pvmg,Fl0w3r,,yousazoe.top,10
4qv9Z11daK,临汾日报,电子报,paper.lfxww.com,12
WmoO72ko4E,瑞安日报,电子报,rarb.cn,12
anopr89dlZ,石狮侨报,电子报,ssqb.ssrb.com.cn,12
4MdA033vxD,Obsidian Roundup,,obsidianroundup.org,10
DOvnmL1oEB,VideoCardz.com,,videocardz.com,10
WmoO73ko4E,华中科技大学土木与水利工程学院,通知公告,hust.edu.cn,8
3adq0amvng,蒸気火鸡 的 bilibili 动态,,space.bilibili.com,10
7Gda047vQy,PNAS,美国国家科学院院刊近期问题,pnas.org,10
qndg520oLl,开飞机的老张,,kaifeiji.cc,10
RrvW7nKv5z,屹铭说,,iccat.cn,10
0MdKEJOow1,中共中央对外联络部,部内活动,idcpc.org.cn,9
5PdMm1Gdmg,中国长安网,吉林,chinapeace.gov.cn,9
qndg4jLeLl,中国长安网,海南,chinapeace.gov.cn,9
proP0kOoq6,中国长安网,西藏,chinapeace.gov.cn,9
3QeLgkJd7k,中国长安网,青海,chinapeace.gov.cn,9
3moB2lPoN5,中国长安网,兵团,chinapeace.gov.cn,9
b0vm83LoB1,中共中央党史和文献研究院,本院动态,dswxyjy.org.cn,9
b0vm8NXoB1,UX Magazine,Latest,uxmag.com,13
RrvWBKlo5z,AppCoda,,appcoda.com.tw,10
0MdKEy9ow1,拆盒网,,chaihezi.com,10
3moB2QVoN5,一叶竹,,meyyz.cn,10
4MdAxb1vxD,Mixing.DJ – Electronic Music Magazine,,mixing.dj,10
x9oz0BMdXb,经济观察网,上市公司,eeo.com.cn,6
3QeLlGEe7k,经济观察网,财经,eeo.com.cn,6
0MdKlL5ew1,ZAKER,北京,myzaker.com,1
WmoOl2Ev4E,Blur Studio,Works,blur.com,7
3QeLlRze7k,木小丰的博客,,lesofn.com,10
6YoVl0xdZa,cs.RO updates on arXiv.org,,arxiv.org,10
4Kvxjjwekx,开源之心,,sht2019.cn,10
aqeEZ34o9R,新普陀报,电子报,xptb.shpt.gov.cn,12
b0vmOpGeB1,虹口报,电子报,hongkouweekly.xinmin.cn,12
1Vd5anLd85,衡水日报,电子报,hsrb.com.cn,12
8Rv2ab0oLw,生活晨报,电子报,shcb.x-publish.com,12
KGoRl6Zdl6,潞州新闻,电子报,czslzqgbdst.cn,12
YKd6abzvaP,北方新报,电子报,bfxb.szb.northnews.cn,12
DOvnz9VvEB,营口日报,电子报,ykd.com.cn,12
proP8POoq6,彭城晚报,电子报,epaper.cnxz.com.cn,12
WmoOl0Dv4E,高邮日报,电子报,epaper.gytoday.cn,12
anopX59olZ,乐清日报,电子报,yqrb.cn,12
m4ejrGyexE,淮北日报,电子报,epaper.hbnews.net,12
DOvnzPDvEB,上饶晚报,电子报,paper.srxww.com,12
KGoRl0xdl6,滕州日报,电子报,tzdaily.com.cn,12
5PdMlKEvmg,荆门晚报,电子报,jmwb.paper.jmnews.cn,12
6YoVl2BdZa,浏阳日报,电子报,dzb.eliuyang.cn,12
BwdGlBOePx,茂名晚报,电子报,mmwb.paper.mm111.net,12
nBe0W5Bd37,雅安日报,电子报,epaper.beiww.com,12
4KvxjV1ekx,甘孜日报,电子报,paper.kbcmw.com,12
qndggAVdLl,Haoxiang's Blog,,haoxiang.org,10
x9oz0lbdXb,首都建设报,电子报,bdcn-media.com,12
4KvxjD9ekx,石油管道报,电子报,cpp.cnpc.com.cn,12
RrvWErRe5z,运城日报,电子报,epaper.sxycrb.com,12
x9ozJKboXb,淮南日报,电子报,hnrb.huainannet.com,12
WmoO7NYo4E,上饶日报,电子报,srrb.paper.srxww.com,12
ENeYkLqvY4,孝感日报,电子报,szb.xgrb.cn,12
4KvxB67ekx,铜仁日报,电子报,szb.trxw.gov.cn,12
x9ozJjKoXb,江南游报,电子报,jnyb.zjol.com.cn,12
KGoRZ9zol6,半月谈,脱贫攻坚,banyuetan.org,1
ENeYkrkvY4,EE Archeology 电子考古学,,7400.me,10
qYwv49pdPa,氷  菓,,dangokyo.me,10
n6YoVKKvZa,Dragon Sector,,blog.dragonsector.pl,10
wWmoOaEd4E,Joe's Security Blog,,gironsec.com,10
ENeYLaZdY4,Mac Gamer HQ,,macgamerhq.com,10
YqoXQ6qvOD,Archinect,,archinect.com,10
BwdGjbOvPx,博客园_ssooking,,cnblogs.com,10
ARe1kl2v7n,风雪之隅,,laruence.com,10
YKd69NzvaP,JCI,,jci.org,10
4MdA8gLvxD,小赖子的英国生活,,justyy.com,10
nBe0JWyv37,FeedX,,feedx.net,10
5PdMNXGemg,山东大学党委研究生工作部,学术预告,sdu.edu.cn,8
nBe0JNbv37,山东大学经济学院,通知公告,sdu.edu.cn,8
ENeY0BGdY4,Active Directory Security,,adsecurity.org,10
anopp09olZ,Low End Box,,lowendbox.com,10
Q0orrn5o8B,小黑的博客,,blog.csdn.net,10
aqeE95Ve9R,中华环保联合会,全国中学生环境保护优秀作文征集活动大赛动态,huaxiao.com,9
MZd775gdrO,半岛网,青岛要闻,news.bandao.cn,1
3moB8jzdN5,ScienceDaily,Robotics Research News,sciencedaily.com,2
ENeYp66dY4,Wired,Business Latest,wired.com,6
6YoV7E7vZa,GitHub,Trending Dart Today,github.com,7
5PdMM7Xdmg,GitHub,Trending Dockerfile Today,github.com,7
m4ejJV4exE,GitHub,Trending Groovy Today,github.com,7
proP7Aneq6,GitHub,Trending Handlebars Today,github.com,7
x9ozJkxoXb,GitHub,Trending Haxe Today,github.com,7
3QeL4axe7k,GitHub,Trending HCL Today,github.com,7
YqoXVr0dOD,GitHub,Trending HLSL Today,github.com,7
1VdJK1peLQ,GitHub,Trending Inno Setup Today,github.com,7
ARe138nv7n,GitHub,Trending Jsonnet Today,github.com,7
anop3bZelZ,GitHub,Trending Julia Today,github.com,7
4qv9Vg5daK,GitHub,Trending Mathematica Today,github.com,7
BwdGXp8ePx,GitHub,Trending Metal Today,github.com,7
3adqqPldng,GitHub,Trending NCL Today,github.com,7
qndgZbVvLl,GitHub,Trending OpenQASM Today,github.com,7
nBe0yGEo37,GitHub,Trending Pawn Today,github.com,7
3QeLwZxd7k,GitHub,Trending Pony Today,github.com,7
ENeYWQpvY4,中华人民共和国国家民族事务委员会,公告公示,neac.gov.cn,9
m4ejZ8xexE,中华人民共和国司法部,复议工作,moj.gov.cn,9
m4ejZlrexE,国家原子能机构,国内新闻,caea.gov.cn,9
3QeLw19d7k,国家核安全局,行政审批文件,nnsa.mee.gov.cn,9
4MdArQlexD,anopos,,anopos.com,10
0MdKJ25vw1,遥感学报,最新期刊,ygxb.ac.cn,12
12owDJrvNV,每经网,每经调查,nbd.com.cn,6
m4ejZgVexE,Cocoa Controls,今日源码,cocoacontrols.com,7
x9oz3MxvXb,四川省人民政府网站,省政府信息,sc.gov.cn,9
yjvQW0zebg,电动先风,,evpost.cn,10
2me33EZewj,淮北市卫生健康委员会,通知公告,wjw.huaibei.gov.cn,9
aEdZWVVerO,翻身猫 · 建筑自学资源网,,zy99.net,10
BwdGXq6ePx,ScienceDaily,Health & Medicine News,sciencedaily.com,2
12owDRkvNV,西安市人民政府,人事任免,xa.gov.cn,9
ENeYW2jvY4,中华人民共和国生态环境部,文件,mee.gov.cn,9
yjvQWLnebg,中华人民共和国住房和城乡建设部,部门规章,mohurd.gov.cn,9
RrvWA9le5z,猫啃网,,maoken.com,10
proPkE0eq6,Counterpoint Research,最新见解,china.counterpointresearch.com,6
3QeLkMBd7k,鲸吼,体育热榜,jinghooo.com,3
7GdawjkoQy,江苏省人民政府,政府公报,jiangsu.gov.cn,9
MZd7LjPerO,江苏省人民政府,政策文件,jiangsu.gov.cn,9
5PdMDRpvmg,海南省人民政府,滚动新闻,hainan.gov.cn,9
4MdAkYPoxD,广西壮族自治区人民代表大会常务委员会,法规发布,gxrd.gov.cn,9
WmoOyPRd4E,广西壮族自治区纪委监委,审查调查,gxjjw.gov.cn,9
nBe0m0yo37,中华人民共和国国防部,权威发布,mod.gov.cn,9
ARe1jP4o7n,工业和信息化部,部领导,miit.gov.cn,9
KGoRELbel6,中华人民共和国司法部,部领导,moj.gov.cn,9
JndkO3Ld3V,中华人民共和国自然资源部,政策法规,f.mnr.gov.cn,9
6YoVrpDoZa,中华人民共和国住房和城乡建设部,行政规范性文件库,mohurd.gov.cn,9
qndgjkWvLl,交通运输部,公开,mot.gov.cn,9
0MdKkQ6dw1,中华人民共和国文化和旅游部,部令,zwgk.mct.gov.cn,9
7GdawkpoQy,应急管理部,部令,mem.gov.cn,9
Dgeyj75oZq,国家新闻出版署,国产网络游戏审批信息,nppa.gov.cn,9
BwdGk2LdPx,中国人民大学,人大要闻,ruc.edu.cn,8
YKd6zGzdaP,55海淘,好价推荐,55haitao.com,5
x9ozrrYoXb,虚拟信用卡巴士,,vccbus.com,10
4qv95PnvaK,Hugging Face,Most likes Datasets,huggingface.co,7
x9ozrpJoXb,Web 技术周刊,,yuque.com,10
Q0orrWYo8B,博客园_挖洞的土拨鼠,,cnblogs.com,10
nBe0xwQe37,Pentester Land,,pentester.land,10
12owXglvNV,荒岛,,lala.im,10
7Gda1wOdQy,野生程序猴子,,ljason.cn,10
JndkMOQo3V,灵尘居,,lingchenzi.com,10
4qv9B5ndaK,豪翔天下,,haofly.net,10
6YoVxyxdZa,Why's Blog,,blog.callmewhy.com,10
b0vmbr2dB1,追梦人博客Dream.ren,,dream.ren,10
RrvWx1xd5z,游魂的网络日志,,shen.ee,10
MZd7M66orO,Amazon Elastic Container Service for Kubernetes,,aws.amazon.com,10
ARe1Kp6v7n,Business Weekly,Today,businessweekly.co.uk,6
wkvl4Vkvz1,獨孤求敗,,no1guangming.github.io,10
BwdGVAMvPx,Annals of Oncology Current Issue,,academic.oup.com,10
47o8YjLvMm,JAMA Current Issue,,jamanetwork.com,10
3QeLVlwv7k,pubmed: rheumatoid arthritis,,ncbi.nlm.nih.gov,10
Q0orY1Ye8B,博客园_dotNET Core 研究小组博客,,cnblogs.com,10
0MdKK30dw1,博客园_互联网修炼之道,,cnblogs.com,10
1Vd5raWe85,幽游地,,uud.me,10
x9ozq81eXb,素材兔,,sucaitu.cc,10
b0vm7nqeB1,小法进阶,,imouyang.com,10
ENeYaw6eY4,cevinius,,cevinius.com,10
b0vm7zAeB1,技术拉近你我！,,coderschool.cn,10
4Kvx84wvkx,Axure Blog – Axure,,axure.com,10
1VdJB0adLQ,Blog de Gentil Kiwi,,blog.gentilkiwi.com,10
ARe1EX4e7n,Carnal0wnage &amp; Attack Research Blog,,carnal0wnage.attackresearch.com,10
pQvNpLzeNE,foxglovesec,,foxglovesecurity.com,10
Jndk7zLd3V,NetSPI Blog,,blog.netspi.com,10
2me3maxvwj,pentestmonkey,,pentestmonkey.net,10
2KeDPLQeNP,SecTools,,sectools.org,10
wkvl8pqvz1,Security Through Education,,social-engineer.org,10
DOvnDY1eEB,tssci-security,,tssci-security.com,10
x9ozq5MeXb,安徽农业大学计算机学院,新闻动态,computer.ahau.edu.cn,8
proPJ26dq6,成都信息工程大学,成信要闻,cuit.edu.cn,8
WmoOa1bd4E,成都信息工程大学,成信学术,cuit.edu.cn,8
YqoXb74dOD,成都信息工程大学,成信融媒,cuit.edu.cn,8
pQvNpw9eNE,大连海事大学新闻,一线风采,dlmu.edu.cn,8
Ywv4jp9ePa,湖南科技大学教务处,教务科通知,hnust.edu.cn,8
BwdG2pOvPx,南京林业大学教务处,通知公告,njfu.edu.cn,8
ENeYELkeY4,NUIST ESE（南信大环科院）,本科教育,nuist.edu.cn,8
DOvn6EpvEB,同济大学软件学院,学院新闻,tongji.edu.cn,8
Dgeykm7vZq,扬州大学,学校要闻,yzu.edu.cn,8
WmoOrqme4E,浙江大学,专题报道,zju.edu.cn,8
WmoOygRd4E,广州市人民政府,文字解读,gz.gov.cn,9
3moBl7PdN5,本地宝,南宁焦点资讯,nn.bendibao.com,1
anopBk9dlZ,本地宝,石家庄焦点资讯,sjz.bendibao.com,1
4MdAkRNoxD,本地宝,长春焦点资讯,cc.bendibao.com,1
aEdZMOOvrO,本地宝,乌鲁木齐焦点资讯,wlmq.bendibao.com,1
5PdMX5avmg,金色财经,百科,jinse.cn,6
BwdGrjMvPx,证券时报网,投教,stcn.com,6
aEdZy28vrO,证券时报网,公司动态,stcn.com,6
b0vmrlXdB1,头条热榜,三农榜,toutiao.com,1
4MdA3KZoxD,豆瓣,近期热门日剧,douban.com,3
aqeEmjPe9R,中华网,推荐财经频道,finance.china.com,6
0MdKzE2vw1,A9VG电玩部落,游戏评测,a9vg.com,3
MZd7Nz6vrO,Techreport,财经,techreport.com,6
2KeDgNYdNP,Scientific American,最新,scientificamerican.com,2
5PdMXl7vmg,起点女生网,新人签约新书榜,qdmm.com,3
KGoRwWbvl6,奇绩创坛齐思,热门,news.miracleplus.com,7
YqoXy3nvOD,TechWeb,外电编译,techweb.com.cn,2
5PdMD0bvmg,MANA,月榜,manamana.net,2
4Kvxm20dkx,子舒的博客,奇趣周刊,zishu.me,10
Vaob1wBeAj,本地宝,西宁焦点资讯,xn.bendibao.com,1
3moBljPdN5,财联社,港股 - 电报,cls.cn,6
wkvlzggez1,金色财经,矿业,jinse.cn,6
x9oz2KYoXb,金色财经,项目,jinse.cn,6
7Gday87dQy,证券时报网,智能资讯,stcn.com,6
m4ejgX1oxE,头条热榜,旅游榜,toutiao.com,1
47o8k10eMm,豆瓣,新书速递-历史文化,book.douban.com,3
nBe0N1zv37,中华网,消费财经频道,finance.china.com,6
yjvQJqkdbg,开源中国,社区最新讨论话题,oschina.net,7
yjvQJakdbg,HuntScreens,发现新产品,huntscreens.com,7
DOvnMJloEB,LINUX DO,资源荟萃,linux.do,4
4MdA3V3oxD,北京市人民政府,北京要闻,beijing.gov.cn,9
Vaoby8OeAj,天津市人民政府,天津新闻,tj.gov.cn,9
WmoOBlRe4E,好好学习的郝,,voidking.com,10
BwdGrlgvPx,纵横中文网,24小时更新榜,zongheng.com,3
2KeDgZYdNP,起点女生网,热门单订榜,qdmm.com,3
0MdKzypvw1,TechWeb,业界,techweb.com.cn,2
RrvWyale5z,奇绩创坛齐思,新闻,news.miracleplus.com,7
b0vmr1XdB1,科技先生,最新资讯,techsir.com,2
aqeEm0Pe9R,Gizmodo,最新报道,gizmodo.com,2
aqeEmBVe9R,美股之家,新股次新股,mg21.com,6
WmoOBQBe4E,NGA,怪物猎人(Capcom),nga.178.com,4
ENeYybReY4,香港政府新闻网,社区与健康,sc.news.gov.hk,1
pQvN5NzoNE,香港政府新闻网,政府澄清,sc.news.gov.hk,1
MZd7NlOvrO,香港政府新闻网,都会生活,sc.news.gov.hk,1
RrvWy9Re5z,香港政府新闻网,治安,sc.news.gov.hk,1
3adqNWaeng,快手,短剧必看榜,kuaishou.com,3
2me37jBewj,快手,短剧热播榜,kuaishou.com,3
1Vd5nkKe85,网易云音乐,听歌识曲榜,music.163.com,3
12owMxjdNV,鲁网,杂谈,pinglun.sdnews.com.cn,1
6YoVwj7vZa,ΑΙhub,Latest,aihub.org,2
b0vm3YleB1,BoardGameGeek,News,boardgamegeek.com,3
pQvNOnJdNE,哔哩哔哩,动画榜,bilibili.com,3
3adqN4aeng,Kite News,Business,kite.kagi.com,6
KGoR582el6,哔哩哔哩,舞蹈榜,bilibili.com,3
BwdGE9woPx,HackerNoon,ai,hackernoon.com,2
YKd6DgwoaP,即刻圈子,有什么好东西值得买,okjike.com,10
6YoVwaxvZa,Ahead of AI,,magazine.sebastianraschka.com,10
VaobLAMdAj,旗帜网,统战侨联,qizhiwang.org.cn,9
m4ej6p1exE,UX Booth,,uxbooth.com,10
pQvNjrAvNE,architecturephoto.net,,architecturephoto.net,10
yjvQPOaobg,AKICHIATLAS.com,,akichiatlas.com,10
aqeE2bro9R,Design Bombs,,designbombs.com,10
4qv9XKpoaK,Duke闲聊,,eocdo.com,10
MZd7z0OvrO,jax - 走在路上,,cdjax.com,10
3moB2n1oN5,Stage1st,动漫论坛,stage1st.com,4
pQvNlB9eNE,文汇报,科技,whb.cn,2
ENeYmJGeY4,I Am I,,5ime.cn,10
Q0orBbZo8B,KSkun's Blog,,ksmeow.moe,10
2me3AwXvwj,任峻宏的小站,,renny.ren,10
1Vd5aNLd85,中煤地质报,电子报,digital.zmdxw.com,12
YqoXgEzeOD,抚顺日报,电子报,fsrb.0245.net.cn,12
MZd7aWlorO,荷泽日报,电子报,epaper.heze.cn,12
Ywv4aWpdPa,沂蒙晚报,电子报,ymwb.langya.cn,12
RrvWEple5z,今日京山,电子报,dzb.jrjingshan.com,12
4qv9ZlPdaK,今日龙胜,电子报,jrlsb.net,12
3QeLlPze7k,自贡日报,电子报,pdf.zgm.cn,12
aqeEZbDo9R,乐山日报,电子报,szb.lsrbs.net,12
b0vmOV2eB1,阿坝日报,电子报,abadaily.com,12
qndggR8dLl,甘南日报,电子报,gnxblzx.com,12
nBe0WrBd37,天水晚报,电子报,tswb.tsrb.com.cn,12
Q0orBEno8B,柴达木日报,电子报,cdmrb.com.cn,12
0MdKlA0ew1,固原日报,电子报,szb.gyxww.net,12
MZd7aQPorO,Unblast,,unblast.com,10
KGoRZGZol6,阳泉日报,电子报,epaper.yqnews.com.cn,12
DgeyKgwvZq,达州日报,电子报,dzrbs.com,12
1VdJJ0kdLQ,薄荷开源网,,mintos.org,10
MZd72nlvrO,青山小站,,blog.yanqingshan.com,10
DgeyKLMvZq,西北农林科技大学教务处,通知公告,nwsuaf.edu.cn,8
x9ozJXDoXb,非学·派,,fxpai.com,10
n4qv9jqdaK,P,,rh0dev.github.io,10
Jb0vmQLvB1,enigma0x3,,enigma0x3.net,10
rx9ozYMeXb,Eyal Itkin,,eyalitkin.wordpress.com,10
4qv9AmPvaK,Architectural Digest - The Lates,,architecturaldigest.com,10
m4ejb53exE,Genome Biology and Evolution,,gbe.oxfordjournals.org,10
1VdJPm8oLQ,Nucleic Acids Research - current,,nar.oxfordjournals.org,10
BwdGjZ6vPx,Science Translational Medicine current issue,,stm.sciencemag.org,10
8Rv2k11dLw,V2EX,互联网,v2ex.com,4
ARe1QE2e7n,rddstudio - Dribbble,,dribbble.com,10
anop07BolZ,halolab - Dribbble,,dribbble.com,10
YKd6J0jdaP,UI8 - Dribbble,,dribbble.com,10
WmoOGrRo4E,站酷 - 风尾竹,,booui.zcool.com.cn,10
WmoOGrBo4E,站酷 - Martin_K,,chuqi.zcool.com.cn,10
qndg160oLl,tom0li-涤声,,tom0li.github.io,10
KGoRRa2ol6,Project Zero,,googleprojectzero.blogspot.com,10
anop02BolZ,doyoudo 的 bilibili 空间,,space.bilibili.com,10
RrvWVGlo5z,Inspect Element,,inspectelement.com,10
wkvlBqYez1,Queness,,queness.com,10
WmoOxKlv4E,就是教不落,,steachs.com,10
Ywv4BzXePa,Evi1cg's blog,,evi1cg.github.io,10
Ywv4BrzePa,0xRick Owned Root !,,0xrick.github.io,10
qndgqz8oLl,Blog – VoidSec,,voidsec.com,10
2me39pzvwj,Orange,,blog.orange.tw,10
8Rv26VnvLw,The Boiled Leather Audio Hour,,boiledleatheraudiohour.tumblr.com,10
wkvlNVgez1,华南师范大学学生工作部（处）、人民武装部,通知公告,scnu.edu.cn,8
DOvngbydEB,故事 StoryStudio,最新文章,storystudio.tw,3
aEdZwlkerO,"Comments on: iDrop News – Apple News, Mac Rumors and iOS How To",,idropnews.com,10
m4ejQ7VdxE,DeTechn Blog,,detechn.com,10
aEdZwOqerO,并发编程网 - ifeve.com,,ifeve.com,10
4MdAVg5exD,博客园_我们的征途在星辰大海，愿祖国的花朵在我们的骸骨上绽放,,cnblogs.com,10
aqeEVL3o9R,博客园_编码砖家,,cnblogs.com,10
1Vd5r8Ke85,iOS Repo Updates,,ios-repo-updates.com,10
DgeyDDpdZq,Electronic Fresh,,electronicfresh.com,10
12owqJrdNV,Mukti,,feizhaojun.com,10
m4ej7npoxE,江南小虫虫的博客,,fengwenhua.top,10
3QeLJO9v7k,Artem Kondratenko,,artkond.com,10
yjvQxBjobg,Posts on malicious.link,,malicious.link,10
BwdGLBjePx,PenTestIT,,pentestit.com,10
1Vd5rMae85,重庆两江新区信息公开网,党务公开,ljxq.cq.gov.cn,9
3adq7Xxong,北京林业大学绿色新闻网,一周排行,bjfu.edu.cn,8
m4ej7jgoxE,常州大学教务处,通知公告,cczu.edu.cn,8
1Vd5r9We85,成都信息工程大学,文化活动,cuit.edu.cn,8
Jndk7Lpd3V,大连海事研究生院,港澳台地区招生,grs.dlmu.edu.cn,9
Q0orq1De8B,东北大学新闻网,通知公告,neu.edu.cn,8
WmoOaQEd4E,东莞理工学院 学生工作部（学生处）,学工动态,dgut.edu.cn,8
x9ozqRDeXb,东莞理工学院 学生工作部（学生处）,通知公告,dgut.edu.cn,8
0MdK2ppvw1,东南大学研究生招生网,港澳台及中外合作办学,seu.edu.cn,8
RrvWJrlo5z,桂林电子科技大学,通知公告,guet.edu.cn,8
aEdZaOkvrO,哈尔滨工程大学本科生院工作通知,教育评估处,hrbeu.edu.cn,8
DOvnD4LeEB,哈尔滨工程大学本科生院工作通知,教师教学发展中心,hrbeu.edu.cn,8
b0vm76XeB1,哈尔滨工程大学研究生院,国家公派项目,hrbeu.edu.cn,8
WmoOaZEd4E,哈尔滨工程大学水声工程学院,新闻动态,hrbeu.edu.cn,8
pQvNp4AeNE,湖北工业大学,通知公告,hbut.edu.cn,8
7GdaRQ2eQy,湖北工业大学,学术活动,hbut.edu.cn,8
YKd60QgoaP,湖北工业大学,菁菁校园,hbut.edu.cn,8
nBe0gGzd37,马萨诸塞大学 阿默斯特分校 (UMASS Amherst),信息与计算机科学系新闻,cics.umass.edu,8
YKd6OkbeaP,南京理工大学教务处,新闻,njust.edu.cn,8
DOvn63pvEB,上海交通大学教务处,教学运行,sjtu.edu.cn,8
b0vm8Y2oB1,上海交通大学教务处,工会与支部,sjtu.edu.cn,8
4MdAxA5vxD,西南科技大学教务处,教师教学,swust.edu.cn,8
3QeLgzBd7k,浙大研究生院,教学管理,grs.zju.edu.cn,9
4qv9X00oaK,浙江工商大学新闻网,通知公告,zjgsu.edu.cn,8
Q0or6bWo8B,中国海洋大学,信电学院通知公告,ouc.edu.cn,8
x9ozwZxvXb,中国石油大学研究生院,通知公告,upc.edu.cn,8
4KvxBQLekx,Martin Fowler,,martinfowler.com,10
4qv92W0daK,GitHub,Trending CMake Today,github.com,7
m4ejJVpexE,GitHub,Trending Emacs Lisp Today,github.com,7
1Vd52Y7e85,GitHub,Trending GDScript Today,github.com,7
qndg53VoLl,GitHub,Trending GLSL Today,github.com,7
nBe0AXEo37,GitHub,Trending Haml Today,github.com,7
1Vd52YYe85,GitHub,Trending HolyC Today,github.com,7
0MdKJZavw1,GitHub,Trending Idris Today,github.com,7
8Rv2nMBvLw,GitHub,Trending JSX Today,github.com,7
KGoRWmNvl6,GitHub,Trending Liquid Today,github.com,7
2me33GZewj,GitHub,Trending NASL Today,github.com,7
anop3pBelZ,中华人民共和国国家民族事务委员会,民委要闻,neac.gov.cn,9
yjvQWZ6ebg,中华人民共和国国家民族事务委员会,建议提案答复,neac.gov.cn,9
MZd73B6drO,中华人民共和国国家民族事务委员会,委属动态,neac.gov.cn,9
YKd63RjeaP,中华人民共和国国家民族事务委员会,地方动态,neac.gov.cn,9
Ywv43BWoPa,中华人民共和国国家民族事务委员会,媒体关注,neac.gov.cn,9
proPWVpeq6,中华人民共和国司法部,党建工作,moj.gov.cn,9
Dgey30KvZq,国家广播电视总局,部门规章,nrta.gov.cn,9
Dgey3JwvZq,后端工程师,,hdgcs.com,10
3QeLwjGd7k,涼子同学 的 bilibili 动态,,space.bilibili.com,10
BwdGX3wePx,1Link.Fun,科技周刊,1link.fun,10
6YoVWONvZa,OzBargain,Today,ozbargain.com.au,5
0MdKJ4Jvw1,CNX Software,Embedded Systems News,cnx-software.com,2
b0vmZJWdB1,山西省人民政府,人事任免,shanxi.gov.cn,9
nBe0ykjo37,广州市人民政府,人事工作,gz.gov.cn,9
proPWnOeq6,广州市人民政府,通知公告,gz.gov.cn,9
1VdJKn0eLQ,西安市人大常委会,人事任免,china-xa.gov.cn,9
6YoVWJKvZa,中华人民共和国人力资源和社会保障部,国务院任免,mohrss.gov.cn,9
b0vmZDLdB1,中华人民共和国教育部,公务员队伍建设,moe.gov.cn,9
x9oz35MvXb,中华人民共和国科学技术部,通知通告,most.gov.cn,9
KGoRWXxvl6,中华人民共和国水利部,部门规章,mwr.gov.cn,9
4qv9V3bdaK,中华人民共和国应急管理部,事故及灾害查处挂牌督办,mem.gov.cn,9
4MdArmLexD,中国人民银行,部门规章,pbc.gov.cn,9
YqoXW74eOD,河北网络广播电视台,独家,hebtv.com,1
proPW2meq6,正北方网,内蒙古新闻,northnews.cn,1
5PdM1yEdmg,中华人民共和国人力资源和社会保障部,人事任免,mohrss.gov.cn,9
Ywv4PQXvPa,分享迷,最新发布,fenxm.com,10
5PdMDNRvmg,懂球帝,中超,dongqiudi.com,3
2me30xXowj,七猫中文网,更新榜 ‧ 女生,qimao.com,3
0MdKkDadw1,山东省人民政府,人事任免,shandong.gov.cn,9
6YoVrZ3oZa,海南省人民政府,政策文件,hainan.gov.cn,9
1Vd5OGYo85,贵州省人民政府,人事信息,guizhou.gov.cn,9
aqeEkDgv9R,贵州省人民政府,省政府令,guizhou.gov.cn,9
2me30wnowj,广西壮族自治区人民政府,新闻发布,gxzf.gov.cn,9
DgeyjMqoZq,广西壮族自治区人民政府,公告公示,gxzf.gov.cn,9
RrvW08Rd5z,中华人民共和国自然资源部,通知公告,mnr.gov.cn,9
2me30Kxowj,中华人民共和国生态环境部,地方快讯,mee.gov.cn,9
b0vmL48oB1,交通运输部,部领导,mot.gov.cn,9
12owgrwoNV,中华人民共和国文化和旅游部,人事信息,zwgk.mct.gov.cn,9
3adqKkZong,国家新闻出版署,进口网络游戏审批信息,nppa.gov.cn,9
JndkO6yd3V,北京大学,新闻纵横,pku.edu.cn,8
qndgj4mvLl,黑龙江省教育厅新闻,黑龙江省教育厅新闻,jyt.hlj.gov.cn,9
BwdGk56dPx,辽宁省人民政府,中央媒体看辽宁,ln.gov.cn,9
4MdAkJboxD,Hugging Face,Most downloads Datasets,huggingface.co,7
m4ejPmqvxE,MDH Weekly · 深度好文,,sorrycc.com,10
nBe0m6Qo37,校长读报,,t.me,10
ENeYkM6vY4,GitHub,Trending AutoHotkey Today,github.com,7
7Gda0JQvQy,GitHub,Trending Batchfile Today,github.com,7
aqeEMLre9R,GitHub,Trending Gherkin Today,github.com,7
pQvNyZVoNE,GitHub,Trending LabVIEW Today,github.com,7
Ywv43QaoPa,GitHub,Trending M4 Today,github.com,7
pQvNyX8oNE,中华人民共和国国家民族事务委员会,人事信息,neac.gov.cn,9
KGoRWGzvl6,中华人民共和国国家民族事务委员会,民委动态,neac.gov.cn,9
JndkZaJv3V,中华人民共和国国家民族事务委员会,署名文章,neac.gov.cn,9
DOvnlp1eEB,中华人民共和国水利部,媒体之声,mwr.gov.cn,9
nBe0y8yo37,国家原子能机构,通知公告,caea.gov.cn,9
1Vd5Zg5e85,国家核安全局,标准,nnsa.mee.gov.cn,9
b0vmZWGdB1,国家核安全局,监管动态,nnsa.mee.gov.cn,9
proPWZleq6,兔叭咯 的 bilibili 动态,,space.bilibili.com,10
b0vmZqqdB1,乘联会,发布会报告,cpcaauto.com,9
proPWD4eq6,榆林市卫生健康委员会,市级要闻,wjw.yl.gov.cn,9
3adqqJZdng,KeebTalk,Latest topics,keebtalk.com,4
6YoVWnGvZa,山西省人大常委会,人大要闻,sxpc.gov.cn,9
m4ejZ5yexE,广州市人大常委会,常委会公告,rd.gz.cn,9
wkvlZy4ez1,宁波市人大常委会,人事任免,nbrd.gov.cn,9
WmoOWObo4E,中华人民共和国科学技术部,最新公开,most.gov.cn,9
anop3gEelZ,中华人民共和国生态环境部,令,mee.gov.cn,9
7GdaZ77eQy,中华人民共和国水利部,干部任免,mwr.gov.cn,9
b0vmZPXdB1,河北法制网,河北要闻,hbfzb.com,1
nBe0yb5o37,即刻圈子,一起看纪录片,okjike.com,10
1Vd5ZYGe85,瀚思彼岸,最新热门,bbs.hassbian.com,4
WmoOy5xd4E,禅城区人民政府门户网,政务动态,chancheng.gov.cn,9
qndgjx8vLl,前行网,,qianxingba.com,10
8Rv2rkRvLw,中南财经政法大学,研究生招生公告栏,zuel.edu.cn,8
YKd6zJndaP,七猫中文网,更新榜 ‧ 男生,qimao.com,3
YqoXPNxoOD,鲸吼,游戏热榜,jinghooo.com,3
Vaob1pDeAj,LearnData-开源笔记,,newzone.top,10
m4ejPl4vxE,福建省人民政府,人事信息,fujian.gov.cn,9
x9ozrZxoXb,江西省人大常委会,立法动态,jxrd.jxnews.com.cn,9
3QeLk1xd7k,江西省人民政府,政策文件,jiangxi.gov.cn,9
12owgjBoNV,山东省人民政府,政府领导,shandong.gov.cn,9
8Rv2rpBvLw,河南省人大常委会,选举任免,henanrd.gov.cn,9
Q0orJyWo8B,四川省人民政府,政府文件,sc.gov.cn,9
3moBlJVdN5,陕西省人民政府,人事信息,shaanxi.gov.cn,9
3QeLkAAd7k,新疆维吾尔自治区人民政府,政府令,xinjiang.gov.cn,9
3moBlXVdN5,DocHub – 分享优质文档,,dochub.wiki,10
12owgxmoNV,山西省纪委监委,审查调查,sxdi.gov.cn,9
4MdAkQPoxD,河南省纪委监委,审查调查,hnsjw.gov.cn,9
YqoXP86oOD,中华人民共和国科学技术部,法规政策,most.gov.cn,9
anopBRKdlZ,中华人民共和国民政部,通知公告,mca.gov.cn,9
4KvxmO9dkx,中华人民共和国民政部,民政要闻,mca.gov.cn,9
Vaob19GeAj,中华人民共和国自然资源部,要闻播报,mnr.gov.cn,9
ENeYONRvY4,退役军人事务部,部领导,mva.gov.cn,9
3QeLkV9d7k,唐山市纪委监委,监督曝光,tscdi.gov.cn,9
YqoXPgzoOD,中国网,电商中国资讯,ds.china.com.cn,1
0MdKkW9dw1,百闻技术周刊,,yuque.com,10
yjvQk3Vebg,中国人民银行,行政审批公示,pbc.gov.cn,9
qndgjXlvLl,中国人民银行,RSS,pbc.gov.cn,9
x9ozwqbvXb,浩仔博客,,sunete.github.io,10
DOvn6QLvEB,A List Apart: The Full Feed,,alistapart.com,10
aqeE2Glo9R,UX MILK,,uxmilk.jp,10
7Gdaza2eQy,日経アーキテクチュア,,kenplatz.nikkeibp.co.jp,10
3adq6L5eng,[ i D 公 社 ],,hi-id.com,10
ARe1m47e7n,初之音,,himiku.com,10
3adq6Jyeng,Webマガジン「AXIS」 | デザインのWebメディア,,axismag.jp,10
4qv9XY5oaK,苏菲独立书店,,indieday.cn,10
nBe0g5Ed37,Web Design – WebFX Blog,,webfx.com,10
3moB219oN5,卢贤泼的博客,,luxianpo.com,10
0MdKEn4ow1,NGA,二次元国家地理,nga.178.com,4
4qv9X3roaK,托尼哥的玩具博客,,tony-bro.com,10
2KeDN0MvNP,CYBER GEEKS,,cybergeeks.tech,10
YqoXK7XeOD,Microsoft Sysinternals Blog,,techcommunity.microsoft.com,10
nBe0gXjd37,程沛权 - 养了三只猫,,chengpeiquan.com,10
4KvxjgEekx,狂且的博客,,blog.kuangjux.top,10
b0vmOW6eB1,rxliuli blog,,blog.rxliuli.com,10
4Kvxjrjekx,祈雨的博客,,wakzz.cn,10
RrvWEB7e5z,祝融说,,zhurongshuo.com,10
3adqMzZdng,中国气象报,电子报,epaper.zgqxb.com.cn,12
m4ejrwmexE,崇明报,电子报,cmb.shcm.gov.cn,12
7GdaXAgvQy,武陵都市报,电子报,wldsb.cnepaper.com,12
pQvNlbpeNE,白城日报,电子报,bcrbszb.bcxww.com,12
DgeyrYpoZq,慈溪日报,电子报,epaper.cxnews.cn,12
7GdaXG7vQy,三明日报,电子报,smrb.smnet.com.cn,12
MZd7apporO,都江堰报,电子报,djymedia.com,12
anopX62olZ,Verne in GitHub,,einverne.github.io,10
4qv9ZL0daK,台州晚报,电子报,tzwb.paper.taizhou.com.cn,12
5PdMlkXvmg,emperinter's blog,,emperinter.info,10
aqeEZN3o9R,W4J1e's blog,,hin.cool,10
8Rv2aLwoLw,河北农民报,电子报,hbnw.hebnews.cn,12
aEdZjzXdrO,鄂尔多斯日报,电子报,ordosnews.com,12
DOvnmNqoEB,陇东报,电子报,paper.qingyangwang.com.cn,12
3QeL4pGe7k,塔城日报,电子报,szb.tcxw.cc,12
6YoV7qNvZa,内江日报,电子报,epaper.scnjnews.com,12
47o89RqvMm,绥化日报,电子报,suihuaxw.org.cn,12
MZd72M3vrO,AdGuard Blog,,adguard.com,10
aqeEMjxe9R,河间周报,电子报,hjzb.bohaitoday.com,12
3QeL4E9e7k,Mobile01 本站新聞,,mobile01.com,10
nBe0Aljo37,周良博客,,imzl.com,10
8Rv2ZKKvLw,AAAS: Table of Contents,,science.org,10
3moBPqMdN5,蟹壳,,shellc.cn,10
aEdZb4qdrO,Phoronix,,phoronix.com,10
8Rv2rA3vLw,ChainBuzz,Top Buzz,chainbuzz.xyz,6
wkvlz7gez1,AInvest,Latest News,ainvest.com,6
aqeEkLjv9R,finviz,News,finviz.com,6
4MdA38LoxD,证券时报网,科创板,stcn.com,6
3QeLLGEe7k,中国货币网,LPR市场公告,chinamoney.com.cn,6
qndgy1XoLl,头条热榜,数码榜,toutiao.com,2
proPKBmeq6,ITBear,热点资讯,itbear.com.cn,2
pQvN52AoNE,豆瓣,实时热门书影音,douban.com,3
2me3NR0dwj,豆瓣,热门单曲榜,douban.com,3
YqoXyNnvOD,酷安,新鲜图文,coolapk.com,2
pQvN5AyoNE,Dataconomy,Latest,dataconomy.com,2
aEdZy8gvrO,xLog,本月最热,xlog.app,7
pQvN5aVoNE,国务院新闻办公室,部委新闻发布,scio.gov.cn,9
KGoRwNNvl6,中华人民共和国文化和旅游部,讲座信息,mct.gov.cn,9
WmoOBrRe4E,PChome,今日最新,article.pchome.net,2
ENeYyEpeY4,白云居,,baiyunju.cc,10
4qv9NXpdaK,Ars Technica,Cars,arstechnica.com,2
aEdZygnvrO,ScienceAlert,Latest News,sciencealert.com,2
wkvlj6yez1,Phys.org,All stories,phys.org,2
6YoVy5aeZa,Phys.org,Spotlight stories,phys.org,2
4MdA3ZPoxD,IMDb,最高票房榜（美国）,imdb.com,3
3adqzM3eng,起点中文网,VIP收藏榜,book.qidian.com,3
aqeEmMge9R,起点女生网,新人作者新书榜,qdmm.com,3
aqeEmzVe9R,极客FUN,最新推荐,eiefun.com,2
WmoOB3Ee4E,TechWeb,原创报道,techweb.com.cn,2
1Vd5NyMe85,TechWeb,新酷网站,techweb.com.cn,2
aEdZy6kvrO,流動日報,限時免費情報,newmobilelife.com,2
proPK1meq6,三易生活,最新资讯,3elife.net,2
1Vd5NJGe85,TechCrunch,Apps,techcrunch.com,2
b0vmrX6dB1,BBX,上新快讯,bbx.cash,6
anopOQyelZ,AcFun,舞蹈·偶像榜,acfun.cn,3
yjvQJQkdbg,AcFun,体育榜,acfun.cn,3
Vaobyz3eAj,LangChain Blog,,blog.langchain.dev,10
nBe0Nlzv37,Replicate's blog,,replicate.com,10
RrvWyM7e5z,远景论坛,最新帖子,bbs.pcbeta.com,4
3adqzm3eng,FRB: Press Release,Monetary Policy,federalreserve.gov,6
Ywv4NyxePa,香港政府新闻网,基建与物流,sc.news.gov.hk,1
RrvW1kDe5z,DearXuan的主页,,blog.dearxuan.com,10
x9ozbR1oXb,One Useful Thing,,oneusefulthing.org,10
3QeL0Kwe7k,Futurism,AI News,futurism.com,10
3adqN5leng,Data Stories,,datastori.es,10
4KvxRM1ekx,瀚思彼岸,最新发表,bbs.hassbian.com,4
7GdaPp2vQy,半岛网,青岛社会,news.bandao.cn,1
nBe02OQv37,The Register,Software: AI + ML,theregister.com,2
KGoR5jQel6,半岛网,青岛民生,news.bandao.cn,1
4qv97OPeaK,直播吧,NBA篮球新闻,news.zhibo8.com,3
DgeyNqRoZq,Kite News,Technology,kite.kagi.com,2
YqoX21PdOD,360影视,短视频榜,360kan.com,3
m4ejA2mdxE,OODATA,限免应用推荐,oodata.net,3
0MdK9O4ow1,App Store Discounts（US）,折扣信息,apps.apple.com,3
4Kvxbg7ekx,BibiGPT,每日热门视频总结,bibigpt.co,10
YqoX9l8vOD,中华诗词学会,赛事纵横,zhscxh.com,9
VaobOK3vAj,快手,挑战榜,kuaishou.com,3
YqoXlmPoOD,Hack Inn,,hackinn.com,10
DgeygyBvZq,Malware-Traffic-Analysis.net - B,,malware-traffic-analysis.net,10
pQvN2r8vNE,99% Invisible,,99percentinvisible.org,10
7Gda1NLdQy,Kubernetes – The New Stack,,thenewstack.io,10
Q0or0jZd8B,New Scientist,新科学,newscientist.com,2
2me3KLEewj,中国会计视野网,资讯,news.esnai.com,6
2me3KJBewj,Melodie's typing...,,menghanzhang.com,10
5PdMArldmg,JAMA Oncology Current Issue,,jamanetwork.com,10
pQvNajyoNE,技术宅,,jszbug.com,10
0MdKKl9dw1,充电头网,每日更新,chongdiantou.com,2
wkvllQYvz1,博客园_六月飞雪,,cnblogs.com,10
YqoXwjneOD,超能小紫 – mokeyjay,,mokeyjay.com,10
qndgWxVdLl,Arch Linux,,archlinuxcn.org,10
x9ozqj6eXb,车东,,chedong.com,10
8Rv2gp3dLw,NN/g latest articles and announcements,,nngroup.com,10
m4ej7Z1oxE,无主题博客,,wuzhuti.cn,10
qndgW98dLl,王玄的博客,,blog.wangxuan.name,10
2KeDP8PeNP,Ribose Yim's Blog,,riboseyim.github.com,10
3QeLJmBv7k,幻璧,,blog.wizos.me,10
8Rv2gwndLw,Sketch Blog,,sketch.com,10
1VdJBm0dLQ,北华航天工业学院,新闻,nciae.edu.cn,8
VaobaqMeAj,北京林业大学绿色新闻网,校园动态,bjfu.edu.cn,8
BwdGLzMePx,北京林业大学绿色新闻网,教学科研,bjfu.edu.cn,8
3QeLJKEv7k,成都信息工程大学,媒体成信,cuit.edu.cn,8
yjvQxpnobg,大连海事大学新闻,海大校报,news.dlmu.edu.cn,8
7GdaR37eQy,大连海事大学新闻,理论园地,dlmu.edu.cn,8
Ywv4jkpePa,大连海事大学研究生院,硕士研究生招生工作,dlmu.edu.cn,8
proPJa6dq6,东北大学新闻网,人才培养,neu.edu.cn,8
3QeLJxWv7k,东莞理工学院 学生工作部（学生处）,网上公示,dgut.edu.cn,8
3moBrLMoN5,东南大学研究生招生网,博士招生,seu.edu.cn,8
MZd7PJgerO,桂林电子科技大学,校园快讯,guet.edu.cn,8
Ywv4j59ePa,桂林电子科技大学,媒体桂电,guet.edu.cn,8
BwdGL9XePx,桂林航天工业学院,通知公告,guat.edu.cn,8
2me3mX0vwj,桂林航天工业学院,信息公开,guat.edu.cn,8
anop7L0elZ,湖北大学,通知公告,hubu.edu.cn,8
ENeYaPGeY4,湖北大学,媒体湖大,hubu.edu.cn,8
KGoRJqQol6,湖北工业大学,人物风采,hbut.edu.cn,8
MZd7PRgerO,湖北工业大学,媒体聚焦,hbut.edu.cn,8
qndgW3XdLl,华中师范大学计算机学院,通知公告,ccnu.edu.cn,8
aqeEOLPv9R,辽宁工程技术大学,教务公告,lntu.edu.cn,8
ARe1mQ7e7n,上海海洋大学,要闻,shou.edu.cn,8
8Rv2jkRvLw,上海海洋大学,媒体聚焦,shou.edu.cn,8
7GdazbOeQy,上海交通大学电子信息与电气工程学院学生办,直升研究生,sjtu.edu.cn,8
47o8LRroMm,上海交通大学教务处,注册学务,sjtu.edu.cn,8
5PdMmaRdmg,上海交通大学教务处,研究办,sjtu.edu.cn,8
qndg4q8eLl,上海交通大学教务处,综合办,sjtu.edu.cn,8
2KeDNmEvNP,同济大学软件学院,研究生通知,tongji.edu.cn,8
47o8L1roMm,同济大学软件学院,学院活动,tongji.edu.cn,8
4qv9Xx0oaK,西南科技大学教务处,教学运行,swust.edu.cn,8
VaobLrDdAj,浙江工商大学教务处,公示公告,zjgsu.edu.cn,8
DOvn6WlvEB,郑州大学新闻网,郑大人物,zzu.edu.cn,8
1Vd5PgYv85,中国石油大学（华东）计算机科学与技术学院,学院新闻,upc.edu.cn,8
0MdKEDaow1,中国石油大学（华东）计算机科学与技术学院,学工动态,upc.edu.cn,8
Dgeyk0nvZq,重庆科技学院,图书馆公告,chaoxing.com,8
NRrvWlkd5z,daniel.haxx.se,,daniel.haxx.se,10
Jb0vm7XeB1,JEB Decompiler in Action,,pnfsoftware.com,10
Y2KeDgEdNP,Security & Code Blog,,bitquark.co.uk,10
WmoO5pBd4E,莿鸟栖草堂,,cnxct.com,10
2me38mEowj,T客邦,,techbang.com,10
DOvny7qoEB,Design Swan,,designswan.com,10
ARe1k1Lv7n,Molecular and Cellular Biology,,mcb.asm.org,10
KGoRR15ol6,桃花坞,,taohuawu.net,10
12owW7loNV,搞机男,,gaojinan.com,10
pQvNGRNdNE,V2EX,问与答,v2ex.com,4
7GdabDQeQy,翻译知行,,sunyansong.com,10
KGoRRkNol6,破袜子,,pewae.com,10
pQvNGp8dNE,ZQNL - Dribbble,,dribbble.com,10
7GdabRLeQy,urancd - Dribbble,,dribbble.com,10
BwdGQLgoPx,Orizon - Dribbble,,dribbble.com,10
aEdZqanvrO,cuberto - Dribbble,,dribbble.com,10
Dgey9wReZq,长歌与小见见 的 bilibili 空间,,space.bilibili.com,10
2me3xWxowj,V2EX,Apple,v2ex.com,4
WmoOxNkv4E,太平洋汽车网,技术学堂,pcauto.com.cn,2
2KeDGXAdNP,Paul Irish 谷歌工程师,,paulirish.com,10
47o8R2LdMm,世事难料，保持低调,,blog.csdn.net,10
Ywv4BKpePa,C-skills,,c-skills.blogspot.com,10
rDgeyDMdZq,Hanno's blog,,blog.hboeck.de,10
Lwkvl84vz1,hasherezade's 1001 nights,,hshrzd.wordpress.com,10
WnBe0BDv37,IceSword Lab,,iceswordlab.com,10
Ywv41bXdPa,Interior Design Ideas,,home-designing.com,10
3adqRJleng,老司机 iOS 周报,,github.com,10
DOvnywVoEB,Genome Research current issue,,genome.cshlp.org,10
nBe0zwbv37,Genes &amp; Development,,genesdev.cshlp.org,10
b0vmmjLvB1,苏洋博客,,soulteary.com,10
KGoRRAQol6,V2EX,程序员,v2ex.com,4
pQvNGXydNE,觉唯,,jiawin.com,10
4MdAaLGdxD,V2EX,随想,v2ex.com,4
YqoXzMqdOD,咀嚼之味,,jerryzou.com,10
0MdKLM0ew1,V2EX,信用卡,v2ex.com,4
1Vd5kzYo85,独立世界,,yjk.im,10
nBe0J0Ev37,必须生猛,,joojen.com,10
MZd7VP6vrO,Stomy - Dribbble,,dribbble.com,10
RrvWOJ3v5z,pawelkontek - Dribbble,,dribbble.com,10
2KeDwPYdNP,prakhar - Dribbble,,dribbble.com,10
6YoVVYaoZa,raazcse - Dribbble,,dribbble.com,10
nBe0Jg1v37,Hurca - Dribbble,,dribbble.com,10
proPB0pdq6,vadimcarazan - Dribbble,,dribbble.com,10
x9ozQw6eXb,frannnk7 - Dribbble,,dribbble.com,10
3QeLXgAe7k,RonDesignLab - Dribbble,,dribbble.com,10
YqoXzK8dOD,creativemints - Dribbble,,dribbble.com,10
1Vd5kPKo85,linmuxi - Dribbble,,dribbble.com,10
aqeEa2Ve9R,alexey_savitskiy - Dribbble,,dribbble.com,10
anop0yKolZ,ermalength - Dribbble,,dribbble.com,10
4Kvx5Z9dkx,shakuro - Dribbble,,dribbble.com,10
ENeY0ERdY4,yoga - Dribbble,,dribbble.com,10
yjvQDPjobg,Be For Web,,beforweb.com,2
6YoVVyNoZa,山东大学研究生院,工作通知,sdu.edu.cn,8
yjvQD4aobg,MalwareTech,,malwaretech.com,10
qndg1M0oLl,Journal of the American Chemical,,pubs.acs.org,10
aEdZq7qvrO,RSC - Energy Environ. Sci. lates,,pubs.rsc.org,10
WmoOGMOo4E,DIYgod 的 bilibili 空间,,space.bilibili.com,10
Q0orrZ5o8B,不搞博士Dcy 的 bilibili 空间,,space.bilibili.com,10
WmoOxGDv4E,Alone88,,alone88.cn,10
MZd7B8gvrO,DeveloperDrive,,developerdrive.com,10
JndkaY7o3V,1stwebdesigner,,1stwebdesigner.com,10
Vaobm2PeAj,Web Designer Wall - Design Trend,,webdesignerwall.com,10
Vaobm4neAj,P3TERX ZONE,,p3terx.com,10
qndgqrZoLl,CXSECURITY Database,,cxsecurity.com,10
x9ozmaMeXb,obaby@mars,,h4ck.org.cn,10
3QeLpOEe7k,PHP Bugs,,bugs.php.net,10
5PdMaBEdmg,博客园_农民伯伯,,cnblogs.com,10
aqeEkbgv9R,晓月资源网,,xiaoyue56.com,10
4qv951qvaK,本地宝,银川焦点资讯,yc.bendibao.com,1
2me30Xbowj,本地宝,贵阳焦点资讯,gy.bendibao.com,1
2KeD945oNP,本地宝,呼和浩特焦点资讯,hu.bendibao.com,1
BwdGkKadPx,华储网,交易通知,mrm.com.cn,6
47o8k5QeMm,金色财经,技术,jinse.cn,6
2me3N8kdwj,证券时报网,ESG,stcn.com,6
YKd6M9KvaP,51CTO,首页推荐,51cto.com,7
Ywv4NA9ePa,豆瓣,国内口碑综艺榜,douban.com,3
RrvWyxle5z,豆瓣,国外口碑综艺榜,douban.com,3
proPKVmeq6,酷安,酷图榜,coolapk.com,2
WmoOBqxe4E,中华网,酒业财经频道,finance.china.com,6
ARe1AwZe7n,透明日报,,daily.xlab.app,10
wkvljJPez1,xLog,本周最热,xlog.app,7
yjvQJKzdbg,中华人民共和国文化和旅游部,展览信息,mct.gov.cn,9
BwdGrV8vPx,河北省人民政府,要闻,hebei.gov.cn,9
anopO7ZelZ,时光广场 / Essay,,essay.ink,10
ARe1AW2e7n,勃勃的美股投资日记,,boist.org,10
2me3NAndwj,起点中文网,书友榜,book.qidian.com,3
x9oz2JboXb,安全客,360网络安全周报,anquanke.com,10
7Gdayr2dQy,奇绩创坛齐思,最新,news.miracleplus.com,7
DOvnM2LoEB,Steam 免費遊戲情報站,Steam,freesteam.games,3
qndgyXXoLl,Steam 免費遊戲情報站,全部情报,freesteam.games,3
Q0orLN2d8B,投影网,最新热门,touying.com,4
m4ejgKVoxE,Growth Memo,最新文章,growth-memo.com,7
x9oz2anoXb,TechCrunch,Startups,techcrunch.com,2
YqoXyxqvOD,TechCrunch,Apple news and analysis,techcrunch.com,2
YKd6MwbvaP,The Verge,Teches,theverge.com,2
JndkmzPo3V,Mashable,Science,mashable.com,2
4qv9NpPdaK,GSMArena,Latest articles,gsmarena.com,2
DOvnM57oEB,WeGame游戏商店,本周热销,wegame.com.cn,3
nBe0NlBv37,InfoWorld,,infoworld.com,10
5PdMXqRvmg,Jina AI,,jina.ai,10
m4ejgYpoxE,江苏省应急管理厅,政府信息公开,yjglt.jiangsu.gov.cn,9
x9oz2ExoXb,即刻圈子,浴室沉思,okjike.com,10
0MdKzj2vw1,Lenny's Newsletter,,lennysnewsletter.com,10
7GdayVpdQy,香港政府新闻网,2025至26年度财政预算案,sc.news.gov.hk,1
VaobPRDdAj,GitHub,Trending CodeQL Today,github.com,7
3adq05yvng,GitHub,Trending Crystal Today,github.com,7
qndg53loLl,GitHub,Trending Elixir Today,github.com,7
x9ozJk1oXb,GitHub,Trending Fortran Today,github.com,7
3QeL4aBe7k,GitHub,Trending FreeMarker Today,github.com,7
YqoXVrxdOD,GitHub,Trending GAP Today,github.com,7
4KvxyEwdkx,中华人民共和国国家民族事务委员会,白皮书,neac.gov.cn,9
4qv9VapdaK,中华人民共和国国家民族事务委员会,典型模范,neac.gov.cn,9
8Rv2nX3vLw,中华人民共和国海关总署,微视频,customs.gov.cn,9
MZd73PldrO,不丧,,busangpodcast.com,10
12owDmavNV,字节跳动技术团队官方博客,,blog.csdn.net,10
anop330elZ,白帽Wiki - 一个简单的wiki,,key08.com,10
ARe13AZv7n,每经网,每经热评,nbd.com.cn,6
5PdM1Wpdmg,赫赫文王,,kqh.me,10
JndkZQVv3V,中国热带农业科学院,公告,catas.cn,9
DOvnlwyeEB,山西省人大常委会,人事任免,sxpc.gov.cn,9
qndgZzLvLl,山西省人民政府,履职依据,shanxi.gov.cn,9
Q0or3x0v8B,广州市人大常委会,人事任免,rd.gz.cn,9
m4ejZ5gexE,沈阳市人大常委会,人事任免,syrd.gov.cn,9
Q0or3xDv8B,沈阳市人大常委会,决议决定,syrd.gov.cn,9
x9oz34MvXb,成都市人民代表大会常务委员会,通知公告,cdrd.gov.cn,9
3moB0nydN5,南京市人民代表大会常务委员会,决议决定,rd.nanjing.gov.cn,9
8Rv2nAKvLw,长春市人民代表大会常委会,任免名单,renda.changchun.gov.cn,9
anop32EelZ,长春市人民政府,人事任免,changchun.gov.cn,9
ENeYWnjvY4,济南市人民代表大会常务委员会,最新公告,jnrd.gov.cn,9
pQvNyn9oNE,济南市人民代表大会常务委员会,选举任免,jnrd.gov.cn,9
YKd63qKeaP,大连市人民政府,大政发,dl.gov.cn,9
2me33pkewj,厦门市人大常委会,选举任免,xmrd.gov.cn,9
Dgey3XMvZq,厦门市人民政府,人事信息,xm.gov.cn,9
2KeDMqXoNP,宁波市人大常委会,常委会公告,nbrd.gov.cn,9
aEdZWp8erO,宁波市人大常委会,决议决定,nbrd.gov.cn,9
5PdM10ldmg,业务动态,中华人民共和国外交部,mfa.gov.cn,9
2KeDM5DoNP,高密市人民政府,政务公开,gaomi.gov.cn,9
WmoOWQEo4E,全国哲学社会科学工作办公室,通知公告,nopss.gov.cn,9
47o8X1XoMm,亿邦动力网,每日精选,ebrun.com,2
8Rv2rXBvLw,吉林省人民政府,吉林省政府规章库,xxgk.jl.gov.cn,9
pQvNk1VdNE,江苏省人民代表大会常务委员,省级法规,jsrd.gov.cn,9
KGoREYNel6,江苏省人民政府,最新公开,jiangsu.gov.cn,9
Ywv4PEavPa,浙江省人大常委会,政府,zjrd.gov.cn,9
BwdGkG8dPx,浙江省人民政府,省政府人事任免,zj.gov.cn,9
wkvlzWrez1,安徽省人民政府,文件,ah.gov.cn,9
proPkpneq6,江西省人大常委会,决议决定,jxrd.jxnews.com.cn,9
WmoOyVOd4E,江西省人大常委会,人事任免,jxrd.jxnews.com.cn,9
YqoXPq0oOD,江西省人民政府,政府领导,jiangxi.gov.cn,9
ENeYO1DvY4,河南省人民政府,人事信息,henan.gov.cn,9
7Gdaw2koQy,湖南省人大常委会,法规文件,hnrd.gov.cn,9
YKd6zpOdaP,湖南省人民政府,省政府文件,hunan.gov.cn,9
Ywv4PMavPa,湖南省人民政府,通知公告,hunan.gov.cn,9
Vaob12OeAj,广东省人民政府,人事信息,gd.gov.cn,9
qndgjaVvLl,四川省人大常委会,决议决定,scspc.gov.cn,9
b0vmLKAoB1,四川省人大常委会,立法工作,scspc.gov.cn,9
Q0orJ0Oo8B,云南省人民政府,最新文件,yn.gov.cn,9
nBe0mZ1o37,云南省人民政府,云政任,yn.gov.cn,9
proPkQpeq6,云南省人民政府,云政规,yn.gov.cn,9
0MdKkM2dw1,陕西省人民政府,省政府领导,shaanxi.gov.cn,9
4qv95JpvaK,广西壮族自治区人民代表大会常务委员会,人事任免,gxrd.gov.cn,9
Vaob1DgeAj,广西壮族自治区人民代表大会常务委员会,决议决定,gxrd.gov.cn,9
YqoXPO8oOD,新疆维吾尔自治区人民政府,通知公告,xinjiang.gov.cn,9
ARe1jr2o7n,黑龙江省纪委监委,审查调查,hljjjjc.gov.cn,9
yjvQkE6ebg,江苏省纪委监委,审查调查,jssjw.gov.cn,9
4qv95jpvaK,江西省纪委监委,曝光台,jxdi.gov.cn,9
aqeEkwgv9R,陕西省纪委监委,审查调查,qinfeng.gov.cn,9
qndgjJxvLl,陕西省纪委监委,监督曝光,qinfeng.gov.cn,9
aqeEkwVv9R,中华人民共和国外交部,外事日程,mfa.gov.cn,9
m4ejPDrvxE,中华人民共和国国防部,维和,mod.gov.cn,9
1Vd5OE5o85,中华人民共和国科学技术部,部领导,most.gov.cn,9
MZd7LmOerO,中华人民共和国财政部,部领导,mof.gov.cn,9
x9ozrYboXb,唐山市纪委监委,审查调查,tscdi.gov.cn,9
RrvW0BDd5z,中国工程院,通知公告,cae.cn,9
Vaob1L8eAj,北京大学,领导活动,pku.edu.cn,8
3adqKYyong,创富JAPAN BLOG,,chuangfu.blog,10
JndkO2Zd3V,北京大学,北大 · 要闻,pku.edu.cn,9
4MdAkP3oxD,清华大学,新闻,tsinghua.edu.cn,9
wkvlzprez1,复旦大学,新闻聚焦,fudan.edu.cn,9
5PdMDppvmg,南京大学,综合新闻,nju.edu.cn,8
ARe1m78e7n,PANDA Chronicle,,panda-chronicle.com,10
m4ej6n1exE,思考问题的熊,,kaopubear.top,10
12ow48rvNV,汝者非鱼,,rzfyu.com,10
nBe0gVzd37,kottke.org,,kottke.org,10
YqoXK3PeOD,U-ACG,,u-acg.com,10
5PdMmq7dmg,Fonts In Use,,fontsinuse.com,10
b0vm89loB1,RadioShow Trance Air,,promodj.com,10
aqeE2NVo9R,极客兔兔,,geektutu.com,10
Jndk6QLv3V,陈少文的博客,,chenshaowen.com,10
5PdMmJbdmg,Muuu Nya's Blog,,lvm.me,10
3moB2jPoN5,186526's Blog,,blog.186526.xyz,10
WmoOl5bv4E,经济观察网,地产,eeo.com.cn,6
47o8brDdMm,Saul's Space,,saulnoble.github.io,10
aEdZj9qdrO,瘦人志,,wuqiwen.cn,10
wkvlPzqvz1,中国集邮报,电子报,paper.cnii.com.cn,12
b0vmOrGeB1,团结报,电子报,paper.tuanjiewang.cn,12
Ywv4aDMdPa,万州时报,电子报,dpaper.sxcm.net,12
BwdGl6aePx,今日千岛湖,电子报,paper.qdhnews.com.cn,12
2KeDZ65vNP,上城报,电子报,scszb.hzsc.com.cn,12
3QeLl7Ee7k,福建侨报,电子报,fjqb.cnepaper.com,12
4qv9ZMbdaK,梅城报,电子报,mag.mqxww.com,12
Ywv4aK9dPa,今日房县报,电子报,szb.jinrifangxian.com,12
anopXVqolZ,攀枝花日报,电子报,pzhrb.pzhnews.org,12
Ywv4awzdPa,宏达世界,电子报,hongda.53bk.com,12
BwdGlqJePx,中联西北院报,电子报,paper.hg029.com.cn,12
WmoOlElv4E,嘉峪关日报,电子报,jygrb.jygxw.com,12
3QeLlbBe7k,中卫日报,电子报,nxzwnews.net,12
DOvnz7lvEB,版本更新 - Quicker,,getquicker.net,10
ARe1Wz4v7n,滨城时报,电子报,bhsb.tjbh.com,12
aEdZbZNdrO,双鸭山日报,电子报,sysrb.dbw.cn,12
RrvW7YQv5z,mengtnt的Blog,,mengtnt.com,10
nBe0ANEo37,LitStronger's notes,,liaoyq.club,10
2me32Dndwj,人民网,江苏评论,js.people.com.cn,1
KGoRZDZol6,张尔达 的 bilibili 空间,,space.bilibili.com,10
4KvxBVPekx,Kluwer Arbitration Blog,,arbitrationblog.kluwerarbitration.com,10
pQvN7nydNE,乔克叔叔的床边故事,,lifeodyssey.github.io,10
1VdJ7LGeLQ,老罗的Android之旅,,blog.csdn.net,10
DgeygVNvZq,"I hack, therefore I am",,blog.ikotler.org,10
aqeE5bPe9R,MS509 Team | Mission Studio,,ms509.com,10
2KeDGlAdNP,The Fuzzing Project,,blog.fuzzing-project.org,10
MZd7B5DvrO,Cатсн²² (in)sесuяitу / ChrisJohn,,blog.c22.cc,10
2KeDGRAdNP,Pentest Geek,,pentestgeek.com,10
2KeDGnEdNP,Balis0ng's blog,,balis0ng.com,10
DOvn3wpdEB,Black-Hole's Blog,,bugs.cc,10
4MdALm5vxD,w00tsec,,w00tsec.blogspot.com,10
3adqZXyeng,Wupco's Blog,,wupco.cn,10
wkvlNjBez1,极客笔记,,guoch.xyz,10
proPVDndq6,The Sartorialist,,thesartorialist.com,10
4KvxKxwokx,WaltonWang的博客,,my.oschina.net,10
47o81MwvMm,Tony Bai,,tonybai.com,10
3QeLYxAo7k,LinuxTOY,,linuxtoy.org,10
m4ejqaxdxE,网不易,,netnoease.com,10
YKd6YObvaP,th_sjy,,th-sjy.com,10
MZd7kZGdrO,Web2.0研究--柳华芳IT观察,,it.liuhuafang.com,10
YqoXwAPeOD,博客园_IT中国人,,cnblogs.com,10
KGoRN72ol6,博客园_自觉、自信、自强,,cnblogs.com,10
Ywv4YyzdPa,博客园_阳光铭睿——Web开发架构师的梦想之旅,,cnblogs.com,10
pQvNa4NoNE,博客园-深度训练(Microsoft.NetFrameWork专场),,cnblogs.com,10
Ywv4jQBePa,最好的JavaScript博客,,javascriptweblog.wordpress.com,10
aEdZaQXvrO,Quick Online Tips,,quickonlinetips.com,10
WmoOa0md4E,博客园_不无聊,,cnblogs.com,10
nBe0B61v37,四喜丸子,,fourhappylions.com,10
1VdJBXZdLQ,UIGREAT,学员佳作,uigreat.com,10
WmoOaXBd4E,Akkuman Blog,,hacktech.cn,10
nBe0Brbv37,Kerminate's Blog,,kerminate.me,10
4MdAjmLexD,北京林业大学,绿色要闻,bjfu.edu.cn,8
2me3mWkvwj,北京林业大学绿色新闻网,党建思政,bjfu.edu.cn,8
2KeDP0XeNP,北京林业大学科技处,通知公告,bjfu.edu.cn,8
47o8OGLeMm,北京林业大学教务处,图片新闻,bjfu.edu.cn,8
nBe0B7Dv37,成都信息工程大学,通知公告,cuit.edu.cn,8
1VdJB50dLQ,大连工业大学,通知公告,dlpu.edu.cn,8
RrvWJ9ko5z,大连海事研究生院,同等学力攻读硕士学位,grs.dlmu.edu.cn,9
4MdAjRZexD,桂林航天工业学院,桂航要闻,guat.edu.cn,8
VaobawPeAj,桂林航天工业学院,最新动态,guat.edu.cn,8
3adq79zong,桂林航天工业学院,桂航大讲堂,guat.edu.cn,8
yjvQxGaobg,湖北工业大学,学校新闻,hbut.edu.cn,8
Jndk787d3V,湖南科技大学艺术学院,通知,hnust.edu.cn,8
b0vm7jXeB1,华中师范大学伍论贡学院,通知公告,ccnu.edu.cn,8
2me3rGBdwj,南京林业大学教务处,上级发文,njfu.edu.cn,8
4KvxZ6jekx,南信大学生工作处,,nuist.edu.cn,8
3adq6Q5eng,上海交通大学电子信息与电气工程学院学生办,讲座活动,bjwb.seiee.sjtu.edu.cn,8
proP0V0oq6,武昌首义学院,学校要闻,wsyu.edu.cn,8
Q0or6Ono8B,武汉大学新闻网,珞珈人物,whu.edu.cn,8
anopym2vlZ,西安交大教务处,教学信息 - 学业通知,dean.xjtu.edu.cn,9
RrvWBjxo5z,西南科技大学教务处,建设与改革,swust.edu.cn,8
Jndk655v3V,西南科技大学教务处,教学质量保障,swust.edu.cn,8
VaobLpDdAj,西南科技大学 计科学院,学院要闻,swust.edu.cn,8
2KeDNQPvNP,扬州大学,校园新闻,yzu.edu.cn,8
wkvl6bPez1,扬州大学,学术活动,yzu.edu.cn,8
6YoV5m7eZa,扬州大学,媒体扬大,yzu.edu.cn,8
3moB2AgoN5,浙大研究生院,海外交流,grs.zju.edu.cn,9
3moB23zoN5,中国石油大学（华东）计算机科学与技术学院,学术关注,upc.edu.cn,8
YKd6OpOeaP,共青团重庆大学委员会,文件转载,cqu.edu.cn,8
4MdAx53vxD,重庆大学信息化办公室主页,通知公告,cqu.edu.cn,8
BwdGEK8oPx,Eye On A.I.,,eye-on.ai,10
wkvl2grez1,AI in Financial Services Podcast,,aiinbanking.libsyn.com,10
Jndk18Zo3V,Harvard Data Science Review Podcast,,hdsr.podbean.com,10
aEdZAqnvrO,网易云音乐,黑胶VIP限免榜,music.163.com,3
yjvQXnBobg,哔哩哔哩,鬼畜榜,bilibili.com,3
1Vd5nz8e85,人民网,今日谈,opinion.people.com.cn,1
4MdA7g3oxD,Global AI - The Podcast,,podcasters.spotify.com,10
aEdZxzVorO,AI Today Podcast,,cognilytica.com,10
3moBDXEdN5,人民网,现场评论,opinion.people.com.cn,1
nBe02Ezv37,大众网,山东新闻,sd.dzwww.com,1
MZd7DV6erO,网易云音乐,实时热度榜,music.163.com,3
ENeYpb6dY4,New Scientist,Technology,newscientist.com,2
anopNgqdlZ,百度,小说榜,baidu.com,3
qndgBE8vLl,AI News,,artificialintelligence-news.com,10
1VdJjmMdLQ,360影视,动漫榜,360kan.com,3
proPL24oq6,ScienceDaily,Top Health News,sciencedaily.com,2
ENeYp23dY4,百度,电视剧榜,baidu.com,3
1VdJ37aeLQ,全国青少年人工智能创新挑战赛,赛事资讯公告,aiic.china61.org.cn,9
1Vd5AMNd85,360影视,电视剧榜,360kan.com,3
VaobOjqvAj,哔哩哔哩,体育运动榜,bilibili.com,3
wkvl20Bez1,404 Media,,404media.co,10
3moB8G8dN5,360影视,电影榜,360kan.com,3
nBe027Qv37,ScienceDaily,Top Technology News,sciencedaily.com,2
WmoOz1le4E,SpaceNews,artificial intelligence Archives,spacenews.com,10
yjvQXLBobg,百度,游戏榜,baidu.com,3
2me3Dxnowj,网易云音乐,AI歌曲榜,music.163.com,3
Ywv4D1WvPa,网易云音乐,网易云古典榜,music.163.com,3
Ywv4DMMvPa,我不是盐神,,onehu.xyz,10
m4ejw9roxE,BBC,Science & Environment,bbc.co.uk,2
DOvnx4leEB,VICE,AI Archives,vice.com,2
x9ozJl1oXb,GitHub,Trending Unknown languages Today,github.com,7
4KvxBDLekx,GitHub,Trending Assembly Today,github.com,7
pQvN7DNdNE,GitHub,Trending AutoIt Today,github.com,7
Jndkw85d3V,GitHub,Trending Clojure Today,github.com,7
BwdG5KwoPx,GitHub,Trending CoffeeScript Today,github.com,7
2me321zdwj,GitHub,Trending Common Lisp Today,github.com,7
2KeDzOPvNP,GitHub,Trending Cuda Today,github.com,7
aEdZbzgdrO,GitHub,Trending Cython Today,github.com,7
wkvlEgPdz1,GitHub,Trending D Today,github.com,7
47o896XvMm,GitHub,Trending DM Today,github.com,7
aqeEML3e9R,GitHub,Trending EJS Today,github.com,7
b0vmgjqeB1,GitHub,Trending Elm Today,github.com,7
3adqqQ3dng,Martin Kleppmann's blog,,martin.kleppmann.com,10
WmoOWpko4E,暴躁的仙人JUMP 的 bilibili 动态,,space.bilibili.com,10
WmoOWzxo4E,PortableApps.com,,portableapps.com,10
m4ejZ9qexE,起点女生网,限时免费,qdmm.com,3
ARe13bqv7n,The Register,Latest,theregister.com,2
DOvnlQleEB,工劳小报,,newsletter.laborinfocn.com,10
YqoXW38eOD,十点读书官方播客,,lizhi.fm,10
anop3PBelZ,组织进化论,,xiaoyuzhoufm.com,10
VaobZ3goAj,凯恩分享家,,caiens.com,10
aqeEz7xo9R,国家标准化管理委员会,通知,openstd.samr.gov.cn,9
aEdZW0OerO,湖北省人民代表大会常务委员会,人大公告,hppc.gov.cn,9
wkvlZagez1,河北人大,权威发布,hbrd.gov.cn,9
47o83DQeMm,湖北省人民代表大会常务委员会,选举任免,hppc.gov.cn,9
WmoOWnDo4E,武汉人民政府,通知公告,wuhan.gov.cn,9
x9oz34YvXb,武汉市人民代表大会常务委员会,选举任免,whrd.gov.cn,9
3QeLwnJd7k,武汉市人民代表大会常务委员会,通知公告,whrd.gov.cn,9
YqoXWnKeOD,武汉市人民代表大会常务委员会,决定决议,whrd.gov.cn,9
1Vd5Z3ae85,哈尔滨市人民代表大会常务委员会,通知公告,hrbsrd.gov.cn,9
aqeEznMo9R,哈尔滨市人民代表大会常务委员会,决议决定,hrbsrd.gov.cn,9
qndgZzZvLl,哈尔滨市人民代表大会常务委员会,选举任免,hrbsrd.gov.cn,9
b0vmZJLdB1,哈尔滨市人民政府,人事任免,harbin.gov.cn,9
WmoOWnbo4E,成都市人民代表大会常务委员会,人事任免,cdrd.gov.cn,9
3QeLwnEd7k,成都市人民代表大会常务委员会,决议决定,cdrd.gov.cn,9
1Vd5Z3We85,南京市人民代表大会常务委员会,市政府,rd.nanjing.gov.cn,9
ARe139lv7n,长春市人民代表大会常委会,公告,renda.changchun.gov.cn,9
4KvxyMPdkx,长春市人民政府,通知公告,changchun.gov.cn,9
yjvQWnnebg,杭州人大,市人大,hzrd.gov.cn,9
7GdaZm7eQy,杭州人大,决议决定,hzrd.gov.cn,9
DOvnlZDeEB,南京大学本科生院版,公告通知,nju.edu.cn,8
pQvNyP9oNE,中华人民共和国住房和城乡建设部,文件库,mohurd.gov.cn,9
aqeEkKDv9R,螺莉莉数据中心,,roriri.one,10
3moBlKgdN5,APP不释手应用周记,,flyhink.zhubai.love,10
YqoXPM0oOD,黑龙江省人民代表大会常务委员会,决议决定,hljrd.gov.cn,9
1Vd5OwYo85,黑龙江省人民代表大会常务委员会,选举任免,hljrd.gov.cn,9
0MdKkGadw1,黑龙江省人民政府,文件,hlj.gov.cn,9
1VdJk8peLQ,吉林省人民代表大会常务委员会,决议决定,jlrd.gov.cn,9
12owg7BoNV,吉林省人民代表大会常务委员会,选举任免,jlrd.gov.cn,9
ENeYOlDvY4,江苏省人民代表大会常务委员,选举任免,jsrd.gov.cn,9
YKd6zmOdaP,浙江省人大常委会,选举任免,zjrd.gov.cn,9
RrvW0Y7d5z,浙江省人大常委会,人大,zjrd.gov.cn,9
4qv9505vaK,浙江省人大常委会,法院,zjrd.gov.cn,9
4MdAkp3oxD,浙江省人大常委会,检察院,zjrd.gov.cn,9
Vaob1rOeAj,浙江省人大常委会,重要发布,zjrd.gov.cn,9
2me30kZowj,浙江省人民政府,法规政策,zj.gov.cn,9
DOvnXW2eEB,安徽省人民政府,通知公告,ah.gov.cn,9
1Vd5OgYo85,山东省人民代表大会常务委员会,决议决定,sdrd.gov.cn,9
anopBAZdlZ,河南省人大常委会,地方立法,henanrd.gov.cn,9
RrvW0G7d5z,湖南省人民政府,人事任免,hunan.gov.cn,9
JndkOYZd3V,广东省人大常委会,决议决定,rd.gd.cn,9
4qv9595vaK,广东省人大常委会,公告通知,rd.gd.cn,9
47o8Xn2oMm,海南省人民政府,公示公告,hainan.gov.cn,9
aqeEkRrv9R,海南省人民政府,政府领导,hainan.gov.cn,9
m4ejPy4vxE,四川省人大常委会,人事任免,scspc.gov.cn,9
proPkRneq6,四川省人民政府,政府领导,sc.gov.cn,9
x9ozrPxoXb,贵州省人民代表大会常务委员,立法工作,gzrd.gov.cn,9
3QeLkRxd7k,贵州省人民代表大会常务委员会,重要发布,gzrd.gov.cn,9
YqoXPZ0oOD,贵州省人民代表大会常务委员会,政务公开,guizhou.gov.cn,9
qndgjNxvLl,云南省人民代表大会常务委员会,人事任免,ynrd.gov.cn,9
b0vmLEloB1,云南省人民代表大会常务委员会,决议决定,ynrd.gov.cn,9
m4ejPkxvxE,云南省人民代表大会常务委员会,常委会公告,ynrd.gov.cn,9
12owgLmoNV,甘肃省人大常委会,立法动态,gsrdw.gov.cn,9
pQvNkQ8dNE,青海省人大常委会,立法工作,qhrd.gov.cn,9
MZd7LX6erO,内蒙古自治区人大常委会,决议决定,nmgrd.gov.cn,9
RrvW0D3d5z,内蒙古自治区人民政府,人事任免,nmg.gov.cn,9
2KeD9JYoNP,西藏自治区人民代表大会常务委员会,决议决定,xizangrd.gov.cn,9
wkvlzDyez1,西藏自治区人民代表大会常务委员会,立法工作,xizangrd.gov.cn,9
qndgj8xvLl,宁夏回族自治区人民代表大会常务委员会,公告,nxrd.gov.cn,9
m4ejPBxvxE,宁夏回族自治区人民代表大会常务委员会,立法工作,nxrd.gov.cn,9
x9ozrW6oXb,新疆维吾尔自治区人民代表大会常务委员会,法律法规,xjpcsc.gov.cn,9
pQvNkV8dNE,辽宁省纪委监委,监督曝光,lnsjjjc.gov.cn,9
JndkOyJd3V,江西省纪委监委,审查调查,jxdi.gov.cn,9
3adqKb3ong,广东省纪委监委,审查调查,gdjct.gd.gov.cn,9
6YoVr0aoZa,贵州省纪委监委,审查调查,gzdis.gov.cn,9
4qv95r1vaK,中华人民共和国自然资源部,标准规范,mnr.gov.cn,9
BwdGk7jdPx,中华人民共和国生态环境部,环境要闻,mee.gov.cn,9
3adqKyZong,中华人民共和国生态环境部,文件,mee.gov.cn,9
DgeyjP5oZq,中华人民共和国生态环境部,函,mee.gov.cn,9
x9ozrOboXb,中华人民共和国商务部,日常新闻发布,mofcom.gov.cn,9
3QeLkY9d7k,中华人民共和国商务部,部令公告,mofcom.gov.cn,9
YqoXPG6oOD,中华人民共和国商务部,行政规范性文件,mofcom.gov.cn,9
1Vd5OK5o85,中华人民共和国商务部,综合政策,mofcom.gov.cn,9
2KeD9VQoNP,北京市纪委监委,审查调查,bjsupervision.gov.cn,9
aEdZMwXvrO,北京市纪委监委,追逃追赃,bjsupervision.gov.cn,9
wkvlzlqez1,北京市纪委监委,领导机构,bjsupervision.gov.cn,9
6YoVrKDoZa,天津市纪委监委,审查调查,tjjw.gov.cn,9
b0vmLQ8oB1,新疆生产建设兵团纪委监委,审查调查,btjw.xjbt.gov.cn,9
m4ejPQrvxE,新疆生产建设兵团纪委监委,监督曝光,btjw.xjbt.gov.cn,9
1Vd5OrLo85,大庆市纪委监委,审查调查,dqjjjc.daqing.gov.cn,9
3moBlr1dN5,大庆市纪委监委,监督曝光,dqjjjc.daqing.gov.cn,9
12owgqzoNV,佳木斯市纪委监委,审查调查,jmsjjw.gov.cn,9
ARe1jE6o7n,佳木斯市纪委监委,监督曝光,jmsjjw.gov.cn,9
8Rv2ra0vLw,虹线,,1q43.blog,10
YKd6zazdaP,可可托海没有海,,darmau.design,10
m4ejPr3vxE,今天长这样,分享天空的颜色,today.demochen.com,4
ENeYOWwvY4,安徽省人民政府,安徽要闻,ah.gov.cn,9
2me30EXowj,李雪含,,dajiayouxuan.com,10
Q0orJXYo8B,MDH Weekly 前端周刊,,sorrycc.com,10
proPkj0eq6,Planet Python,,planetpython.org,10
7GdawnQoQy,中国人民银行,答记者问,pbc.gov.cn,9
BwdGkB8dPx,中国农业大学新闻网,综合新闻,news.cau.edu.cn,9
2KeD9L6oNP,吉林大学,吉大新闻,news.jlu.edu.cn,9
DOvnXY2eEB,上海交通大学,综合新闻,sjtu.edu.cn,8
rYqoX8KoOD,AlienVault Blogs,,cybersecurity.att.com,10
LBwdGVMvPx,Debasish Mandal's Blog,,debasish.in,10
rDgey7MvZq,Dhaval Kapil,,dhavalkapil.com,10
WnBe09Do37,Evonide's Information Security B,,evonide.com,10
j8Rv29KoLw,Fortinet Blog,,fortinet.com,10
1yjvQKnebg,Gamozo Labs Blog,,gamozolabs.github.io,10
KqndgWZdLl,HighOn.Coffee,,highon.coffee,10
Q1Vd5rWe85,INulledMyself,,inulledmyself.com,10
QaqeEOlv9R,Jay Bosamiya,,jaybosamiya.com,10
KqndgWXdLl,jbp.io,,jbp.io,10
Om4ej71oxE,JesuX Blog,,jesux.es,10
Y2KeD7EdNP,sploitF-U-N,,sploitfun.wordpress.com,10
7GdaKRXoQy,512 Pixels,,512pixels.net,10
DOvny97oEB,沉冰浮水,,wdssmq.com,10
WmoO50ld4E,Nature - Issue - nature.com,,feeds.nature.com,2
Ywv41RWdPa,pirogue,,pirogue.org,10
WmoO5LBd4E,西窗浪人,,bigxd.com,10
8Rv21A0oLw,Current Issue,,pnas.org,10
VaobJjnoAj,Molecular &amp; Cellular Proteom,,mcponline.org,10
DgeyxXwdZq,JNCI: Journal of the National Cancer Institute,,jnci.oxfordjournals.org,10
47o8EwQvMm,我的生活,,liuf.net,10
3QeLGqJd7k,V2EX,硬件,v2ex.com,4
4qv9bgbdaK,SoleilNeon,,soleilneon.com,10
47o8QrrvMm,不知语冰(虹吸墨),,nullice.com,10
Q0orp6Pd8B,crisss - Dribbble,,dribbble.com,10
nBe0Jgyv37,Ramotion - Dribbble,,dribbble.com,10
x9ozQwbeXb,tarka - Dribbble,,dribbble.com,10
3QeLXg9e7k,Radium - Dribbble,,dribbble.com,10
3moBa29eN5,Sochnik - Dribbble,,dribbble.com,10
0MdKLE6ew1,netguru - Dribbble,,dribbble.com,10
8Rv2kjwdLw,marczi - Dribbble,,dribbble.com,10
b0vmlg8oB1,Ars Technica,科学与探索,arstechnica.com,2
8Rv2kW1dLw,Zimperium Mobile Security Blog,,blog.zimperium.com,10
aqeEa8le9R,This Week In 4n6,,thisweekin4n6.com,10
YKd6JybdaP,勿忘初心 - Ch1ng's Blog,,ch1ng.com,10
YqoXzRqdOD,The Economist,,economist.com,1
1VdJp0MoLQ,KeNorizon::Echo,,kenorizon.cn,10
12owWYloNV,VWV 的 bilibili 空间,,space.bilibili.com,10
YKd6JAqdaP,Slashdot,科技资讯,slashdot.org,2
YqoXlzKoOD,憧憬点滴记忆,,licoy.cn,10
12owBBJeNV,中产先生,,mr-middle.com,10
Vaobm73eAj,Mark Otto,,markdotto.com,10
m4ejxnmvxE,知乎专栏,Angular In Depth,zhuanlan.zhihu.com,10
3QeLpEGe7k,TonyHe 的博客,,ouorz.com,10
DOvn35DdEB,Security Labs – Qualys Blog,,blog.qualys.com,10
BwdG0PXePx,为了工作而工作是悲哀的！工作是实现自我价值的地方！,,blog.csdn.net,10
2KeDGjDdNP,博客园_CoderZh的技术博客,,cnblogs.com,10
aEdZZ7kdrO,博客园_Dufresne,,cnblogs.com,10
aqeE5rle9R,博客园_谈笑斋,,cnblogs.com,10
x9ozm7DeXb,李宁的极客世界bgJBm&amp;nku$q$,,blog.csdn.net,10
12owgOmoNV,LINUX DO,季度热门话题,linux.do,7
DOvnXR1eEB,米游社,崩坏星穹铁道 的发帖,miyoushe.com,10
5PdMDnbvmg,科技匣子,,acg47.com,10
Vaob168eAj,TopsTip,,topstip.com,10
RrvW0rQd5z,本地宝,兰州焦点资讯,lz.bendibao.com,1
DgeyjZpoZq,本地宝,拉萨焦点资讯,ls.bendibao.com,1
qndgj3LvLl,finviz,blogs,finviz.com,6
aEdZMzOvrO,金色财经,DeFi,jinse.cn,6
VaobyJMeAj,证券时报网,新三板,stcn.com,6
Q0orLQDd8B,中国货币网,外汇市场公告,chinamoney.com.cn,6
x9oz2BMoXb,中国货币网,央行业务公告,chinamoney.com.cn,6
4MdA3aLoxD,Go语言中文网,每日一学,studygolang.com,7
MZd7NBgvrO,爱奇艺,动漫 ‧ 热播榜,iqiyi.com,3
anopOm0elZ,爱奇艺,总榜 ‧ 飙升榜,iqiyi.com,3
6YoVyxBeZa,豆瓣,新书速递-文学,book.douban.com,3
b0vmrbXdB1,豆瓣,新书速递-商业经管,book.douban.com,3
WmoOB2Ee4E,酷安,收藏榜,coolapk.com,2
3QeLLMWe7k,酷安,历史头条,coolapk.com,2
1Vd5NgGe85,中共中央台湾工作办公室,通知公告,gwytb.gov.cn,9
7GdayqkdQy,中华人民共和国文化和旅游部,演出信息,mct.gov.cn,9
Ywv4NYaePa,国家文物局,行业信息,ncha.gov.cn,9
KGoRwJNvl6,偶书,,obook.cc,10
DOvnMD2oEB,旧人软件阁,,rjg9.cn,10
Ywv4N0WePa,Ars Technica,Features,arstechnica.com,2
Jndkm6Jo3V,Ars Technica,Staff,arstechnica.com,2
VaobyLgeAj,Ars Technica,Apple,arstechnica.com,2
BwdGr2gvPx,Ars Technica,Policy,arstechnica.com,2
3adqz63eng,Ars Technica,Biz & IT,arstechnica.com,2
47o8kLweMm,NASA,News,nasa.gov,2
YKd6MajvaP,猫眼,TOP100榜,maoyan.com,3
Dgey1rqeZq,起点女生网,书友榜,qdmm.com,3
aEdZyjnvrO,起点女生网,VIP单订总榜,qdmm.com,3
DOvnMzBoEB,起点女生网,签约作者新书榜,qdmm.com,3
WmoOB7Re4E,Headllines/hackernews Weekly Issues,,github.com,10
2KeDgrDdNP,流動日報,最新文章,newmobilelife.com,2
m4ejgK1oxE,投影网,最新发表,touying.com,4
anopOKyelZ,CNET,Smart Home,cnet.com,2
RrvWypKe5z,Mashable,Tech,mashable.com,2
BwdGrmOvPx,TechRadar,News,techradar.com,2
anopOwqelZ,Databricks,,databricks.com,10
WmoOBMOe4E,fast.ai,,fast.ai,10
4qv9Nn5daK,瘋先生,最新文章,mrmad.com.tw,2
wkvljyyez1,财税茶座,,cscz.org,10
proPKakeq6,中华人民共和国国家发展和改革委员会,政府信息公开,zfxxgk.ndrc.gov.cn,9
WmoOBZBe4E,逛逛GitHub,,bestblogs.dev,10
anopOkKelZ,大橘和朋友们的周刊,,rrorangeandfriends.de,10
WmoOz5Ye4E,Guyskk的博客,,blog.guyskk.com,10
47o8Rx0dMm,Lexfo's security blog,,blog.lexfo.fr,10
4qv9aqPvaK,SkullSecurity,,skullsecurity.org,10
3moBKQJvN5,博客园_Ox9A82,,cnblogs.com,10
1VdJ79geLQ,小刀志,,xiaodaozhi.com,10
RrvWVzKo5z,Exploit Monday,,exploit-monday.com,10
2me39OBvwj,Low-cost hardware and free softw,,ferrancasanovas.wordpress.com,10
aEdZZ5BdrO,pentest-n00b,,pentestn00b.wordpress.com,10
47o8RBDdMm,Pulse Security,,pulsesecurity.co.nz,10
12owBGleNV,VUSec,,vusec.net,10
DOvn37pdEB,Poacher's Blog,,bugsafe.cn,10
qndgqp8oLl,ReWolf's blog,,blog.rewolf.pl,10
6YoVqnxeZa,Bey0nd 's Blog,,beysec.com,10
1Vd5837v85,Kaibro's blog,,blog.kaibro.tw,10
0MdKVn0vw1,LandGrey's Blog Posts,,landgrey.me,10
BwdG0ZwePx,OpnSec,,opnsec.com,10
ARe1x1qd7n,Sky's Blog,,skysec.top,10
m4ejxjpvxE,博客园_EtherDream の 原创空间,,cnblogs.com,10
1Vd5RONe85,留连暗香,,zhangxuhu.com,10
5PdML6pvmg,孟坤博客,,mkblog.cn,10
2me3R4ndwj,Sukka's Blog,,blog.skk.moe,10
yjvQ806obg,Sysaix,,sysaix.com,10
8Rv267wvLw,Btjson博客,,pohaier.com,10
2me3Rgkdwj,NOI 网络报名系统,新闻,cspsjtest.noi.cn,1
aqeEjxMo9R,我爱卡论坛,最新发表,bbs.51credit.com,4
pQvNYLAoNE,OutlinerSoftware Forum,,outlinersoftware.com,10
x9ozYKbeXb,万物皆流,,andrewsun.net,10
DOvnaBpoEB,博客园_AhuntSun,,cnblogs.com,10
m4ejQzqdxE,程序媛想事儿,,blog.csdn.net,10
yjvQKRBebg,博客园_江浙沪柯蓝,,cnblogs.com,10
MZd7klpdrO,博客园_草根专栏,,cnblogs.com,10
6YoVKjxvZa,博客园_Super ITZ,,cnblogs.com,10
nBe09OBo37,博客园_DDChina,,cnblogs.com,10
1Vd5QB7d85,博客园_一个程序猿的生命周期,,cnblogs.com,10
ARe1Zzqo7n,博客园_冠军,,cnblogs.com,10
8Rv29LmoLw,博客园_刘磊的博客,,cnblogs.com,10
Vaob8RDdAj,博客园_敏捷的水,,cnblogs.com,10
BwdGVKwvPx,博客园_李林峰的园子,,cnblogs.com,10
47o8Y6XvMm,博客园_积少成多,,cnblogs.com,10
proPxA4oq6,博客园_请叫我头头哥,,cnblogs.com,10
4Kvx8Kwvkx,ipang,,ipang.net,10
yjvQxajobg,Google Earth Blog,,gearthblog.com,10
3QeLJgEv7k,MATLAB Central Blogs,,blogs.mathworks.com,10
4qv9zVXdaK,news view,,zsqk.github.io,10
Ywv4j6BePa,也而的博客,,zoomyale.com,10
m4ej704oxE,Blog | Phodal - A Growth Engineer,,phodal.com,10
aqeEOlgv9R,重归混沌的BLOG,,blog.gotocoding.com,10
5PdMVK7emg,Beyond the Void,,byvoid.com,10
ENeYaXZeY4,CHEGVA,,chegva.com,10
7GdaRpXeQy,Happy Hack Everday,,blog.happyhack.io,10
5PdMVGGemg,重灌狂人,,briian.com,10
Q0orqjDe8B,安徽工业大学教务处,公告通知,ahut.edu.cn,8
DgeyDpMdZq,北京林业大学研究生院,培养动态,bjfu.edu.cn,8
DOvnDODeEB,北京林业大学教务处,教改动态,bjfu.edu.cn,8
0MdK2B5vw1,大连工业大学,学校新闻,dlpu.edu.cn,8
MZd7PblerO,大连海事大学新闻,艺文荟萃,news.dlmu.edu.cn,8
x9ozqRMeXb,东北大学新闻网,Focus,neu.edu.cn,8
yjvQxVaobg,桂林电子科技大学,桂电要闻,guet.edu.cn,8
4qv9z1XdaK,桂林电子科技大学,学术信息,guet.edu.cn,8
5PdMVyEemg,哈尔滨工程大学本科生院工作通知,工作通知,hrbeu.edu.cn,8
proPJlmdq6,哈尔滨工程大学工学新闻,时讯,hrbeu.edu.cn,8
x9ozqlDeXb,哈尔滨工程大学水声工程学院,通知公告,hrbeu.edu.cn,8
ARe1EB8e7n,湖北大学,综合新闻,hubu.edu.cn,8
YqoXbrndOD,昆明理工大学就业网,校外宣讲会,job.kmust.edu.cn,8
1Vd5rYMe85,昆明理工大学就业网,双选会,job.kmust.edu.cn,8
VaobLG3dAj,南京林业大学教务处,校级发文,njfu.edu.cn,8
3adq6Paeng,南京林业大学教务处,下载专区,njfu.edu.cn,8
3QeLgXzd7k,山东大学机械工程学院,通知公告,sdu.edu.cn,8
YqoXKzqeOD,山东大学机械工程学院,院所新闻,sdu.edu.cn,8
12ow4WlvNV,上海海洋大学,招标信息,shou.edu.cn,8
KGoROR2vl6,上海交通大学电子信息与电气工程学院学生办,交换交流,sjtu.edu.cn,8
6YoV5qxeZa,上海交通大学教务处,通知通告,sjtu.edu.cn,8
Dgeyk5BvZq,同济大学软件学院,本科生通知,tongji.edu.cn,8
3QeLgMwd7k,武汉大学计算机学院,学院新闻,whu.edu.cn,8
aqeE2j3o9R,武汉大学计算机学院,通知公告,whu.edu.cn,8
3moB2EgoN5,武汉大学新闻网,珞珈影像,whu.edu.cn,8
ARe1mnqe7n,武汉大学新闻网,来稿选登,whu.edu.cn,8
4KvxZKLekx,西安交大教务处,教学信息 - 新闻动态,dean.xjtu.edu.cn,9
VaobL2OdAj,重庆大学信息化办公室主页,单位动态,cqu.edu.cn,8
b0vm8EAoB1,乐心湖's Blog,,xn2001.com,10
YqoXKO8eOD,懂球帝,山东鲁能泰山,dongqiudi.com,3
YKd6O4geaP,鸟叔の窝,,thornbird.org,10
Jndk6n7v3V,Shu's Garden,,sitstars.com,10
3adq6nzeng,reuixiy,,io-oi.me,10
VaobLNqdAj,HPX 輕鬆聚,,hpx.tw,10
nBe0gKBd37,Business Insider Japan,,businessinsider.jp,10
2KeDNkPvNP,デザイン情報サイト「JDN」,,japandesign.ne.jp,10
1Vd5P1Yv85,Neche Collection,,nechecollection.com,10
aqeE2qgo9R,FreeTypography,,freetypography.com,10
WmoOrgRe4E,Web Design Ledger,,webdesignledger.com,10
3moB2qVoN5,pttrns.com,,pttrns.com,10
pQvNjDpvNE,teobler,,teobler.com,10
nBe0WGjd37,崮生 • 一些随笔 🎨,,shenzilong.cn,10
3moBZKMoN5,叶寻的日志,,cyrusyip.org,10
DOvnzW7vEB,王宜楷工作室,,wangyikai.com,10
MZd7a8DorO,Robotkang,,robotkang.cc,10
4Kvxjw7ekx,延庆报,电子报,yqb.bjyq.gov.cn,12
x9oz0b7dXb,奉贤报,电子报,fengxianbao.net,12
Vaob5nBeAj,今日建德,电子报,jrjd.jdnews.com.cn,12
3moBZ6PoN5,兰江导报,电子报,47.96.164.84,12
7GdaXNYvQy,温岭日报,电子报,paper.wlxww.com,12
Jndk0PVe3V,新三门,电子报,epaper.smnews.com.cn,12
4qv9Z6qdaK,今日临海,电子报,epaper.lhnews.com.cn,12
3adqMBmdng,武义报,电子报,jrwy.zjol.com.cn,12
YKd6aWKvaP,牡丹晚报,电子报,mdwb.epaper.heze.cn,12
Q0orBVYo8B,广元日报,电子报,e.gyxww.cn,12
BwdGln8ePx,Red Hat Developer,,developers.redhat.com,10
Ywv4apxdPa,黑河日报,电子报,hhrb.dbw.cn,12
WmoO7NBo4E,江淮时报,电子报,jhsb.szb.ahnews.com.cn,12
Ywv4VJMePa,昌都报,电子报,sz.cdbao.cn,12
3QeL4zGe7k,东阳日报,电子报,dyrb.zjol.com.cn,12
Q0orPy0d8B,ControlNet Blog,,controlnet.space,10
4MdA0ZbvxD,云东方,,yundongfang.com,10
b0vmgrAeB1,FUYAO168的博客,,blog.csdn.net,10
0MdKwradw1,YE23 精彩的生活,,ye23.vip,10
Q0orPN5d8B,Rainshaw's Blog,,blog.ruixiaolu.com,10
Q0orPR0d8B,痴人呓语,,nigream.github.io,10
x9ozJ7MoXb,EdNovas的小站,,ednovas.xyz,10
4MdA0NZvxD,卦者那啥子靈風 的 bilibili 动态,,space.bilibili.com,10
m4ejJ41exE,小彬网,最新更新,xiaobinwang.net,10
1Vd52jMe85,小球飞鱼,,mantyke.icu,10
ARe12gZo7n,yiyun's Blog,,moeci.com,10
VaobLXPdAj,DESIGN IT! w/LOVE,,gitanez.seesaa.net,10
5PdMmbEdmg,Marvel Blog,,marvelapp.com,10
DgeyknNvZq,香菇肥牛的博客,,qing.su,10
WmoOr0Ee4E,记忆角落,,199604.com,10
aEdZgJBerO,森纯博客,,isenchun.cn,10
DgeykWBvZq,大破进击,,jesor.me,10
yjvQP5zobg,"A Blog about Typography, Letterpress and Printing History | News",,blog.typoretum.co.uk,10
47o8Lx2oMm,Font Squirrel Free Font Updates,,fontsquirrel.com,10
1VdJZqZdLQ,Webdesigner Depot,,webdesignerdepot.com,10
KGoROrzvl6,Craig Mod,,craigmod.com,10
2me3rnndwj,BOOOOOOOM!,,booooooom.com,10
MZd7z56vrO,Almost looks like work,,jasmcole.com,10
YKd6OXjeaP,我yi癫狂,,blog.csdn.net,10
DgeykOqvZq,TSBBLOG,,tsb2blog.com,10
12ow4GwvNV,Scvoet,,scvoet.me,10
5PdMmkZdmg,XINDOO的博客,,zxs.io,10
Q0or65zo8B,Wiley: Cultural Anthropology: Table of Contents,,onlinelibrary.wiley.com,10
nBe0g7Kd37,Holmesian Blog,,holmesian.org,10
1Vd5P9Lv85,NirSoft,,nirsoft.net,10
5PdMmYGdmg,herrkaefer,,herrkaefer.com,10
0MdKE3Oow1,majixiang1996的博客,,blog.csdn.net,10
3QeLgaJd7k,yzqzss|一座桥在水上's Blog,,blog.othing.xyz,10
Jndk68Vv3V,Ryan4Yin's Space,,ryan4yin.space,10
KGoRlAxdl6,文汇报,娱乐,whb.cn,3
yjvQlqaobg,crblog,,blog.cal1.cn,10
ENeYm1keY4,刘荣星的博客,,liurongxing.com,10
pQvNlRyeNE,Phuker's Blog,,phuker.github.io,10
7GdaX2yvQy,董珂璠☕,,kefan.me,10
ENeYmpqeY4,顺义时讯,电子报,bz.bjsytv.com,12
3moBZ1goN5,叶开楗,,qq.md,10
DOvnzw2vEB,Leon.D's blog,,kongfandong.cn,10
0MdKlN6ew1,辽源日报,电子报,read.0437.com,12
ARe1WB4v7n,图们江报,电子报,tmjnews.cn,12
qndg5jVoLl,Allen Hua 的网络博客,,hellodk.cn,10
1Vd5255e85,读写错误,,ioerr.github.io,10
ARe12O4o7n,Eason Yang's Blog,,easonyang.com,10
YqoXVxzdOD,Acmic,,acmic.top,10
Q0orP2Dd8B,大大的小蜗牛,,eallion.com,10
YKd6G2KeaP,NCBI Insights,,ncbiinsights.ncbi.nlm.nih.gov,10
1Vd52qWe85,玉明BLOG,,xdym11235.com,10
ARe1208o7n,冯兄话吉博客,,fengmengzhao.github.io,10
pQvN73AdNE,2BAB 的工程博客,,2bab.me,10
Q0orPW2d8B,Surmon.me,,surmon.me,10
b0vmga6eB1,jdhao's blog,,jdhao.github.io,10
proP7bBeq6,ITCharge,,itcharge.cn,10
x9ozJEnoXb,Domon,,domon.cn,10
1VdJJ6gdLQ,一颗小树,,yeshu.cloud,10
1Vd529Ne85,Le news di Hardware Upgrade,,hwupgrade.it,10
wWmoOPDv4E,Aldeid News,,aldeid.com,10
G47o8YLvMm,The Duo Blog,,duo.com,10
rYqoXw4eOD,Filippo.io,,blog.filippo.io,10
G2me33Bewj,Quarkslab's blog,,blog.quarkslab.com,10
Om4ejwqoxE,sysexit,,sysexit.wordpress.com,10
74KvxRLekx,The Grey Corner,,thegreycorner.com,10
74Kvxlrvkx,Wonderffee's Blog,,wonderffee.github.io,10
Ywv41jNdPa,148Apps,全部,148apps.com,3
4Kvx6Z0ekx,Spring Coupon,,springcoupon.com,10
MZd7xpOerO,MIUI米8(dipper)开发版更新日志,,miui.com,10
wkvlxQjvz1,Merriam-Webster's Word of the Da,,merriam-webster.com,10
12owWAaoNV,侠客书生,,yangqiju.com,10
Q0orpp2d8B,V2EX,Android,v2ex.com,4
47o8Q1DvMm,Coxxs,,coxxs.me,10
1VdJp8MoLQ,Alex Sky,,alexyang.me,10
2me3xwzowj,Dorole's Blog,,dorole.com,10
m4ejXkpvxE,颜海镜,,yanhaijing.com,10
Dgey9zneZq,宋辰文,,songchenwen.com,10
0MdKLQaew1,雅绿,,yalv.me,10
VaobbynoAj,KeePassXC Password Manager,,keepassxc.org,10
2me3xE0owj,Blog: Ivan Ristić,,blog.ivanristic.com,10
0MdKLRpew1,Coco413's Blog,,coco413.com,10
pQvNGgAdNE,Zaufana Trzecia Strona,,zaufanatrzeciastrona.pl,10
MZd7VWgvrO,FileFormat.Info,,fileformat.info,10
YKd6JWgdaP,HACKMAGEDDON,,hackmageddon.com,10
5PdMNEEemg,BadCyber,,badcyber.com,10
aqeEa8Pe9R,Uknow - Stay hungry Stay foolish,,uknowsec.cn,10
4qv9byPdaK,Misaki's Blog,,misakikata.github.io,10
3adqQOadng,抽风的飞机 的 bilibili 空间,,space.bilibili.com,10
b0vmlM6oB1,Accounts of Chemical Research,,pubs.acs.org,10
wkvlM5Bdz1,Nature Materials - Issue,,feeds.nature.com,2
1Vd5kYLo85,Lifehacker,,lifehacker.com,10
Dgeyg9pvZq,吕立青的博客,,blog.jimmylv.info,10
7GdagApoQy,谢乾坤 | Kingname,,kingname.info,10
m4ejxOgvxE,HackerOne Hacker Activity,,hackerone.com,10
1VdJ700eLQ,Trustwave Blog,,trustwave.com,10
5PdMapldmg,Innost的专栏,,blog.csdn.net,10
3QeLp2Ee7k,NowSecure,,nowsecure.com,10
ENeYQRGeY4,Smartphone Security,,smartphone-attack-vector.de,10
4MdALEZvxD,Zdziarski's Blog of Things,,zdziarski.com,10
DgeygRNvZq,博客园_android diordna,,cnblogs.com,10
DOvn3KLdEB,博客园_pengwang,,cnblogs.com,10
qndgqPXoLl,大老的逆向专栏,,blog.csdn.net,10
2me37Xzewj,Gradient Flow,,gradientflow.com,10
YqoX9MXvOD,代码之外 Beyond Code,,xiaoyuzhoufm.com,10
0MdKrj9vw1,360影视,综艺榜,360kan.com,3
5PdMPyXvmg,Towards AI - Medium,,pub.towardsai.net,10
1VdJ3A8eLQ,鲁网,论见,pinglun.sdnews.com.cn,1
qndgBElvLl,ScienceDaily,Latest Science News,sciencedaily.com,2
anopNM2dlZ,Bloomberg Technology,,bloomberg.com,10
47o87GreMm,AI-Tech Park,AI,ai-techpark.com,10
3moB8MgdN5,MachineLearningMastery.com,,machinelearningmastery.com,10
2me371Zewj,DataTalks.Club,,datatalks.club,10
6YoVwE3vZa,Adventures in Machine Learning,,topenddevs.com,10
m4ejwjpoxE,ScienceDaily,Top Society News,sciencedaily.com,2
wkvlAJgdz1,小陶持续精进,,whyya.xyz,10
aqeE3P3v9R,ScienceDaily,Latest Science News,sciencedaily.com,2
wkvl2Qkez1,Kite News,Gaming,kite.kagi.com,3
KGoR9Gbel6,河南省工业和信息化厅,工信动态,gxt.henan.gov.cn,9
4MdADQlvxD,好东西,,haodongxi.net,10
wkvl2XPez1,Freethink,,freethink.com,10
7GdaPVQvQy,LangChain Blog,,blog.langchain.com,10
MZd7DBOerO,河南省应急管理厅,地方应急,yjglt.henan.gov.cn,9
YqoX2nPdOD,中国组织人事报新闻网,首页要闻,zuzhirenshi.com,9
1VdJj2qdLQ,MarkTechPost,,marktechpost.com,10
3moB8LgdN5,Nicholas Carlini,,nicholas.carlini.com,10
pQvN8XzeNE,河南省教育厅,豫教要闻,jyt.henan.gov.cn,9
0MdKw30dw1,GitHub,Trending Agda Today,github.com,7
ARe12zqo7n,GitHub,Trending ANTLR Today,github.com,7
8Rv2ZLmvLw,GitHub,Trending Apex Today,github.com,7
anoprk2dlZ,GitHub,Trending AsciiDoc Today,github.com,7
KGoRZqmol6,GitHub,Trending BitBake Today,github.com,7
MZd72RxvrO,GitHub,Trending Blade Today,github.com,7
RrvW7mxv5z,GitHub,Trending CartoCSS Today,github.com,7
4MdA0g5vxD,GitHub,Trending COBOL Today,github.com,7
DOvnm0loEB,GitHub,Trending Dhall Today,github.com,7
Q0orPKnd8B,GitHub,Trending EmberScript Today,github.com,7
nBe0AXQo37,GitHub,Trending Erlang Today,github.com,7
proP7A4eq6,GitHub,Trending F# Today,github.com,7
WmoO7kmo4E,GitHub,Trending F* Today,github.com,7
2me33wrewj,mahesh’s blog,,maheshba.bitbucket.io,10
3adqqrMdng,Vulkey_Chen's Blog,,gh0st.cn,10
Dgey3MKvZq,zjun's blog,,blog.zjun.info,10
x9oz3LKvXb,楚钧艾克 的 bilibili 动态,,space.bilibili.com,10
JndkZ3Av3V,Shadow Walker 松烟阁,,edony.ink,10
RrvWABke5z,日谈公园,,ximalaya.com,10
0MdKJwpvw1,GA小站,,ichdata.com,10
Q0or39Yv8B,事不过三,,via.zhubai.love,10
6YoVWB7vZa,湖南涉外经济学院,教务处·通知公告,hieu.edu.cn,8
4MdAr93exD,王掌柜,财经,geek.wasai.org,10
1VdJKapeLQ,Tw93 的博客,,tw93.fun,10
aqeEzpro9R,一派胡言,,yipai.me,10
6YoVWLavZa,Daily Camera News,Today,dailycameranews.com,2
x9oz316vXb,一条Yit,,youtube.com,10
pQvNyq8oNE,看理想电台,,xiaoyuzhoufm.com,10
7GdaZWpeQy,To the Lighthouse,,owlswims.com,10
2me33jbewj,Notebookcheck.info,Notebook Análises,notebookcheck.info,2
YqoXWn4eOD,南京市人民代表大会常务委员会,市人大,rd.nanjing.gov.cn,9
Ywv43GpoPa,大连市人民政府,人事信息,dl.gov.cn,9
3adqqmxdng,厦门市人大常委会,权威发布,xmrd.gov.cn,9
47o83aLeMm,中华人民共和国外交部,大使任免,mfa.gov.cn,9
aqeEzyMo9R,中华人民共和国外交部,驻外报道,mfa.gov.cn,9
YqoXW14eOD,中华人民共和国工业和信息化部,人事任免,miit.gov.cn,9
JndkZrpv3V,中华人民共和国应急管理部,人事信息,mem.gov.cn,9
DOvnlODeEB,白银人大,人事任免,bysrdw.cn,9
ENeYOqkvY4,蓝鲨,,lan-sha.com,10
YqoXPzPoOD,东北财经大学,研究生院网站招生工作硕士招生,dufe.edu.cn,8
3adqKjyong,上海交通大学电子信息与电气工程学院,学生事务,sjtu.edu.cn,8
aEdZMRgvrO,中共上海市纪委 上海市监察委员会,审查调查,shjcw.gov.cn,9
4Kvxmprdkx,江苏省人民代表大会常务委员,决议决定,jsrd.gov.cn,9
yjvQkazebg,江苏省人民代表大会常务委员,人大要闻,jsrd.gov.cn,9
Dgeyj8noZq,安徽省人民代表大会常务委员,决议决定,ahrd.gov.cn,9
2KeD936oNP,安徽省人民代表大会常务委员,人事任免,ahrd.gov.cn,9
aEdZMXVvrO,安徽省人民代表大会常务委员,履职工作,ahrd.gov.cn,9
aqeEkYrv9R,福建省人大常委会,决议决定,fjrd.gov.cn,9
3moBl3zdN5,山东省人民代表大会常务委员会,选举任免,sdrd.gov.cn,9
4Kvxmrrdkx,河南省人大常委会,通知公告,henanrd.gov.cn,9
yjvQkwzebg,湖南省人大常委会,决议决定,hnrd.gov.cn,9
KGoREVNel6,湖南省人大常委会,选举任免,hnrd.gov.cn,9
MZd7L8PerO,湖南省人大常委会,通知公告,hnrd.gov.cn,9
4MdAk53oxD,广东省人大常委会,人事任免,rd.gd.cn,9
WmoOyROd4E,贵州省人民代表大会常务委员,选举任免,gzrd.gov.cn,9
1VdJkNZeLQ,甘肃省人大常委会,人事任免,gsrdw.gov.cn,9
4Kvxmkwdkx,青海省人大常委会,人事任免,qhrd.gov.cn,9
ENeYODpvY4,青海省人大常委会,决议决定,qhrd.gov.cn,9
YKd6z1jdaP,内蒙古自治区人大常委会,选举任免,nmgrd.gov.cn,9
aEdZMDnvrO,西藏自治区人民代表大会常务委员会,人事任免,xizangrd.gov.cn,9
aqeEkAgv9R,宁夏回族自治区人民代表大会常务委员会,决议决定,nxrd.gov.cn,9
b0vmLkloB1,宁夏回族自治区人民代表大会常务委员会,人事任免,nxrd.gov.cn,9
Q0orJ8Oo8B,宁夏回族自治区人民政府,人事任免,nx.gov.cn,9
nBe0mj1o37,宁夏回族自治区人民政府,通知公告,nx.gov.cn,9
proPkZpeq6,宁夏回族自治区人民政府,政府领导,nx.gov.cn,9
WmoOypRd4E,新疆维吾尔自治区人民代表大会常务委员会,人事任免,xjpcsc.gov.cn,9
1VdJkAZeLQ,河北省纪律检查委员会,审查调查,hebcdi.gov.cn,9
7GdawlLoQy,江苏省纪委监委,监督曝光,jssjw.gov.cn,9
Ywv4POWvPa,安徽省纪委监委,案件发布,ahjjjc.gov.cn,9
Vaob17geAj,河南省纪委监委,省管干部,hnsjw.gov.cn,9
DgeyjJqoZq,广东省纪委监委,监督曝光,gdjct.gd.gov.cn,9
DOvnX1BeEB,贵州省纪委监委,审查调查,gzdis.gov.cn,9
47o8XmwoMm,云南省纪委监委,审查调查,ynjjjc.gov.cn,9
5PdMDw7vmg,云南省纪委监委,党纪政务处分,ynjjjc.gov.cn,9
proPkOpeq6,内蒙古自治区纪委监委,审查调查,nmgjjjc.gov.cn,9
qndgjJWvLl,中华人民共和国外交部,部领导活动,mfa.gov.cn,9
b0vmL28oB1,中华人民共和国国防部,联演,mod.gov.cn,9
ENeYO8RvY4,中华人民共和国民政部,业务动态,mca.gov.cn,9
wkvlz4qez1,中华人民共和国生态环境部,组织机构,mee.gov.cn,9
47o8XKjoMm,中华人民共和国住房和城乡建设部,部领导,mohurd.gov.cn,9
m4ejPqrvxE,中华人民共和国水利部,水利部公报,mwr.gov.cn,9
8Rv2rGwvLw,中华人民共和国文化和旅游部,部领导,mct.gov.cn,9
Ywv4P9xvPa,中国人民银行,领导,pbc.gov.cn,9
DOvnXa1eEB,上海市纪委监委,审查调查,shjcw.gov.cn,9
Q0orJYPo8B,新疆生产建设兵团纪委监委,领导机构,btjw.xjbt.gov.cn,9
DgeyjDKoZq,阳泉市纪委监委,审查调查,yqlz.gov.cn,9
YqoXPKXoOD,泪雪网,,leixue.com,10
b0vmLOJoB1,Tomsguide,科技评测,tomsguide.com,2
6YoVr7NoZa,前端技术文章,,fed.chanceyu.com,10
b0vmLqXoB1,刑辩人在路上,,xingbianren.cn,10
pQvNkqNdNE,中国人民银行,行政处罚公示,pbc.gov.cn,9
ENeYO9DvY4,武汉市科学技术局,通知公告,kjj.wuhan.gov.cn,9
pQvNkxVdNE,武汉市科学技术局,公示信息,kjj.wuhan.gov.cn,9
RrvW0W7d5z,南开大学,南开要闻,news.nankai.edu.cn,9
Vaob1zOeAj,北京理工大学,综合新闻,bit.edu.cn,9
2me30aZowj,北京师范大学新闻网,综合新闻,bnu.edu.cn,8
3adqKalong,中央民族大学新闻网,综合新闻,news.muc.edu.cn,9
DgeyjEnoZq,天津大学,综合新闻,news.tju.edu.cn,9
6YoVr43oZa,同济大学新闻网,同济快讯,tongji.edu.cn,8
aqeEkXrv9R,东南大学,东大要闻,seu.edu.cn,8
1VdJkLpeLQ,西安交通大学新闻网,主页新闻,xjtu.edu.cn,8
12owBQaeNV,能哥的专栏,,blog.csdn.net,10
2KeDGADdNP,ihazomgsecurityskillz,,ihazomgsecurityskillz.blogspot.com,10
YqoXlpnoOD,mod%log,,modzero.ch,10
qndgqV0oLl,MWR Labs Tools,,labs.mwrinfosecurity.com,10
m4ejxMVvxE,My aimful life,,blog.cr4.sh,10
0MdKVq8vw1,phoenhex team,,phoenhex.re,10
ARe1xyZd7n,pwnaccelerator BLOG,,pwnaccelerator.github.io,10
aEdZZBBdrO,The Pwnie Awards,,pwnies.com,10
wkvlB9kez1,The search for animal 0-day,,animal0day.blogspot.com,10
DOvn3b7dEB,This is a One Way Ride.,,h3ysatan.blogspot.com,10
WmoOxExv4E,"xorl %eax, %eax",,xorl.wordpress.com,10
x9ozmzneXb,ZecOps Blog,,blog.zecops.com,10
DOvn3A7dEB,Programming stuff,,the-interweb.com,10
x9ozmDneXb,Techorganic,,blog.techorganic.com,10
1Vd58jGv85,Thoughts on Security,,scriptjunkie.us,10
4KvxE31dkx,ADD / XOR / ROL,,addxorrol.blogspot.com,10
7Gdag5OoQy,Bitdefender Labs,,labs.bitdefender.com,10
Ywv4BmzePa,Green_m's blog,,green-m.github.io,10
JndkaNQo3V,Hexacorn Ltd,,hexacorn.com,10
wkvlBaBez1,NULL & PWNED,,nul.pw,10
47o8RzrdMm,pzhxbz的博客,,pzhxbz.cn,10
nBe0xEBe37,securityresear.ch,,securityresear.ch,10
proPGb0eq6,SentinelOne,,sentinelone.com,10
3QeLpWwe7k,Tavis Ormandy,,blog.cmpxchg8b.com,10
anopp4qolZ,Trustlook,,blog.trustlook.com,10
ENeYQr3eY4,Vulnerable Security,,vulnsec.com,10
JndkaQQo3V,5alt's Blog,,5alt.me,10
wkvlBKBez1,Ben Hayak - Security Blog,,benhayak.com,10
YqoXlnPoOD,dead && end,,d3adend.org,10
m4ejx5pvxE,g0tmi1k,,blog.g0tmi1k.com,10
proPGn4eq6,impakho 的小站,,impakho.com,10
3QeLpnBe7k,K0rz3n's Blog,,k0rz3n.com,10
ARe1x9qd7n,Les1ie,,iansmith123.github.io,10
anopp22olZ,LoRexxar's Blog,,lorexxar.cn,10
proPGz4eq6,Ruilin,,rui0.cn,10
YqoXl1xoOD,Security Obscurity Blog,,security-obscurity.blogspot.com,10
yjvQZLVdbg,The Cobra Den Blog,,blog.thecobraden.com,10
BwdG0zwePx,Wh0ale's Blog,,wh0ale.github.io,10
nBe0x7Qe37,博客园_Sevck's Blog,,cnblogs.com,10
8Rv26kwvLw,郭霖的专栏,,blog.csdn.net,10
Q0orOanv8B,硬核的半佛仙人 的 bilibili 空间,,space.bilibili.com,10
12owX9BvNV,Svlik's Blog,,svlik.com,10
0MdKxbaew1,MSDN 我告诉你,,msdn.itellyou.cn,10
2KeDm6YoNP,OpenShift blog,,openshift.com,10
aEdZLJnorO,Kubernetes Tutorials – Codefresh,,codefresh.io,10
m4ej8GxvxE,Project Calico,,projectcalico.org,10
ARe1nR4o7n,Авторские репаки от ELCHUPACABRA,,lrepacks.ru,10
8Rv26PKvLw,博客园_漫天尘沙,,cnblogs.com,10
ENeYNX3oY4,Ars Technica,全部新闻,arstechnica.com,2
47o8YVrvMm,博客园_DengWu,,cnblogs.com,10
b0vmQ52vB1,平凡的程序员,,blog.csdn.net,10
proPxa0oq6,博客园_Edison Zhou,,cnblogs.com,10
WmoOKQlo4E,博客园_fanly11,,cnblogs.com,10
12owbNleNV,博客园_Wilson.Pan,,cnblogs.com,10
ENeYZb3oY4,博客园_放飞梦想的翅膀,,cnblogs.com,10
5PdMAyRdmg,博客园_Alan Hu,,cnblogs.com,10
aqeEVWDo9R,博客园_AllEmpty,,cnblogs.com,10
qndgQY8oLl,博客园_Ants,,cnblogs.com,10
b0vmQ6qvB1,博客园_M了个J,,cnblogs.com,10
3QeLVqBv7k,博客园_yydcdut@Android笔记,,cnblogs.com,10
Dgey747vZq,博客园_汤姆大叔的博客,,cnblogs.com,10
5PdMA7Xdmg,博客园_简单生活，踏实人生,,cnblogs.com,10
WmoOKkmo4E,博客园_重典的博客,,cnblogs.com,10
YqoXwrxeOD,博客园_雪雁,,cnblogs.com,10
4KvxY7Ldkx,博客园-伍迷家园,,cnblogs.com,10
3adq7Pyong,Homepage on Yihui Xie | 谢益辉,,yihui.org,10
qndgW1VdLl,EDM Boost Zippyshare,,edmboost.org,10
qndgWDWdLl,Google Webmaster Blog,,googlewebmastercentral.blogspot.com,10
7GdaRjpeQy,Google LatLong,,google-latlong.blogspot.com,10
4qv9zJrdaK,Cuiweibaike的博客,,blog.csdn.net,10
2KeDPZXeNP,Kali's Blog,,blog.bbskali.cn,10
KGoRJWQol6,Frost's Blog,,frost-lee.github.io,10
8Rv2gNgdLw,逸思杂陈,,ponder.work,10
5PdMV6Remg,伪斜杠青年,,i.lckiss.com,10
4Kvx8lLvkx,Netrvin's Blog,,blog.yuzu.im,10
ENeYag6eY4,神楽坂 玉兔,,54yt.net,10
MZd7P6xerO,萨摩公园,,i-meto.com,10
qndgWMxdLl,旁逸斜出,,mihu.live,10
b0vm7x8eB1,博客园_杀死比特,,cnblogs.com,10
3QeLJrEv7k,安徽农业大学教务处,教务要闻,ahau.edu.cn,8
YqoXb14dOD,安徽农业大学教务处,通知公告,ahau.edu.cn,8
12owqzkdNV,北华航天工业学院,学术信息,nciae.edu.cn,8
ARe1E1le7n,北华航天工业学院,通知公告,nciae.edu.cn,8
wkvl804vz1,北京林业大学教务处,考试信息,bjfu.edu.cn,8
6YoVYaKeZa,北京林业大学教务处,课程信息,bjfu.edu.cn,8
12owq1kdNV,大连工业大学,学术讲座,dlpu.edu.cn,8
Jndk7R7d3V,桂林电子科技大学,校内通知,guet.edu.cn,8
DgeyDZNdZq,哈尔滨工程大学本科生院,工作通知,hrbeu.edu.cn,8
wkvl87Yvz1,哈尔滨工程大学本科生院工作通知,专业建设处,hrbeu.edu.cn,8
47o8Ow0eMm,哈尔滨工程大学本科生院工作通知,综合办公室,hrbeu.edu.cn,8
proPJAmdq6,井冈山大学教务处,通知,jgsu.edu.cn,8
3QeLJaWv7k,昆明理工大学就业网,校内宣讲会,job.kmust.edu.cn,8
MZd7z9DvrO,南京理工大学教务处,教师通知,njust.edu.cn,8
m4ej6XqexE,山东大学能源与动力工程学院,通知公告,sdu.edu.cn,8
pQvNjGJvNE,上海交通大学电子信息与电气工程学院学生办,分专业,bjwb.seiee.sjtu.edu.cn,8
wkvl6NBez1,同济大学软件学院,全体通知,tongji.edu.cn,8
m4ej68pexE,武汉大学新闻网,专题报道,news.whu.edu.cn,8
pQvNj2NvNE,西安交大教务处,教学信息 - 督导简报,dean.xjtu.edu.cn,9
DOvn6plvEB,扬州大学研究生招生,通知公告,yzu.edu.cn,8
7Gdaz2keQy,共青团重庆大学委员会,工作动态,cqu.edu.cn,8
proP0Qnoq6,独孤伶俜,,blog.dugulingping.com,10
KGoRE2Nel6,北京协和医院,重大新闻,pumch.cn,9
MZd7LnPerO,北京协和医院,医院动态,pumch.cn,9
qndgjPVvLl,中国医学科学院整形外科医院,医院动态,zhengxing.com.cn,9
b0vmLBAoB1,北京大学第一医院,新闻动态,pkufh.com,9
m4ejPL4vxE,北京大学人民医院,新闻动态,pkuph.cn,9
YqoXPp8oOD,广州市人民政府,法规公文,gz.gov.cn,9
ARe1jy2o7n,LINUX DO,年度热门话题,linux.do,7
pQvNk3zdNE,博客园,静雅斋数学,cnblogs.com,10
Ywv4PzxvPa,GuangzhengLi,,guangzhengli.com,10
47o8XPjoMm,米游社,原神 的发帖,miyoushe.com,10
2KeD9YQoNP,张智勇,,zyzhang.com,10
0MdKk44dw1,阿志说钱,,azhi360.com,10
KGoREX1el6,OMii,,omii.top,10
4MdAkb1oxD,肖恩的杂货店,,shawnxie.top,10
1Vd5OD8o85,垒阅网,,leiue.com,10
0MdKkpOdw1,宠玩季,,chongwanji.com,10
1Vd5OB8o85,奇安信 X 实验室,,blog.xlab.qianxin.com,10
proPKMOeq6,金色财经,数据,jinse.cn,6
WmoOBNDe4E,金色财经,NFT,jinse.cn,6
3moBNYyoN5,QuestN Events,Trending,app.questn.com,6
anopOWEelZ,印记中文,React Status 周刊,docschina.org,7
Ywv4N1pePa,deeplearning.ai,Weekly,deeplearning.ai,7
m4ejgXgoxE,头条热榜,游戏榜,toutiao.com,3
WmoOBGbe4E,头条热榜,足球榜,toutiao.com,3
MZd7NMgvrO,豆瓣,华语口碑剧集榜,douban.com,3
VaobyMPeAj,豆瓣,近期热门韩剧,douban.com,3
aqeEmjle9R,豆瓣,新书速递-科学新知,book.douban.com,3
qndgyOXoLl,豆瓣,新书速递-艺术设计,book.douban.com,3
qndgyO0oLl,中华网,TMT财经频道,finance.china.com,6
m4ejg8VoxE,中华网,地产财经频道,finance.china.com,6
7GdayMydQy,DEV Community,Latest,dev.to,7
aqeEmw3e9R,Home on Nan Xiao | 肖楠,,nanx.me,10
4KvxwYrokx,国务院新闻办公室,地方新闻发布,scio.gov.cn,9
ENeYyZDeY4,国务院新闻办公室,其他新闻发布,scio.gov.cn,9
MZd7NkPvrO,国家文物局,文物新闻,ncha.gov.cn,9
YKd6MYOvaP,国家文物局,工作资讯,ncha.gov.cn,9
RrvWyl7e5z,国家文物局,媒体关注,ncha.gov.cn,9
JndkmDZo3V,中国文明网,工作动态,wenming.cn,9
pQvN5pVoNE,Crx搜搜,每期精选,crxsoso.com,10
RrvWyB3e5z,Ars Technica,Ars Cardboard,arstechnica.com,2
2me3Nrndwj,Ars Technica,Tech,arstechnica.com,2
47o8kbweMm,起点女生网,公众作者新书榜,qdmm.com,3
x9oz2J6oXb,Data Science Weekly,,datascienceweekly.substack.com,10
Q0orLPPd8B,SecWiki,安全周刊,sec-wiki.com,10
WmoOB7Be4E,Kubesphere,云原生周刊,cnblogs.com,10
b0vmr16dB1,Hacker Trends,最新趋势,hacker-trends.motikan2010.com,7
3QeLLOze7k,TechCrunch,Venture Capital News,techcrunch.com,2
KGoRwK5vl6,Tomsguide,Phones,tomsguide.com,2
Vaobyk3eAj,TechRadar,Today,techradar.com,2
2me3NBBdwj,TechRadar,Reviews,techradar.com,2
nBe0NYzv37,大橘和朋友们的周刊,,rrorangeandfriends.site,10
pQvN59VoNE,中华人民共和国人力资源和社会保障部,招聘公告,mohrss.gov.cn,9
WmoOBAOe4E,即刻圈子,记一件小事,okjike.com,10
3QeLLWxe7k,即刻圈子,无用但有趣的冷知识,okjike.com,10
YKd6zlOdaP,中国医学科学院阜外医院,新闻动态,fuwaihospital.org,9
6YoVrN3oZa,CN-SEC 中文网,,cn-sec.com,10
qndgjVxvLl,酷小呵,,kuhehe.top,10
x9ozrDboXb,Docker,,docker.com,10
pQvNkWzdNE,Kaffa,,kaffa.im,10
wkvlzaqez1,ZoDream's Blog,,zodream.cn,10
qndgjpmvLl,XiaoHu.AI学院,,xiaohu.ai,10
pQvNknBdNE,Cosmos的博客,,cosmo-polite.com,10
wkvlzKjez1,唐山人才网,公共通知,tsrcw.com,9
3moBlLEdN5,探电纪,,tandianji.com,10
1VdJk28eLQ,弱密码,,ruomima.com,10
x9ozrlKoXb,旗帜网,贯彻落实,qizhiwang.org.cn,9
qndgybLoLl,金色财经,IPFS,jinse.cn,6
Q0orLZ0d8B,金色财经,政策,jinse.cn,6
4qv9NbbdaK,Go语言中文网,招聘,studygolang.com,7
3adqzQxeng,web.dev,Articles,web.dev,7
YKd6MRgvaP,爱奇艺,动漫 ‧ 飙升榜,iqiyi.com,3
Ywv4NB9ePa,爱奇艺,动漫 ‧ 高分榜,iqiyi.com,3
Q0orLO2d8B,酷安,点赞榜,coolapk.com,2
12owJEreNV,乘联会,乘联分会论坛,cpcaauto.com,9
RrvWyjKe5z,路来福,,lulaifu.com,10
Q0orLbZd8B,小光科普,,xiaoguangkepu.com,10
MZd7NjDvrO,Reorx’s Forge,,reorx.com,10
pQvN5VNoNE,码农明明桑,,isming.me,10
12owJP0eNV,云端奇趣,,yunduanqiqu.com,10
YqoXyGxvOD,时鹏亮的Blog,,shipengliang.com,10
anopOXBelZ,云线路,,yunloc.com,10
proPK7peq6,混沌周刊,,weekly.love,10
47o8ky0eMm,App Store,游戏赚钱榜[iPad][国区],itunes.apple.com,3
YKd6MxgvaP,奇绩创坛齐思,产品,news.miracleplus.com,7
0MdKzP8vw1,CNET,News,cnet.com,2
1VdJO0geLQ,CNET,Reviews,cnet.com,2
12owJYreNV,CNET,Video Podcasts,cnet.com,2
ARe1AXZe7n,CNET,How To,cnet.com,2
8Rv2N5gvLw,CNET,Deals,cnet.com,2
aEdZyNBvrO,WeGame游戏商店,预约之星,wegame.com.cn,3
6YoVy2MeZa,WeGame游戏商店,最高热度,wegame.com.cn,3
x9oz2gnoXb,天文通,,laysky.com,10
1VdJOwgeLQ,AcFun,动画榜,acfun.cn,3
47o8kWDeMm,engineering on Grafana Labs,,grafana.com,10
1VdJOLMeLQ,The GitHub Blog,,github.blog,10
2KeDglEdNP,Blog on LlamaIndex,,llamaindex.ai,10
x9oz2X1oXb,Qdrant - Vector Database,,qdrant.tech,10
KGoRw3Nvl6,#UNTAG,,utgd.net,10
YqoXyn0vOD,星岛环球网,娱乐新闻,stnn.cc,3
proPKzpeq6,广东外语外贸大学研究生院,招生信息,gwyjs.gdufs.edu.cn,8
8Rv2N2nvLw,中国招标投标公共服务平台,行业动态,cebpubservice.cn,9
nBe0N71v37,哎呦不错网,,aiyoubucuo.com,10
47o8kGweMm,红色文化网,最新推荐,hswh.org.cn,1
4qv97greaK,Debug客栈,,blog.debuginn.com,10
qndgBJ0vLl,不死鸟 - 分享为王官网,,iao.su,10
4qv97W5eaK,Gradient Dissent: Conversations on AI,,wandb.ai,10
qndgB0lvLl,Superlinear - Medium,,medium.com,10
pQvNONNdNE,Latent.Space,,latent.space,10
1VdJj5qdLQ,Together.ai,,together.ai,10
VaobOROvAj,Geomob,,thegeomob.com,10
3QeL9pAo7k,全国青少年劳动技能与智能设计大赛,新闻公告,aildcaaorg.scimeeting.cn,9
3QeL9p9o7k,生态环境部宣传教育中心,通知公告,chinaeol.net,9
WmoOz1me4E,ScienceDaily,All Top News,sciencedaily.com,2
WmoOzQme4E,philschmid.de - RSS feed,,philschmid.de,10
2KeD7O6dNP,Data Science at Home,,datascienceathome.podbean.com,10
ARe1pGqd7n,ZDNET,Latest news,zdnet.com,2
Q0orD5nd8B,ScienceDaily,Top Environment News,sciencedaily.com,2
RrvW1m7e5z,MLOps.community,,mlops.community,10
KGoR57mel6,cs.CL updates on arXiv.org,,rss.arxiv.org,10
Ywv47paoPa,NLP Highlights,,soundcloud.com,10
1Vd5AB7d85,The Algorithmic Bridge,,thealgorithmicbridge.com,10
yjvQXRVobg,KDnuggets,,kdnuggets.com,10
2KeDDwYeNP,网易云音乐,欧美R&B榜,music.163.com,3
YKd67ZJeaP,cs.LG updates on arXiv.org,,rss.arxiv.org,10
47o87wXeMm,Unwind AI,,unwindai.substack.com,10
MZd77lxdrO,cs.CV updates on arXiv.org,,rss.arxiv.org,10
MZd77JxdrO,Interconnects,,interconnects.ai,10
DgeyNZ7oZq,Wolfram Blog,,blog.wolfram.com,10
qndgBYVvLl,TechSpot,,techspot.com,10
2me37qzewj,Tech.eu,Deeptech,tech.eu,10
YKd67QOeaP,Not So Standard Deviations,,nssdeviations.com,10
YqoX9Y0vOD,网易云音乐,网络热歌榜,music.163.com,3
0MdKrp0vw1,Mozilla Foundation Blog,,mozillafoundation.org,10
x9ozblxoXb,Simon Willison's Weblog,,simonwillison.net,10
3moBDaVdN5,网易云音乐,网络热歌榜,music.163.com,3
Q0orDAWd8B,Stories by ODSC - Open Data Science on Medium,,medium.com,10
b0vmp6AoB1,Tech Monitor,,techmonitor.ai,10
DgeyN4noZq,Data Skeptic,,dataskeptic.com,10
Jndk1R5o3V,ScienceDaily,Neural Interfaces News,sciencedaily.com,2
b0vmpPqoB1,ScienceDaily,Strange & Offbeat News,sciencedaily.com,2
YqoX27PdOD,Futurism,,futurism.com,10
JndkAaLo3V,河南省住房和城乡建设厅,市县动态,hnjs.henan.gov.cn,9
aEdZx4qorO,Computerworld,,computerworld.com,10
1Vd5nGLe85,产品沉思录,羔羊计划,read.pmthinking.com,10
7GdaAgpdQy,河南省科学技术厅,河南要闻,kjt.henan.gov.cn,9
BwdG8xLePx,姓裴的,,decemberpei.cyou,10
YKd6D5qoaP,深圳市教育局,公告公示,szeb.sz.gov.cn,9
Q0orDRDd8B,gentlelucky,,blog.gentlelucky.com,10
4qv9Da1oaK,河南省人力资源和社会保障厅,市县信息,hrss.henan.gov.cn,9
2KeD7pAdNP,Kite News,Science,kite.kagi.com,2
12owMBwdNV,中国电子学会,世界机器人大赛 - 大赛通知,worldrobotconference.com,9
proPLgmoq6,浙江省农业农村厅,首页新闻,nynct.zj.gov.cn,9
anopapKvlZ,河南省人民政府,央媒看河南,henan.gov.cn,9
2KeD7qEdNP,GitHubDaily的微博,,weibo.com,10
ARe1p97d7n,北京组工,自身建设,bjdj.gov.cn,9
m4ejwjqoxE,SiliconANGLE,AI,siliconangle.com,10
YKd6DRqoaP,河南省交通运输厅,市县动态,jtyst.henan.gov.cn,9
ARe1DPpd7n,苏州市人民政府,苏州要闻,suzhou.gov.cn,9
12owMPJdNV,苏州市人民政府,区县快讯,suzhou.gov.cn,9
m4ejADydxE,胡萝虎的博客,,huluohu.com,10
yjvQ9Zjvbg,河南省科学技术厅,工作动态,kjt.henan.gov.cn,9
RrvWZVRo5z,河南省文化和旅游厅,工作动态,hct.henan.gov.cn,9
Ywv4DBxvPa,河南省卫生健康委员会,健康要闻,wsjkw.henan.gov.cn,9
YKd6OBgeaP,Inside Design,,invisionapp.com,10
Ywv40X9vPa,The UX Intern,,theuxintern.com,10
Jndk6x7v3V,Eye on Design,,eyeondesign.aiga.org,10
4qv9XwXoaK,Rocky Sand Studio News,,rockysandstudio.com,10
3adq6lzeng,Boxes and Arrows,,boxesandarrows.com,10
aEdZgmkerO,Studio by UXPin,,uxpin.com,10
proP0Dmoq6,Michael Tsai,,mjtsai.com,10
4KvxZnEekx,artscape:Art Flash News,,artscape.jp,10
1VdJZDgdLQ,TTmass,,ttmass.com,10
ENeYEB3eY4,EVERYDAY OBJECT,,everydayobject.us,10
ARe1mXqe7n,Made in England,,made-in-england.org,10
3moB2kzoN5,Tim Boelaars,,timboelaars.com,10
ARe1mMne7n,The Iconfactory,,blog.iconfactory.com,10
4MdAxW3vxD,FaveUp - latest designs,,creattica.com,10
DgeykVnvZq,八八吧 :: 88 Bar,,88-bar.com,10
Q0or6VWo8B,Typedeck,,typedeck.com,10
m4ej6WxexE,"I love typography, the typography and fonts blog",,ilovetypography.com,10
3QeLg8Ad7k,ロゴログ | 街で見かけた気になるロゴマークを紹介,,gryph.jp,10
YqoXKX8eOD,idsgn,,idsgn.org,10
ARe1my2e7n,concept ships,,conceptships.blogspot.com,10
ENeYE5peY4,Design made in Germany - Newsfeed,,designmadeingermany.de,10
YKd6OnjeaP,Beautiful Pixels,,beautifulpixels.com,10
Ywv40qWvPa,Little Big Details,,littlebigdetails.com,10
Jndk6qyv3V,TripleZ's Blog,,blog.triplez.cn,10
4MdAxm1vxD,Ramen's Box,,blog.lxdlam.com,10
proP8MOoq6,I'm OWenT,,owent.net,10
aEdZjXBdrO,沈唁志,,qq52o.me,10
nBe0Wpzd37,Frank's Weblog,,nyan.im,10
Ywv4aMXdPa,芍芋之家,,shoyu.top,10
5PdMlR0vmg,NGA玩家社区,汽车俱乐部,bbs.nga.cn,4
3moBZ2zoN5,Easton Man's Blog,,blog.eastonman.com,10
ENeYmEDeY4,中文马克思主义文库,,marxists.org,9
m4ejr0yexE,上虞日报,电子报,shangyuribao.cn,12
Vaob5QBeAj,今日玉环,电子报,jryh.com.cn,12
b0vmgKWeB1,懂球帝,德甲,dongqiudi.com,3
m4ejJyyexE,Surager Blog,,surager.pub,10
KGoRZEmol6,咸糖的博客,,vim0.com,10
m4ejJP4exE,std::bodun::blog,,bodunhu.com,10
0MdKwzadw1,QuarticCat's Blog,,blog.quarticcat.com,10
JndkwAJd3V,人民网,浙江时政,zj.people.com.cn,1
aqeEMGge9R,迟思堂随笔,,latelee.org,10
3QeL439e7k,WeepingDogel's Blog,,weepingdogel.github.io,10
47o89MjvMm,TechPowerUp,News,techpowerup.com,10
aqeEM6Ve9R,尼采为谁哭泣,,blog.besscroft.com,10
1Vd52y8e85,她整夜在写信 的 bilibili 动态,,space.bilibili.com,10
proP71leq6,思为说,,siwei.io,10
3QeL45Je7k,思泉|Jev0n,,jev0n.com,10
YqoXVaKdOD,橘子味的心,,52xml.cn,10
nBe0AlDo37,宝硕博客,,blog.baoshuo.ren,10
qndg57ZoLl,Neverland,,type.cyhsu.xyz,10
WmoO7gbo4E,BAI YUN,,baiyun.me,10
qndg57XoLl,ZingLix Blog,,zinglix.xyz,10
nBe0Aq5o37,星辰日记,,blog.xsot.cn,10
proP7mmeq6,风雨雷电堂,,linchangyu.com,10
0MdKwqpdw1,icebreaker,,icebreaker.top,10
1VdJJqGdLQ,闲趣日评,,xqrp.com,10
anopr60dlZ,Xuanwo's Blog,,xuanwo.io,10
6YoV7MBvZa,LUDWIG,,wangyurui.top,10
5PdMM4Edmg,Lyunvy's Blog,,blog.lyunvy.top,10
6YoV7gMvZa,NobelPrize.org,,nobelprize.org,10
m4ejJNVexE,PoorPlayers穷玩组 的 bilibili 空间,,space.bilibili.com,10
YKd6GqbeaP,WangDeer,,w.toomore.us,10
nBe0Awzo37,Sirius's Blog,,blog.yeefire.com,10
Q0orP5Yd8B,ComputerBase,,computerbase.de,10
nBe0A7Bo37,AnandTech,,anandtech.com,10
Y2KeDVXvNP,Diary of a reverse-engineer,,doar-e.github.io,10
NaEdZw8erO,Didier Stevens,,blog.didierstevens.com,10
KqndgQZoLl,Embedded in Academia,,blog.regehr.org,10
5VaobaMeAj,Hackarandas - Donde las ideas se,,hackarandas.com,10
Jb0vm7LeB1,Holberton,,blog.holbertonschool.com,10
rYqoXbndOD,Jussi Judin's weblog,,barro.github.io,10
1VdJPB8oLQ,Marco.org,,marco.org,10
12ow2qjeNV,TapSmart,,tapsmart.com,10
qndgxWpeLl,Daring Fireball,,daringfireball.net,10
qndgxyXeLl,Asymco,,asymco.com,10
4Kvx6Ajekx,Trendir,,trendir.com,10
m4ejb1xexE,Yixuan,,yixuan.li,10
anopWQBelZ,青石坞,,qs5.org,10
aEdZ25XdrO,𝚆𝚄𝙶𝙰𝙽𝚁𝙵𝙰,,wuganrfa.video.blog,10
MZd7xy3erO,MCB,,jmcb.oxfordjournals.org,10
yjvQNLPdbg,Nature Communications,,nature.com,2
3QeLGKGd7k,R-bloggers,,r-bloggers.com,10
0MdKapJow1,最好金龟换酒,,fz0512.com,10
ENeYLbwdY4,王叨叨,,wangdaodao.com,10
x9ozBlMoXb,無標題文檔,,gracecode.com,10
3QeLGqEd7k,比特客栈的文艺复兴,,bitinn.net,10
BwdGjKMvPx,赵,,zhaoj.in,10
2me381kowj,PUPBOSS,,pupboss.com,10
2KeDEOXoNP,Andor Chen[电子书制作],,about.ac,10
ARe1kBlv7n,99css,,99css.com,10
RrvWOkkv5z,方糖气球,,ftqq.com,10
5PdMN5lemg,逗号的文字电台,,chenfm.com,10
1Vd5kxMo85,王志勇,,auiou.com,10
ENeY0QkdY4,Drown in Codes,,blog.swineson.me,10
BwdGQ0OoPx,imlonghao,,imlonghao.com,10
YqoXzNqdOD,秋日,,qiuri.org,10
JndkEMPo3V,FM7,,fmwei.com,10
aEdZqLBvrO,零件's Blog,,nekosc.com,10
1Vd5kwGo85,maybeiwill,,maybeiwill.me,10
wkvlMqBdz1,Slark,,slarker.me,10
Q0orpyYd8B,知疑,,zhi-i.com,10
nBe0JpBv37,littlecup(剪纸堆),,1ittlecup.com,10
DOvnNglvEB,余炜的博客,,yuwei.cc,10
12owWL0oNV,水八口记,,blog.shuiba.co,10
wkvlM1Pdz1,云居,,gerry.lamost.org,10
WmoOGpOo4E,Axiu Blog,,axiu.me,10
pQvNG0VdNE,6ird@rticles,,6ird.com,10
47o8QK2vMm,HungI Zzz's Blog,,zzao.im,10
MZd7VrgvrO,malicious.link,,room362.com,10
5PdMNWEemg,"Jump ESP, jump!",,jumpespjump.blogspot.com,10
YqoXz4ndOD,Summit Route,,summitroute.com,10
4qv9bMXdaK,grand stream dreams,,grandstreamdreams.blogspot.jp,10
b0vml0XoB1,covert.io,,covert.io,10
x9ozQ1neXb,safe6'blog,,safe6.cn,10
6YoVqDBeZa,Paulund,,paulund.co.uk,10
2KeDGPEdNP,MT论坛,资源共享,bbs.binmt.cc,4
8Rv2YgmoLw,Chiphell,电脑讨论,chiphell.com,4
2KeDGDQdNP,芊芊精典,,myqqjd.com,10
aEdZZJNdrO,WeGene 微基因,最近更新,wegene.com,10
nBe0x6je37,大眼仔旭,,dayanzai.me,10
4qv9ayqvaK,维基百科,每日图片供稿,zh.wikipedia.org,1
aqeE5EMe9R,codeblog,,outflux.net,10
Jndka2po3V,Chromium Blog,,blog.chromium.org,10
1Vd587Wv85,ongoing by Tim Bray,,tbray.org,10
b0vmYxXvB1,Out of Bounds Access,,fuzion24.github.io,10
x9ozmgDeXb,Psycho’s Corner,,sparkes.zone,10
wkvlB5Yez1,博客园_Hibraincol,,cnblogs.com,10
6YoVqNBeZa,博客园_lingyun1120,,cnblogs.com,10
47o8Rl0dMm,博客园_人怜直节生来瘦，自许高材老更刚。,,cnblogs.com,10
Ywv4Bw9ePa,ETenal,,etenal.me,10
RrvWV2lo5z,eternal-todo.com,,eternal-todo.com,10
BwdG0gXePx,GNUCITIZEN,,gnucitizen.org,10
aEdZZYkdrO,Indistinguishable from Jesse,,squarefree.com,10
6YoVq1BeZa,landave's blog,,landave.io,10
DOvn3VLdEB,lcamtuf's blog,,lcamtuf.blogspot.com,10
qndgqVXoLl,marcograss' blog,,marcograss.github.io,10
WmoOxLEv4E,Michael Coppola's Blog,,poppopret.org,10
1Vd581Mv85,modexp,,modexp.wordpress.com,10
b0vmYV6vB1,MWR Publications,,labs.mwrinfosecurity.com,10
Q0orrmZo8B,mykter.com,,mykter.com,10
WmoOxgxv4E,Objective-See's Blog,,objective-see.com,10
3QeLp8ze7k,p4nda's blog,,p4nda.top,10
1Vd58qGv85,Perception Point,,perception-point.io,10
12owBOreNV,Push the Red Button,,moyix.blogspot.com,10
anoppEyolZ,Ran Menscher's Blog,,menschers.com,10
7GdagxyoQy,Sakuraのblog,,eternalsakura13.com,10
KGoRGr5vl6,Secunia Research,,blogs.flexera.com,10
YKd6RnbdaP,SensePost,,sensepost.com,10
qndgq70oLl,voidsecurity,,voidsecurity.in,10
m4ejxWVvxE,waliedassar,,waleedassar.blogspot.com,10
Q0orrEZo8B,What's in your silicon?,,siliconblade.blogspot.com,10
YqoXlLqoOD,博客园_Danny__Wei,,cnblogs.com,10
ENeYQXkeY4,byt3bl33d3r,,byt3bl33d3r.github.io,10
7GdagpyoQy,contagio,,contagiodump.blogspot.com,10
WmoOxMxv4E,Shenanigans Labs,,shenaniganslabs.io,10
aqeE5xDe9R,Tyranid's Lair,,tyranidslair.blogspot.com,10
aEdZZ0qdrO,My infected computer,,zairon.wordpress.com,10
aqeE5NDe9R,Reverse Engineering Mac OS X,,reverse.put.as,10
WmoOxAlv4E,Shortjump!,,0xeb.net,10
x9ozmEJeXb,Siyang's Depot,,razygon.github.io,10
1Vd580Nv85,The Electron Jungle • Reverse en,,theelectronjungle.com,10
4KvxEq1dkx,Vlad Tsyrklevich's blog,,tsyrklevich.net,10
4MdAL2bvxD,Adam Caudill,,adamcaudill.com,10
VaobmKqeAj,Agarri,,agarri.fr,10
yjvQZnVdbg,Medici.Yan's Blog,,blog.evalbug.com,10
KGoRGXmvl6,Michele Spagnuolo,,miki.it,10
YKd6RNJdaP,mr_raptor的专栏,,blog.csdn.net,10
Jndkaq5o3V,Neal Poole,,nealpoole.com,10
aEdZZpgdrO,PortSwigger Blog,,portswigger.net,10
5PdMa0Xdmg,Pure randomness,,mbechler.github.io,10
b0vmYDqvB1,Relentless Coding,,blog.relentless-coding.org,10
Q0orrjno8B,RPISEC,,blog.rpis.ec,10
x9ozm51eXb,Sean Heelan's Blog,,sean.heelan.io,10
3moBKGgvN5,shift or die,,shiftordie.de,10
12owBz0eNV,Skeleton Scribe,,skeletonscribe.net,10
8Rv2Y2moLw,Somnus's blog,,foxgrin.github.io,10
4KvxELLdkx,Source Incite,,srcincite.io,10
ENeYQ26eY4,Staaldraad,,staaldraad.github.io,10
pQvNXPNeNE,Sucuri Blog,,blog.sucuri.net,10
7Gdag7QoQy,The Recurity Lablog,,blog.recurity-labs.com,10
MZd7BbxvrO,the world. according to koto,,blog.kotowicz.net,10
Q0orr5no8B,博客园_l3m0n,,cnblogs.com,10
proPG24eq6,博客园_知彼知己，百战不殆,,cnblogs.com,10
3QeLpKxe7k,Immunity Products,,immunityproducts.blogspot.com,10
pQvN2GzvNE,電腦王阿達,,kocpc.com.tw,10
VaobMmGeAj,MacX,新闻资讯,macx.cn,4
8Rv26rRvLw,ITSec,,andreafabrizi.it,10
2me3R0Xdwj,博客园_Non-Complete Thinking,,cnblogs.com,10
3adqjK5eng,随望淡思,,lushaojun.com,10
MZd7MKPorO,Line25,,line25.com,10
m4ej80xvxE,Senraの小窝,,senra.me,10
VaobMQgeAj,Cizixs Write Here,,cizixs.com,10
nBe0R5jv37,SegmentFault陌辞寒的技术博客 最新的文章,,segmentfault.com,10
m4ejkWyoxE,知识分子,资讯 · 人工智能,zhishifenzi.com,2
4qv98N1oaK,爱思想,最近更新文章,aisixiang.com,1
3adqylLdng,中国会计视野论坛,热门讨论,bbs.esnai.com,4
aqeE1qDe9R,Wenson的隨筆網站,,wensonyeh.blogspot.com,10
DgeyPOBdZq,海德沙龙（HeadSalon）,,headsalon.org,10
pQvNYN8oNE,Universe Today,,universetoday.com,10
WmoOK0Ro4E,王通的Blog,,ufoer.com,10
pQvNaWAoNE,Orzer Team,,orzer.zhangzichuan.cn,10
nBe09bBo37,博客园_DotNet菜园,,cnblogs.com,10
x9ozYRJeXb,博客园_HK Zhang,,cnblogs.com,10
3QeLVxwv7k,博客园_I love .net,,cnblogs.com,10
1Vd5QDNd85,博客园_MingsonZheng,,cnblogs.com,10
3moBVL8oN5,博客园_MyZony,,cnblogs.com,10
0MdKKp9dw1,博客园_tkbSimplest,,cnblogs.com,10
ARe1ZG7o7n,博客园_Zachary_Fan,,cnblogs.com,10
8Rv293RoLw,博客园_封存的记忆,,cnblogs.com,10
anopYJqvlZ,博客园_我思故我在,,cnblogs.com,10
pQvNaNJoNE,博客园_晓晨Master,,cnblogs.com,10
YKd6YZnvaP,博客园_追逐时光,,cnblogs.com,10
RrvWl9gd5z,博客园_陌上兮月,,cnblogs.com,10
m4ejQaqdxE,博客园_CareySon,,cnblogs.com,10
Q0orYAYe8B,博客园_CodingBlock,,cnblogs.com,10
Q0orYAne8B,博客园_this.Study(DateTime.Now),,cnblogs.com,10
nBe09OQo37,博客园_tolg,,cnblogs.com,10
YqoXw0xeOD,博客园_zer0black,,cnblogs.com,10
anopYk2vlZ,博客园_叶小钗,,cnblogs.com,10
4KvxYDLdkx,博客园_周金根,,cnblogs.com,10
ENeYZM6oY4,博客园_圣殿骑士,,cnblogs.com,10
pQvNaDNoNE,博客园_圣殿骑士,,cnblogs.com,10
MZd7kRxdrO,博客园_小青年,,cnblogs.com,10
YKd6YQJvaP,博客园_幻天芒,,cnblogs.com,10
Ywv4YpBdPa,博客园_张龙豪,,cnblogs.com,10
RrvWlmxd5z,博客园_当耐特砖家--Iamzhanglei.com,,cnblogs.com,10
JndkD85e3V,博客园_彩色铅笔,,cnblogs.com,10
4qv9GW0eaK,博客园_懒得安分,,cnblogs.com,10
2me3Y1zvwj,博客园_村长很忙,,cnblogs.com,10
qndgQ3loLl,博客园_自由飞,,cnblogs.com,10
b0vmQjqvB1,"博客园_舟遥遥以轻飏,风飘飘而吹衣",,cnblogs.com,10
m4ejQVpdxE,博客园_菜鸟程序猿,,cnblogs.com,10
x9ozYk1eXb,博客园_阿菠萝阿瑶,,cnblogs.com,10
3QeLVaBv7k,博客园_陈彦铭,,cnblogs.com,10
RrvWJkxo5z,老赵点滴 - 追求编程之美,,blog.zhaojie.me,10
7GdaRgLeQy,如风,,desperadoj.com,10
b0vm7W8eB1,Inside AdSense,,adsense.blogspot.com,10
m4ej7lroxE,Inside AdWords,,adwords.blogspot.com,10
nBe0BgDv37,无文字 | 三无计划,,blog.imalan.cn,10
aqeEOZMv9R,TONYHEAD 通利堂,,tonyhead.com,10
x9ozq0MeXb,Stories by Luke Stephens (@hakluke) on Medium,,medium.com,10
ENeYamjeY4,博客园_梦想天空,,cnblogs.com,10
RrvWJ7ko5z,山野莽夫,,shanyemangfu.com,10
wkvl8ZYvz1,政子的博客,,blog.zhengzi.me,10
pQvNp5yeNE,单立人的日知录,,danliren.net,10
m4ej7ppoxE,Surely I Am Joking,,yinwang0.wordpress.com,10
3QeLJ3Bv7k,SAO Utils RSS Feed,,steamcommunity.com,10
7GdaRLQeQy,Newlearnerの小站,,newlearner.site,10
4qv9z40daK,始终,,liam.page,10
12owqn0dNV,ookamiAntD's Blog,,yangbingdong.com,10
DOvnD2BeEB,liuopus.com,,wp.liuopus.com,10
VaobazGeAj,Pentest Blog,,pentest.blog,10
qndgWKWdLl,博客园_范世强的笔记,,cnblogs.com,10
Jndk7WAd3V,zu1k,,lgf.im,10
8Rv2g4KdLw,大连工业大学网络服务新闻,通知公告,dlpu.edu.cn,8
yjvQPNkobg,NUIST ESE（南信大环科院）,学生工作,nuist.edu.cn,8
KGoROA5vl6,NUIST ESE（南信大环科院）,学术动态,nuist.edu.cn,8
yjvQPDBobg,上海交通大学电子信息与电气工程学院学生办,转专业,bjwb.seiee.sjtu.edu.cn,8
VaobLbqdAj,上海交通大学电子信息与电气工程学院学生办,信息通告,bjwb.seiee.sjtu.edu.cn,8
2KeDNGEvNP,上海交通大学电子信息与电气工程学院学生办,新闻发布,bjwb.seiee.sjtu.edu.cn,8
aEdZgZqerO,上海交通大学电子信息与电气工程学院学生办,本科生综合测评,bjwb.seiee.sjtu.edu.cn,8
aEdZgLqerO,同济大学软件学院,教工通知,tongji.edu.cn,8
proP0V4oq6,武汉大学新闻网,缤纷校园,news.whu.edu.cn,8
WmoOr2me4E,武汉大学新闻网,校友之声,news.whu.edu.cn,8
x9ozwn1vXb,武汉大学新闻网,珞珈论坛,whu.edu.cn,8
1VdJZzqdLQ,武汉大学新闻网,珞珈副刊,news.whu.edu.cn,8
12ow4X0vNV,武汉大学新闻网,校史钩沉,news.whu.edu.cn,8
MZd7zGxvrO,西南科技大学教务处,新闻,dean.swust.edu.cn,8
aEdZgRgerO,扬州大学,信息公告,yzu.edu.cn,8
5PdMm3Xdmg,扬州大学研究生招生,硕士招生,yzu.edu.cn,8
1Vd5Pw7v85,浙大研究生院,各类资助,grs.zju.edu.cn,9
KGoROVNvl6,共青团重庆大学委员会,院系风采,cqu.edu.cn,8
3QeL4qBe7k,GitHub,Trending 1C Enterprise Today,github.com,7
YqoXV0xdOD,GitHub,Trending ABAP Today,github.com,7
1Vd52B7e85,GitHub,Trending ActionScript Today,github.com,7
3moBP7gdN5,GitHub,Trending Ada Today,github.com,7
1VdJJGqdLQ,GitHub,Trending AGS Script Today,github.com,7
12ow5y0dNV,GitHub,Trending AMPL Today,github.com,7
yjvQ7VVebg,GitHub,Trending Awk Today,github.com,7
7GdaZbLeQy,7Wate`s Blog,,blog.7wate.com,10
WmoOW8Yo4E,Blog – The New Stack,,thenewstack.io,10
2me33PEewj,AskVG,,askvg.com,10
nBe0yjbo37,不知爱竞赛 的 bilibili 空间,,space.bilibili.com,10
yjvQWxnebg,二分电台,,binary.2bab.me,10
4qv9VVXdaK,大连理工大学电气工程学院,院务通知,dlut.edu.cn,8
nBe0y2Bo37,向远公园 | Step Park,,steppark.net,10
8Rv2nxRvLw,云原生实验室,,icloudnative.io,10
VaobZAqoAj,Microsoft Security Blog,,microsoft.com,10
WmoOWjOo4E,思考随笔,,blog.beancake.cn,10
0MdKJRavw1,静水深流的博客,,slbyml.github.io,10
4KvxyGrdkx,阿猫的博客,,ameow.xyz,10
yjvQW4zebg,六个周,,blog.liugezhou.online,10
4MdArJ3exD,阿呆博客,,bo.ke,10
VaobZ4OoAj,Lv. MAX,,maxlv.net,10
qndgZGVvLl,SuperEggs,,supereggs.cn,10
aqeEz8go9R,RISC-V International,,riscv.org,10
1Vd5ZyKe85,即刻圈子,台词迷,okjike.com,10
8Rv2nynvLw,限时肤浅,,xiaoyuzhoufm.com,10
2me33axewj,我不是咕咕鸽,,blog.laoda.de,10
2KeDMLQoNP,一纸忘忧,,ikxin.com,10
ENeYW5ZvY4,Microsoft Azure Blog,,azure.microsoft.com,10
8Rv2nmDvLw,Another Dayu,,anotherdayu.com,10
nBe0ykDo37,沈阳市人民政府,任前公示,shenyang.gov.cn,9
proPWn6eq6,沈阳市人民政府,人事任免,shenyang.gov.cn,9
nBe0ywDo37,中华人民共和国科学技术部,科技部工作人员任免,most.gov.cn,9
8Rv2n2KvLw,中华人民共和国自然资源部,人事任免,mnr.gov.cn,9
YKd63KgeaP,吉和网,本地资讯,365jilin.com,1
b0vmZ6XdB1,小菜鸟,,zhhll.icu,10
5PdM170dmg,Zgao's blog,,zgao.top,10
JndkObPd3V,NGA,原神,nga.178.com,4
WmoOy5ld4E,小黑网,,xiaoheiwang.com,10
ARe1jQ7o7n,齐齐哈尔大学研究生部,通知公告,qqhru.edu.cn,8
WmoOy2md4E,鲸吼,电竞热榜,jinghooo.com,3
47o8X8XoMm,lookAE,,lookae.com,10
3moBlxzdN5,黑龙江省人民政府,人事信息,hlj.gov.cn,9
DOvnXk2eEB,海南省人民政府,政府公报,hainan.gov.cn,9
yjvQky6ebg,青海省人民政府,通知公告,qinghai.gov.cn,9
7GdawDLoQy,青海省人民政府,政策文件,qinghai.gov.cn,9
KGoREQzel6,青海省人民政府,领导介绍,qinghai.gov.cn,9
6YoVrDaoZa,西藏自治区人民政府,人事信息,xizang.gov.cn,9
DOvnXgBeEB,西藏自治区人民政府,政府文件,xizang.gov.cn,9
47o8XpwoMm,西藏自治区人民政府,公告公示,xizang.gov.cn,9
5PdMDQ7vmg,西藏自治区人民政府,行政规范性文件,xizang.gov.cn,9
8Rv2r0nvLw,吉林省纪委监委,审查调查,ccdijl.gov.cn,9
anopB1BdlZ,吉林省纪委监委,党纪政务处分,ccdijl.gov.cn,9
4KvxmWwdkx,吉林省纪委监委,省纪委监委通报,ccdijl.gov.cn,9
ENeYOzpvY4,辽宁省纪委监委,审查调查,lnsjjjc.gov.cn,9
KGoREgzel6,浙江省纪委监委,审查调查,zjsjw.gov.cn,9
MZd7Lg6erO,浙江省纪委监委,党纪政务处分,zjsjw.gov.cn,9
YKd6zEjdaP,浙江省纪委监委,通报曝光,zjsjw.gov.cn,9
RrvW0P3d5z,福建省纪委监委,审查调查,fjcdi.gov.cn,9
BwdGkwgdPx,湖北省纪委监委,审查调查,hbjwjc.gov.cn,9
2me30Pnowj,湖南省纪委监委,审查调查,sxfj.gov.cn,9
wkvlz1yez1,四川省纪委监委,审查调查,scjc.gov.cn,9
b0vmL2loB1,甘肃省纪委监委,纪委监委,gsjw.gov.cn,9
m4ejPDxvxE,甘肃省纪委监委,纪委监委,gsjw.gov.cn,9
Q0orJgOo8B,青海省纪委监委,审查调查,qhjc.gov.cn,9
nBe0m01o37,青海省纪委监委,党风政风,qhjc.gov.cn,9
x9ozrL6oXb,西藏自治区纪委监委,执纪审查,xzjjw.gov.cn,9
3QeLkjAd7k,西藏自治区纪委监委,违反中央八项规定精神问题,xzjjw.gov.cn,9
Q0orJgPo8B,中华人民共和国国防部,救援,mod.gov.cn,9
2KeD91QoNP,中华人民共和国生态环境部,人才管理,mee.gov.cn,9
aEdZMlXvrO,中华人民共和国生态环境部,干部管理,mee.gov.cn,9
proPkYkeq6,中华人民共和国商务部,部领导活动,mofcom.gov.cn,9
WmoOyDBd4E,中华人民共和国商务部,司局负责人发布,mofcom.gov.cn,9
YKd6z8qdaP,中国人民银行,条法司,pbc.gov.cn,9
aqeEkVVv9R,重庆市纪委监委,监督曝光,jjc.cq.gov.cn,9
nBe0m9yo37,石家庄市纪委监委,审查调查,zgsjzsjw.gov.cn,9
YqoXPw6oOD,唐山市纪委监委,领导机构,tss.hebcdi.gov.cn,9
YqoXPwXoOD,保定市纪委监委,通报曝光,bdjj.gov.cn,9
anopBYkdlZ,沧州市纪委监委,审查调查,czcdi.gov.cn,9
ENeYOaqvY4,廊坊市纪委监委,审查调查,lfcdi.gov.cn,9
pQvNkpBdNE,廊坊市纪委监委,违反中央八项规定精神问题,lfcdi.gov.cn,9
Ywv4PjMvPa,大同市纪委监委,审查调查,dtsjw.gov.cn,9
RrvW0JDd5z,大同市纪委监委,监督曝光,dtsjw.gov.cn,9
JndkO7yd3V,太原市纪委监委,审查调查,bzlz.gov.cn,9
4qv95zrvaK,太原市纪委监委,监督曝光,bzlz.gov.cn,9
4MdAkj1oxD,朔州市纪委监委,审查调查,szsjwjcj.gov.cn,9
Vaob1a8eAj,朔州市纪委监委,监督曝光,szsjwjcj.gov.cn,9
BwdGkLLdPx,忻州市纪委监委,审查调查,xzdi.gov.cn,9
2me30mrowj,忻州市纪委监委,党纪政务处分,szsjwjcj.gov.cn,9
3adqK7Mong,忻州市纪委监委,监督曝光,xzdi.gov.cn,9
2KeD9PMoNP,阳泉市纪委监委,监督曝光,yqlz.gov.cn,9
aEdZMaMvrO,吕梁市纪委监委,审查调查,lldi.gov.cn,9
wkvlz8jez1,吕梁市纪委监委,监督曝光,lldi.gov.cn,9
6YoVrYwoZa,晋中市纪委监委,审查调查,jzjjjc.gov.cn,9
DOvnXDqeEB,晋中市纪委监委,监督曝光,jzjjjc.gov.cn,9
47o8XOgoMm,长治市纪委监委,审查调查,czdi.gov.cn,9
qndgjWmvLl,临汾市纪委监委,审查调查,lfdi.gov.cn,9
b0vmL7GoB1,临汾纪委监委,监督曝光,lfdi.gov.cn,9
nBe0mBKo37,哈尔滨市纪委监委,审查调查,hrblz.gov.cn,9
proPkJ5eq6,哈尔滨市纪委监委,党纪政务处分,hrblz.gov.cn,9
WmoOyaYd4E,齐齐哈尔市纪委监委,审查调查,qqhrjjjc.gov.cn,9
x9ozrq7oXb,齐齐哈尔市纪委监委,监督曝光,qqhrjjjc.gov.cn,9
0MdKk24dw1,伊春市纪委监委,审查调查,hljycjjjc.gov.cn,9
1VdJkBneLQ,伊春市纪委监委,监督曝光,hljycjjjc.gov.cn,9
pQvNkjBdNE,黑河市纪委监委,审查调查,hhjjjcw.gov.cn,9
yjvQkPDebg,黑河市纪委监委,监督曝光,hhjjjcw.gov.cn,9
1VdJkKkeLQ,Geekby's Blog,,geekby.site,10
YKd6z3wdaP,小Z博客,,blog.xiaoz.org,10
Q0orJJ0o8B,李迷糊,最新,limihu.com,10
3QeLkLEd7k,Java不加糖's Blog,,blog.javazero.top,10
pQvNk59dNE,杜老师说,,dusays.com,10
4qv957bvaK,Colorful - 一枚数字艺术家的自留地,,xiaoa.name,10
3adqKAxong,流金岁月,,tunan.org,10
4MdAkXZoxD,文武科技柜,,wangdu.site,10
5PdMDERvmg,Airing Weekly,,weekly.ursb.me,10
qndgj68vLl,DEX 周刊,,dex.zhubai.love,10
WmoOyXmd4E,X1r0z Blog,,exp10it.io,10
yjvQkQzebg,印记,,yinji.org,10
aEdZMEVvrO,哈尔滨工业大学新闻网,学校要闻,hit.edu.cn,8
qndgjKVvLl,浙江大学,要闻,zju.edu.cn,8
anoprJ2dlZ,Microservice architecture,,microservices.io,10
ENeYW0pvY4,司马他,,congcong.us,10
pQvNyG8oNE,陈昱行博客,,blog.yuhang.ch,10
4MdAraPexD,Clean Coders News,,cleancoders.com,10
VaobZbgoAj,The Clean Code Blog,,blog.cleancoder.com,10
aEdZWqnerO,杂烩饭,,zahui.fan,10
m4ejZxxexE,DZone.com Feed,,dzone.com,10
nBe0yx1o37,Coding Horror,,blog.codinghorror.com,10
4qv9VrmdaK,烟草的香味,,hujingnb.com,10
JndkZ4Vv3V,Feedly Blog,,blog.feedly.com,10
anop3Y9elZ,The JetBrains Blog,,blog.jetbrains.com,10
YqoXWbKeOD,啰里啰唆,,luoliluosuo.zhubai.love,10
1Vd5Zrae85,4Ark × Blog,,4ark.me,10
DOvnlzDeEB,ARPost,,arpost.co,10
x9oz30DvXb,轶哥博客,,wyr.me,10
Dgey3KNvZq,NGA,守望先锋归来,nga.178.com,4
aEdZWbkerO,炜晨,,weichen.blog,10
Dgey33NvZq,Psychology Today,,psychologytoday.com,10
DOvnllLeEB,ZkeqのCoding日志,,icodeq.com,10
b0vmZZXdB1,openSUSE 中文社区,,suse.org.cn,10
nBe0ymzo37,Yunfeng's Simple Blog,,vra.github.io,10
YqoXWPqeOD,运维咖啡吧,,blog.ops-coffee.cn,10
0MdKJk8vw1,OK Computer「好电脑」,,wumanho.cn,10
12owDgrvNV,Pseudoyu,,pseudoyu.com,10
VaobZ13oAj,冰雪殇璃陌梦の小站,,dreamofice.cn,10
3adqqKadng,Airing's Blog,,ursb.me,10
qndgZj0vLl,Educator Developer Blog articles,,techcommunity.microsoft.com,10
Ywv43NXoPa,Amicoyuan的高性能计算世界,,xingyuanjie.top,10
nBe0y2zo37,OSDN,New Releases,zh.osdn.net,10
1VdJKMqeLQ,MPlus,,mplus.com.tw,10
KGoRWymvl6,林海草原,,lhcy.org,10
2me33Lzewj,Jimersy Lee’s blog,,blog.jimersylee.com,10
Dgey3l7vZq,张洪Heo,,blog.zhheo.com,10
5PdM1bXdmg,是非题,,shifeiti.com,10
b0vmZNqdB1,夜法之书,,blog.17lai.site,10
0MdKJb0vw1,zguishen's blog,,zguishen.com,10
JndkZn5v3V,Cybersecurity and Data Hacks,,flipboard.com,10
3adqqnydng,YJango 的 bilibili 专栏,,space.bilibili.com,10
b0vmZnAdB1,刘泉皓的个人网站,,liuquanhao.com,10
4KvxyJwdkx,奇想驿 by 产品沉思录,,xiaoyuzhoufm.com,10
ENeYW3pvY4,无聊斋,,xiaoyuzhoufm.com,10
yjvQW36ebg,没理想编辑部,,xiaoyuzhoufm.com,10
2me33Bxewj,KeebTalk,Latest posts,keebtalk.com,4
Q0or3wPv8B,卡瓦邦噶！,,kawabangga.com,10
anop3KKelZ,Macin,,macin.org,10
3adqqaZdng,方永、南天紫云,,vinoca.org,10
b0vmZx8dB1,smallyu的博客,,smallyu.net,10
8Rv2nQ3vLw,Anjhon’s Blog,,anjhon.top,10
DOvnlVqeEB,晓空blog,,blog.moeworld.tech,10
ARe13yLv7n,类库大魔王的挖井日记,,blog.ismisv.com,10
8Rv2nq0vLw,u3blog,,u3blog.xyz,10
2me33nEewj,Your awesome title,,blog.ballerina.io,10
Dgey3LwvZq,David Heinemeier Hansson,,world.hey.com,10
47o83qqeMm,老蒋巨靠谱 的 bilibili 空间,,space.bilibili.com,10
1Vd5ZL8e85,四畳半のへや,,moeyua.com,10
1VdJK98eLQ,一个工匠,,yigegongjiang.com,10
0MdKJn5vw1,南京市人民政府,信息公开,nanjing.gov.cn,9
4MdArbLexD,深圳市人大常委会,通知公告,szrd.gov.cn,9
3QeLwKWd7k,沈阳网,沈阳新闻,news.syd.com.cn,1
YqoXW0neOD,雨月空间站,,mintimate.cn,10
WmoOWkxo4E,.NET Blog,,devblogs.microsoft.com,10
anop3LyelZ,随言碎语,,kiki.kim,10
ENeYWPkvY4,PGS Entertainment,,pgsentertainment.com,10
RrvW0kKd5z,ManateeLazyCat,,manateelazycat.github.io,10
4Kvxm61dkx,柠檬派奇幻漂流 的 bilibili 空间,,space.bilibili.com,10
ENeYOL3vY4,Git Rev News,,git.github.io,10
3adqKR5ong,陈看川的博客,,kanchuan.com,10
anopB0qdlZ,黑龙江省招生考试院,招考资讯,hljea.org.cn,8
m4ejP8pvxE,小码农博客,,qiubo.ink,10
wkvlzbPez1,FitGirl Repacks,,fitgirl-repacks.site,10
proPkq4eq6,GROW Investment Group,,growinvestment.group,10
5PdMD2pvmg,福建省人大常委会,任免,fjrd.gov.cn,9
qndgjDVvLl,福建省人大常委会,法规,fjrd.gov.cn,9
ARe1jL2o7n,甘肃省人民政府,通知公告,gansu.gov.cn,9
8Rv2r8nvLw,甘肃省人民政府,甘政发,gansu.gov.cn,9
Ywv4PZWvPa,内蒙古自治区人大常委会,地方性法规,nmgrd.gov.cn,9
3adqKr3ong,广西壮族自治区人民政府,人事信息,gxzf.gov.cn,9
Q0orJ4Po8B,中华人民共和国水利部,部领导,mwr.gov.cn,9
MZd7LwOerO,应急管理部,部领导,mem.gov.cn,9
Vaob18GeAj,Qute,,blog.wfso.cn,10
5PdMDAZvmg,重庆市纪委监委,审查调查,jjc.cq.gov.cn,9
b0vmLQGoB1,邯郸市纪委监委,审查调查,hds.hebcdi.gov.cn,9
m4ejPQmvxE,邯郸市纪委监委,党纪政务处分,hds.hebcdi.gov.cn,9
Q0orJYzo8B,邯郸市纪委监委,领导机构,hds.hebcdi.gov.cn,9
b0vmL8GoB1,黑龙江省政府招标清单,采购公告,hljcg.hlj.gov.cn,9
m4ejP6mvxE,黑龙江省政府采购需求,政府采购信息公开,hljcg.hlj.gov.cn,9
b0vmL8JoB1,GitLab,,about.gitlab.com,10
8Rv2rZ0vLw,Full Version Forever,,fullversionforever.net,10
4KvxmB0dkx,杨浦老苏,,laosu.cf,10
pQvNkymdNE,也谈钱,,yetanmoney.com,10
aqeEk3Mv9R,小孙同学,,blog.sunguoqi.com,10
4KvxmRPdkx,Tifa's Blog,,tifa-233.com,10
4qv95DbvaK,Coding手艺人,,smiletoyou.cn,10
47o8XZLoMm,风萧古道,,windypath.com,10
nBe0mDDo37,Log4D,,blog.alswl.com,10
2KeD9KDoNP,元否的研究室,,happyfou.com,10
wkvlz3Yez1,莫尔索,,liduos.com,10
6YoVr6BoZa,半方池水半方田,,uuanqin.top,10
DOvnX9LeEB,西行妖,,my.toho.red,10
0MdKkYpdw1,浮生笔记,,dennisthink.com,10
1VdJkMGeLQ,Laike9m's blog,,laike9m.com,10
RrvW0bld5z,面条实验室,,chi.miantiao.me,10
aqeEk8Dv9R,CSS Weekly,,css-weekly.com,10
b0vmL02oB1,lcomplete 的技术分享,,tech.codelc.com,10
WmoOymld4E,This Week in Rust,,this-week-in-rust.org,10
4MdAkGboxD,秋风于渭水,,tjsky.net,10
Vaob1NqeAj,猫四叔,,yuanj.top,10
3adqKL5ong,when,,mzzdtot.github.io,10
DgeyjwBoZq,ph4nt0mer,,cnblogs.com,10
qndgjM8vLl,Qborfy知识库,,qborfy.com,10
Q0orJzYo8B,AV-Comparatives,Latest News,av-comparatives.org,10
1Vd5OyNo85,AabyssZG's Blog,,blog.zgsec.cn,10
KGoREKmel6,旗舰评论——战略航空军元帅的旗舰,,necromanov.wordpress.com,10
x9ozra1oXb,积薪,,firewood.news,10
47o8XW2oMm,华东师范大学,新闻热点,ecnu.edu.cn,8
nBe0mYEo37,中国海洋大学,海大要闻,ouc.edu.cn,8
WmoOyYOd4E,华中科技大学新闻网,综合新闻,hust.edu.cn,8
1Vd5O7Yo85,四川大学,川大在线,scu.edu.cn,8
3moBlgzdN5,重庆大学,综合新闻,cqu.edu.cn,8
8Rv2rlBvLw,兰州大学,最近更新,lzu.edu.cn,8
anopBwZdlZ,中国人民解放军国防科技大学,科大要闻,nudt.edu.cn,8
nBe0gP5d37,Hypercritical,,hypercritical.co,10
2me3r40dwj,Gea-Suan Lin's BLOG,,blog.gslin.org,10
YqoXKBqeOD,瓠樽,,blog.dylanwu.space,10
anopy5yvlZ,Synthesist in the Shell | Blog by Linghao,,linghao.io,10
YqoXK4qeOD,大Joy在侃村,,giantjoy.net,10
Ywv40gXvPa,TidBITS,,tidbits.com,10
RrvWB4Ko5z,Marginal Revolution,,marginalrevolution.com,10
aEdZgVBerO,多面體的雹子 polyhedron's blog,,biopolyhedron.github.io,10
qndg468eLl,zonble,,zonble.net,10
yjvQPrBobg,Xiaoxiao's Weblog,,liuyuntian.com,10
wkvl6wBez1,尚磊的博客,,shanglei.net,10
nBe0gKQd37,糖醋陈皮的博客,,1c7.me,10
3adq6ayeng,IconMoon,,iconmoon.com,10
YKd6O2OeaP,Yummy Fresh grain feed!,,grainedit.com,10
1Vd5PqKv85,ignore the code,,ignorethecode.net,10
Ywv40kMvPa,0kami's Blog,,blog.0kami.cn,10
Ywv40pRvPa,Anillc's blog,,anillc.cn,10
4KvxjKEekx,豆瓣小组,这件衣服好看吗！！！,douban.com,4
BwdGlDXePx,豆瓣小组,豆瓣拉踩小组,douban.com,4
2me3AR0vwj,豆瓣小组,用利息生活｜投资理财,douban.com,4
5PdMl20vmg,Jun's Blog,,junz.org,10
WmoOlRxv4E,Richie的时光机,,riichiie.net,10
1Vd5aGGd85,如鱼饮水,,wangjiezhe.com,10
3adqMr5dng,AiDaiP,,aidaip.github.io,10
2KeDZXEvNP,sulinehk's blog,,sulinehk.com,10
wkvlP8rvz1,豆瓣小组,小象八卦,douban.com,4
6YoVlY3dZa,豆瓣小组,鹅组来了,douban.com,4
DOvnzD2vEB,豆瓣小组,鹅们栖息地,douban.com,4
47o8bO2dMm,百度贴吧,抗压背锅吧,tieba.baidu.com,4
5PdMlVpvmg,百度贴吧,V吧,tieba.baidu.com,4
1Vd5arYd85,晨曦的博客,,blog.whuzfb.cn,10
3adqM03dng,推播助栏The Podcast Pick,,enzochen.substack.com,10
aEdZjbndrO,方泽强,,zeqiang.fun,10
aEdZjJOdrO,饮服时报,电子报,yfsb.com.cn,12
aqeEZyro9R,牛津的博客,,blog.jinreal.com,10
MZd72LxvrO,Freeware Files.com,,freewarefiles.com,10
YKd6G7OeaP,懂球帝,AC米兰,dongqiudi.com,3
b0vmgpAeB1,下1个好软件,,x1g.la,10
6YoV7XDvZa,XFastest News,,news.xfastest.com,10
5PdMMgZdmg,偕臧的小站,,ifmet.cn,10
1Vd5265e85,UNIKO's Hardware,,unikoshardware.com,10
nBe0AQKo37,igor´sLAB,,igorslab.de,10
3moBPmEdN5,天気予,,banana7.cn,10
47o89NqvMm,Shall We Code?,,waynerv.com,10
x9ozJaKoXb,火喵日记本,,cat.dorcandy.cn,10
0MdKwPJdw1,我是菜鸟,,imcn.me,10
aqeEMrje9R,焦点的动力炉,,dianjiaogit.github.io,10
b0vmgBWeB1,凌赟's blog,,zhukang.tech,10
proP7wOeq6,DGideas' Blog,,dgideas.net,10
WmoO7JDo4E,喵二の小博客,,miaoer.xyz,10
aqeEMrMe9R,涛叔,,taoshu.in,10
Q0orPmDd8B,无辄的栈,,zackwu.com,10
aqeEMqle9R,Godot's Blog,,iamgodot.com,10
b0vmgAXeB1,gyro永不抽风！,,gyrojeff.top,10
ENeYkXGvY4,lzw-723's blog,,blog.lzwi.fun,10
x9ozJDDoXb,Kevin Blog,,blog.kevinzhow.com,10
nBe0AEzo37,Alliot's blog,,iots.vip,10
YqoXVjqdOD,黑羽的个人博客,,blog.thetbw.xyz,10
MZd72yDvrO,一叶斋,,xieguanglei.github.io,10
Ywv4VGXePa,Wenxuan 1999,,whexy.com,10
4MdA0bbvxD,icy's blog,,icys.top,10
3QeL4Kwe7k,CowcotLand,,cowcotland.com,10
YqoXV7PdOD,Eurogamer.net,,eurogamer.net,10
0MdKwB9dw1,Guru3D.com,,guru3d.com,10
7Gda03OvQy,TechPowerUp,Reviews,techpowerup.com,10
KGoRZx2ol6,Tom's Hardware,,tomshardware.com,10
2me30lZowj,FGHRSH 的博客,,fghrsh.net,10
Q0orJVOo8B,粥里有勺糖,,sugarat.top,10
5PdMDq7vmg,L's Blog,,liuocean.com,10
RrvW0zRd5z,即食歷史 Cuphistory,,cuphistory.net,10
1Vd5Oj5o85,游钓四方,,lhasa.icu,10
3moBl19dN5,十月遗忘诗,,greniray.org,10
ENeYOjRvY4,雷蒙三十,,raymondhouch.com,10
JndkONLd3V,澄沨的漫游茶记,,champhoon.xyz,10
4qv95O1vaK,千里之豪,,blog.gadore.top,10
4MdAkwgoxD,Shaun's Space,,cniter.github.io,10
BwdGkajdPx,用中文编程,,codeinchinese.com,10
Dgeyjy5oZq,卫星实验室,,xlabs.club,10
DOvnX71eEB,顶尖研发的个人博客,,bestcoder.cn,10
aqeEkNVv9R,Dallas Lu,,dallas.lu,10
b0vmLR8oB1,Yuics Blog,,arckive.cn,10
nBe0mEyo37,Menghuan1918的博客,,blog.menghuan1918.com,10
JndkOByd3V,悟然 Blog,,wuran.me,10
YqoXPnXoOD,西安电子科技大学杭州研究院,通知公告,xidian.edu.cn,8
6YoVrJwoZa,Eric's blog,,ericturbo.top,10
ARe1j6Lo7n,WPthemeor,,wpthemeor.com,10
proPklOeq6,江北报,电子报,epaper.cqjbnews.cn,12
ARe1Akle7n,印记中文,JavaScript 周刊,docschina.org,7
8Rv2N1KvLw,印记中文,Node 周刊,docschina.org,7
yjvQJNndbg,IKEA 宜家,当季新品推荐,ikea.cn,5
KGoRwAxvl6,上海文化广场,节目列表,shcstheatre.com,3
MZd7NxlvrO,上海东方艺术中心,演出月历,shoac.com.cn,3
RrvWyOke5z,DuckDB,News,duckdb.org,7
JndkmEpo3V,Gitpod,Blog,gitpod.io,10
2KeDgwXdNP,便宜VPS网,,pianyivps.com,10
YqoXyznvOD,爱奇艺,知识 ‧ 热度榜,iqiyi.com,3
RrvWyVle5z,爱奇艺,动漫 ‧ 动作榜,iqiyi.com,3
YqoXylnvOD,爱奇艺,电视剧 ‧ 必看榜,iqiyi.com,3
1VdJO7GeLQ,爱奇艺,电视剧 ‧ 古装榜,iqiyi.com,3
12owJBaeNV,爱奇艺,电视剧 ‧ 悬疑榜,iqiyi.com,3
4KvxwKEokx,爱奇艺,总榜 ‧ 必看榜,iqiyi.com,3
2KeDgmDdNP,豆瓣,华语新碟榜,douban.com,3
3QeLL1ze7k,夜行人,,wwj718.github.io,10
12owJ7reNV,AI科技智库,,aigchouse.com,10
Q0orLyYd8B,瞬间 Press,,tripper.press,10
2KeDgJEdNP,251,,blog.251.sh,10
47o8kpreMm,This cute world,,thiscute.world,10
nBe0NjBv37,Raye's Journey,,rayepeng.net,10
4qv9Nr0daK,JaSpirit 的万事屋,,blog.jaspirit.cc,10
2KeDgBPdNP,xLog,史上最热,xlog.app,7
b0vmr2qdB1,MacAppHQ,,macapphq.com,10
WmoOBPme4E,波士顿圆脸 的 bilibili 动态,,space.bilibili.com,10
anopOR2elZ,科技微讯,,kejiweixun.com,10
Q0orL4Wd8B,哈尔滨工业大学校内综合信息网,公告公示（预告公布）,hit.edu.cn,8
x9oz2OxoXb,地下城与勇士：起源,新闻资讯,mdnf.qq.com,3
YqoXyG0vOD,favorite-link,❤️ 每天收集喜欢的开源项目,github.com,10
1Vd5NKYe85,南方科技大学,学术讲座,,8
2KeDgV6dNP,University of Macau,澳门大学,um.edu.mo,8
12owJqBeNV,卖坚果的怪叔叔,,cuixinxin.cn,10
ENeYyaDeY4,毛伊西格,,mseega.com,10
m4ejg74oxE,法若网,,faruo.com,10
nBe0NBEv37,泪雪网,,leixue.com,10
ARe1Am2e7n,三无青年,,duanxiansen.com,10
m4ejgrxoxE,FOX Sports,Tennis,foxsports.com,3
Q0orLBOd8B,FOX Sports,Olympics,foxsports.com,3
8Rv2NanvLw,VPS精选网,,vpsjxw.com,10
4Kvxwjwokx,Bandwagonhost中文网,,bandwagonhost.net,10
7GdayXLdQy,掌上英雄联盟,官方赛事动态,lol.qq.com,3
Vaoby5geAj,纵横中文网,捧场榜,zongheng.com,3
wkvljPyez1,起点女生网,VIP更新字数榜,qdmm.com,3
nBe0NA1v37,iOS Dev Weekly,,iosdevweekly.com,10
3QeLL4Ae7k,PyCoder’s Weekly,,pycoders.com,10
qndgy5WoLl,Speckyboy Design Magazine,,speckyboy.com,10
7Gday0pdQy,熵餘記事,,assembly.rip,10
3adqzzMeng,App Store,工具免费榜[iPhone][国区],itunes.apple.com,3
Dgey11KeZq,App Store,工具付费榜[iPhone][国区],itunes.apple.com,3
2KeDggMdNP,App Store,工具赚钱榜[iPhone][国区],itunes.apple.com,3
6YoVyyweZa,App Store,工具赚钱榜[iPad][国区],itunes.apple.com,3
3QeLLLPe7k,App Store,效率免费榜[iPhone][国区],itunes.apple.com,3
YqoXyyXvOD,App Store,效率付费榜[iPhone][国区],itunes.apple.com,3
1Vd5NNLe85,App Store,效率赚钱榜[iPhone][国区],itunes.apple.com,3
Ywv4NXRePa,App Store,参考资料免费榜[iPhone][美区],itunes.apple.com,3
aqeEm6je9R,App Store,效率付费榜[iPhone][美区],itunes.apple.com,3
proPKjmeq6,App Store,益智解谜游戏赚钱榜[iPad][美区],itunes.apple.com,3
2KeDgyDdNP,App Store,游戏免费榜[iPhone][国区],itunes.apple.com,3
wkvljmYez1,App Store,游戏赚钱榜[iPhone][国区],itunes.apple.com,3
qndgyMXoLl,App Store,游戏赚钱榜[iPhone][美区],itunes.apple.com,3
MZd7NYgvrO,奇绩创坛齐思,学术,news.miracleplus.com,7
wkvljLkez1,WeGame游戏商店,火爆新品,wegame.com.cn,3
1Vd5N7Ge85,搬砖日记,,banzhuanriji.com,10
0MdKz18vw1,AcFun,番剧榜,acfun.cn,3
DOvnMY7oEB,Timescale Blog,,blog.timescale.com,10
b0vmrx6dB1,Auth0 Blog,,auth0.com,10
WmoOBJxe4E,ByteByteGo Newsletter,,blog.bytebytego.com,10
qndgyP8oLl,AWS Architecture Blog,,aws.amazon.com,10
pQvN5KJoNE,Visual Studio Blog,,devblogs.microsoft.com,10
Ywv4NmBePa,教育部（中国）留学服务中心,,portal.cscse.edu.cn,8
aEdZyrgvrO,DarkRelay Security Labs,,darkrelay.com,10
3QeLL6Be7k,Marketplace Pulse,,marketplacepulse.com,10
1Vd5NjYe85,BB姬Studio 的 bilibili 动态,,space.bilibili.com,10
yjvQJMzdbg,全国哲学社会科学工作办公室,通知公告,nopss.gov.cn,9
7GdayBkdQy,中国纪检监察杂志,,zgjjjc.ccdi.gov.cn,12
proPKbneq6,即刻圈子,今日份的摄影,okjike.com,10
7GdaymkdQy,北极星太阳能光伏网,要闻,guangfu.bjx.com.cn,1
Q0orLxWd8B,Top HN,Top Hacker News,tophn.co,7
x9oz2x6oXb,CSS-Tricks,Latest Articles,css-tricks.com,7
1Vd5ND5e85,DailyMinz,,dailyminz.org,10
DOvnM41oEB,0xd00's blog,,blog.0xd00.com,10
YqoXy06vOD,BestBlogs.dev,,bestblogs.dev,10
1Vd5NY5e85,Cali Castle | 开发者、设计师、细节控、创始人,,cali.so,10
12owZXJeNV,LJF.COM,,ljf.com,10
WmoOzVDe4E,Pockies,,pockies.github.io,10
Jndk1Kpo3V,TARESKY,,taresky.com,10
Ywv47L9oPa,zhonger 前端开发者，喜爱运维管理,,blog.lui8.cn,10
5PdMPlRvmg,微信公众号@卤蛋实验室 Blog,,supercodepower.com,10
1Vd5AZYd85,游戏程序员的自我修养,,neil3d.github.io,10
nBe0Dx1e37,中国航空运动协会,通知公告,asfc.org.cn,9
Q0orarOe8B,中国青少年宫协会,全国青少年传统体育项目比赛,cnypa.org,9
YqoX2nqdOD,北京师范大学,头条关注,bnu.edu.cn,8
3QeL0nze7k,北京科技大学,综合新闻,ustb.edu.cn,8
wkvl27Pez1,Weights & Biases: Fully Connected,,wandb.ai,10
2KeDDmQeNP,姓王者的博客,,xingwangzhe.fun,10
m4ejAxxdxE,国家体育总局航空无线电模型运动管理中心,新闻动态,sport.gov.cn,9
aEdZxrBorO,Kite News,Sports,kite.kagi.com,3
WmoO9xRd4E,中国航海模型运动协会,通知公告,cmma.sports.cn,9
47o8Z1jdMm,solaireh3,,ashlord.com,10
1Vd5ALMd85,数字游民,,shuziyoumin.vip,10
m4ejAbxdxE,网易云音乐,泰语榜,music.163.com,3
YqoX200dOD,SemiAnalysis,,semianalysis.com,10
yjvQ9EPvbg,BlogFinder,,bf.zzxworld.com,10
wkvlA1pdz1,Laisky's Blog,,blog.laisky.com,10
3QeL9Zxo7k,网易云音乐,听歌识曲榜,music.163.com,3
MZd7DmYerO,微魔部落,,vmvps.com,10
2KeDDB5eNP,GISerlab · 地理空间,,giserlab.cn,10
DOvnq8yoEB,ventuss - 中文,,ventuss.xyz,10
6YoV9PaeZa,网易云音乐,美国Billboard榜,music.163.com,3
47o8ZEwdMm,网易云音乐,KTV唛榜,music.163.com,3
aqeE9age9R,网易云音乐,网易云欧美热歌榜,music.163.com,3
3QeL0bWe7k,🤖編號 9527,,bh9527.top,10
BwdGE4XoPx,冒泡网,,maomp.com,10
3moB8n8dN5,北京组工,干部工作,bjdj.gov.cn,9
3moBDA1dN5,App Store Discounts（CN）,折扣信息,apps.apple.com,3
7GdaAbLdQy,网易云音乐,黑胶VIP热歌榜,music.163.com,3
7GdaA2gdQy,Honesty,,blog.hehouhui.cn,10
4qv9D9roaK,技术老小子,,ia2025.com,10
YqoX9z8vOD,网易云音乐,网易云民谣榜,music.163.com,3
yjvQ9gzvbg,河南省生态环境厅,省厅动态,sthjt.henan.gov.cn,9
x9oz9m6eXb,全国中小学生绘画书法作品比赛,赛事动态,ccc.org.cn,9
1Vd5n85e85,全国中学生天文知识竞赛,竞赛动态,bjp.org.cn,9
yjvQXpVobg,Chip Huyen,,huyenchip.com,10
7GdaP3QvQy,Crunchbase News,,news.crunchbase.com,10
DgeyNpBoZq,Daily Dose of Data Science,,dailydoseofds.com,10
Q0orDjYd8B,天天下载,,ttzip.com,10
Ywv47yBoPa,DagsHub Blog,,dagshub.com,10
RrvW19xe5z,darkreading,,darkreading.com,10
5PdMP0Rvmg,多多先生的网站,,haha.ai,10
4qv97E0eaK,Data Machina,,datamachina.substack.com,10
4MdA7z5oxD,BigDATAwire,,bigdatawire.com,10
DOvnxOpeEB,AI Accelerator Institute,,aiacceleratorinstitute.com,10
8Rv2x4meLw,Blog - PyImageSearch,,pyimagesearch.com,10
ARe1p6qd7n,Blog on EleutherAI Blog,,blog.eleuther.ai,10
3moBDK9dN5,宋庆龄少年儿童发明奖,活动通知,sclaci.sclc2017.org,9
Q0orD5Yd8B,AI as Normal Technology,,normaltech.ai,10
b0vmpP2oB1,AINOW,,ainowinstitute.org,10
YqoX27xdOD,SiliconANGLE,,siliconangle.com,10
1Vd5A97d85,SiliconANGLE,Big Data,siliconangle.com,10
aqeE3PDv9R,AIModels.fyi,,aimodels.substack.com,10
0MdKrB0vw1,Blog Archives • David Stutz,,davidstutz.de,10
0MdK9V6ow1,全国青少年无人机大赛,大赛动态,int-ede.com,9
x9oz9mbeXb,全国中学生地球科学竞赛,赛事公告,ceso.ssoc.org.cn,9
VaobOEDvAj,DebuggerCafe,,debuggercafe.com,10
BwdGEJwoPx,Google DeepMind Blog,,deepmind.google,10
DOvnxBleEB,Get AI Insights For Your Organization From Forrester,,forrester.com,10
nBe0Dxye37,丘成桐中学科学奖,通知公告,yau-awards.com,9
6YoVwk7vZa,Generational,,generational.pub,10
0MdKrn9vw1,北京组工,公务员工作,bjdj.gov.cn,9
1VdJjnMdLQ,北京组工,人才工作,bjdj.gov.cn,9
12owZRleNV,北京组工,"""两新""党建",bjdj.gov.cn,9
b0vm3Y8eB1,“外研社杯” 全国中学生外语素养大赛,最新动态,events.fltrp.com,9
4KvxbE9ekx,河南省发展和改革委员会,发改要闻,fgw.henan.gov.cn,9
ENeYAQReY4,河南省发展和改革委员会,发改动态,fgw.henan.gov.cn,9
3adqNwyeng,Department of Product,,departmentofproduct.substack.com,10
aEdZxGgorO,Explosion · RSS Feed,,explosion.ai,10
2KeD75PdNP,Eugene Yan,,eugeneyan.com,10
1Vd5A3Nd85,北京组工,党建工作,bjdj.gov.cn,9
m4ejAxrdxE,世界华人学生作文大赛,赛事动态,zuowendasai.com,9
DgeyNa7oZq,EE Times,,eetimes.com,10
Q0orDxYd8B,西湖大学,全部新闻,westlake.edu.cn,8
WmoOznle4E,同济大学,校内公告,tongji.edu.cn,8
3QeLpPWe7k,Misty的小窝~,,misty.moe,10
VaobmY3eAj,StalkR's Blog,,blog.stalkr.net,10
nBe0xrze37,wonderkun's|blog,,wonderkun.cc,10
3QeLpbze7k,不忘初心 方得始终,,terenceli.github.io,10
0MdKVA8vw1,太阳风的专栏,,blog.csdn.net,10
3adqZ3aeng,Minded Security Blog,,blog.mindedsecurity.com,10
1VdJ7RMeLQ,Trail of Bits Blog,,blog.trailofbits.com,10
b0vmYJqvB1,Exploit的小站~,,blog.csdn.net,10
VaobmqDeAj,Webroot Blog,,webroot.com,10
YqoXl70oOD,rtl-sdr.com,,rtl-sdr.com,10
nBe0RAzv37,The Atlantic's Audio Articles,,soundcloud.com,10
DOvnEMpoEB,crossoverJie's Blog,,crossoverjie.github.io,10
nBe0RNBv37,MARKSZのBlog,,molunerfinn.com,10
x9ozn2JoXb,Liaoyuqin,,liaoyuqin.com,10
2me3RDzdwj,脑袋瓜子,,naodai.org,10
4KvxKArokx,Jialezi `s blog,,blog.jialezi.net,10
5PdMLbpvmg,divan's blog,,divan.dev,10
Dgey5nqeZq,Eli Bendersky's website,,eli.thegreenplace.net,10
wkvlNnyez1,Felix021,,felix021.com,10
5PdMLj7vmg,Pádraig Brady,,pixelbeat.org,10
1Vd5R6Ke85,Hacker Noon,,hackernoon.com,10
0MdKx62ew1,catonmat.net – less is more,,catonmat.net,10
KGoR1Pzel6,Kintone Engineering Blog,,blog.kintone.io,10
Ywv4A6WdPa,Zlatan Eevee,,ieevee.com,10
RrvWx53d5z,LinuxCzar,,linuxczar.net,10
BwdGD6gePx,cloudvtech的博客,,blog.csdn.net,10
Dgey5YqeZq,Prometheus Blog,,prometheus.io,10
wkvlNOyez1,koala bear,,wsfdl.com,10
WmoO24Re4E,Heptio,,blog.heptio.com,10
pQvN2EmvNE,Greasy Fork,最新脚本,greasyfork.org,2
Dgey5yMeZq,The Economist,International,economist.com,1
MZd7XqlerO,36氪·新商业观察,,ximalaya.com,4
aEdZlgVorO,飞鸿无痕,,cnblogs.com,10
7GdakAgoQy,YJango 的 bilibili 空间,,space.bilibili.com,10
3adqy1adng,观视频工作室 的 bilibili 空间,,space.bilibili.com,10
DgeyPRRdZq,疯猫MadcatClan 的 bilibili 空间,,space.bilibili.com,10
5PdMZB0emg,明日方舟,游戏新闻,ak.hypergryph.com,3
YqoXGXqeOD,不死鸟,每日图片,hao.su,10
1VdJYqMvLQ,Overcoming Bias,,overcomingbias.com,10
b0vm4DAoB1,激流网,,jiliuwang.net,10
nBe09Gyo37,Greg Mankiw's Blog,,gregmankiw.blogspot.com,10
proPxEkoq6,This Day in History,,thefreedictionary.com,10
pQvNaGBoNE,特务小强,,tewuxiaoqiang.com,10
wkvll14vz1,为自己写代码,,c4ys.com,10
3QeLVjWv7k,科学网博客,用户推荐,blog.sciencenet.cn,2
wkvll3yvz1,启光博客,,iewb.net,10
m4ejQpxdxE,没错吧,,meicuoba.com,10
1VdJVEadLQ,diglog 奇客发现,,diglog.com,10
proPx35oq6,Blog on 27th Floor,,blog.cathayan.org,10
12owb0aeNV,JellyMeow's Blog,,ljmin.cn,10
Ywv4Ym9dPa,Lolico's Blog,,lolico.me,10
DOvnaRLoEB,系统技术非业余研究,,blog.yufeng.info,10
nBe09E5o37,宅客ZhaiiKer,,zhaiiker.com,10
1VdJV2MdLQ,博客园_WAKU,,cnblogs.com,10
4KvxYQ1dkx,博客园_我来自江湖，江湖却没有关于我的传说...,,cnblogs.com,10
47o8YwrvMm,CodingLabs,,blog.codinglabs.org,10
proPxl0oq6,博客园_Flyear's Blog,,cnblogs.com,10
3QeLVqwv7k,博客园_hoojo,,cnblogs.com,10
YqoXw0PeOD,博客园_hsm_computer,,cnblogs.com,10
1Vd5QBNd85,博客园_ITman彪叔,,cnblogs.com,10
aqeEVW3o9R,"博客园_keep pure, keep smile",,cnblogs.com,10
qndgQYloLl,博客园_Keyboard.Code.The guitar,,cnblogs.com,10
m4ejQapdxE,博客园_The Horizon Blog,,cnblogs.com,10
proPxl4oq6,博客园_tomkluas,,cnblogs.com,10
x9ozYl1eXb,博客园_Warmth &amp; Chilliness,,cnblogs.com,10
3moBV7goN5,博客园_一线码农,,cnblogs.com,10
yjvQKVVebg,博客园_在路上,,cnblogs.com,10
7GdaqJQdQy,博客园_小坦克,,cnblogs.com,10
KGoRNqmol6,博客园_小火柴的蓝色理想,,cnblogs.com,10
3adqk5yong,博客园_枫伶忆,,cnblogs.com,10
2KeDVOPvNP,博客园_浪潮之巅,,cnblogs.com,10
nBe09XQo37,博客园_认真工作，快乐生活,,cnblogs.com,10
1Vd5QY7d85,博客园_雲霏霏,,cnblogs.com,10
3moBVjgoN5,博客园_鹤冲天,,cnblogs.com,10
8Rv29JmoLw,博客园-一点一滴的Beer,,cnblogs.com,10
anopYL2vlZ,博客园-丫头小静(Cathy),,cnblogs.com,10
ENeYZP6oY4,博客园-司徒正美Ruby's Louvre,,cnblogs.com,10
MZd7P9xerO,Splinter Software,,splinter.com.au,10
pQvNpX8eNE,Digital Inspiration,,labnol.org,10
nBe0B8yv37,Official Gmail Blog,,gmailblog.blogspot.com,10
0MdK2G6vw1,Google Operating System,,googlesystem.blogspot.com,10
1VdJB8adLQ,Joel on Software,,joelonsoftware.com,10
KGoRJYbol6,Google Maps Mania,,googlemapsmania.blogspot.com,10
MZd7PjOerO,Google Sightseeing,,googlesightseeing.com,10
4qv9z01daK,Blogging Pro,,bloggingpro.com,10
wkvl8qqvz1,Successful Blog,,successful-blog.com,10
2me3mwrvwj,Wiley: Advanced Materials: Table of Contents,,onlinelibrary.wiley.com,2
wkvl88gvz1,GlobalDjMix,,globaldjmix.com,10
47o8ObLeMm,Stbyu's blog,,stbyu.github.io,10
7GdaRZ2eQy,涯余,,yanhang.me,10
DOvnDlLeEB,Bingwhispers,,cyril3.github.io,10
nBe0By5v37,Luyu Huang's Tech Blog,,luyuhuang.tech,10
8Rv2gr1dLw,CodingYang,,codingyang.com,10
KGoRJw5ol6,Nature Reviews Materials - nature.com science feeds,,feeds.nature.com,2
DgeyDn7dZq,王辉的博客,,hui-wang.info,10
wkvl8nPvz1,灰常记忆,,bestcherish.com,10
aqeEO43v9R,fengkx's Blog,,fengkx.top,10
YqoXbJxdOD,千灵,,qianling.pw,10
KGoRJPmol6,小蝴蝶,,xiaohudie.net,10
VaobaNOeAj,Greasy Fork,用户脚本,greasyfork.org,2
4qv9zp1daK,nixCraft,,cyberciti.biz,10
aqeEOXVv9R,博客园_S4b0r,,cnblogs.com,10
m4ej71roxE,博客园_长路,,cnblogs.com,10
nBe0Blyv37,新城旧梦,,itxcjm.top,10
proPJwkdq6,云梦,,htcp.net,10
DgeyD4NdZq,华南师范大学软件学院,通知公告,scnu.edu.cn,8
DgeykgBvZq,上海交通大学电子信息与电气工程学院学生办,党团活动,bjwb.seiee.sjtu.edu.cn,8
47o8L8XoMm,扬州大学研究生招生,博士招生,yzu.edu.cn,8
mproPOOeq6,Alan C. Assis,,acassis.wordpress.com,10
G2me3Ykvwj,Der Flounder,,derflounder.wordpress.com,10
Q1Vd5QWd85,Jack,,fin1te.net,10
W1VdJV0dLQ,Brute XSS,,brutelogic.com.br,10
9Jndk7pd3V,Guido Vranken,,guidovranken.wordpress.com,10
Q1Vd5MMd85,Hex Blog,,hex-rays.com,10
DOvny8qoEB,喜马拉雅,雪球,ximalaya.com,3
WmoO5KYd4E,ZedeX,,zedex.cn,10
3moBYrEeN5,148Apps,Reviews,148apps.com,3
0MdKa2Oow1,MacSparky,,macsparky.com,10
ARe1kELv7n,Shawn Blanc,,shawnblanc.net,10
BwdGjEXvPx,财新博客,沈明高,shenminggao.blog.caixin.com,10
yjvQNrVdbg,圆桌派,,music.163.com,3
ARe1ky4v7n,¿我天地，我胡来?,,xlanda.net,10
MZd7xlYerO,Quericy Eden*,,quericy.me,10
wkvlxXgvz1,Librehat's Blog,,librehat.com,10
5PdMxyavmg,箱猫日和,,blog.xnnyygn.in,10
anopWkEelZ,张衡Henry,,izhangheng.com,10
pQvNBD9vNE,花開未央,,sizheng.org,10
VaobJRMoAj,JiaYin's Life,,imjiayin.com,10
x9ozBkMoXb,时光笔记,,lieking.com,10
12ow2akeNV,testHs,,walkginkgo.com,10
4Kvx67Pekx,郑永博客,,xptt.com,10
JndkEbpo3V,Hugo.Lin,,home4love.com,10
wkvlMR4dz1,比的原理,,bideyuanli.com,10
3QeLXZWe7k,有野出没,,yelook.com,10
1VdJp1GoLQ,独行猫儿博客,,blog.catscarlet.com,10
MZd7VxgvrO,Mr.童,,tongtaos.com,10
DOvnNyLvEB,宅忆,,taoxinhao.cn,10
2me3xx0owj,曙光博客,,ezloo.com,10
WmoOGxxo4E,kn007,,kn007.net,10
x9ozQmneXb,tifan.net,,tifan.net,10
3moBaKJeN5,Free Mind,,freemind.pluskid.org,10
3adqQZadng,仙剑十年之约,,xianjian10.com,10
anop0myolZ,米随随,,s5s5.me,10
ENeY0GkdY4,流浪天下,,maie.name,10
YKd6J5bdaP,鼠标炸弹,,flashj.cn,10
VaobbM3oAj,Xcat Liu's Blog,,blog.xcatliu.com,10
3QeLXzwe7k,Soul Of Free Loop,,zohead.com,10
1Vd5kwNo85,V2EX,V2EX,v2ex.com,4
pQvNGAJdNE,Slot 4,,slot4.net,10
6YoVVRxoZa,山炮不二,,xsinger.me,10
qndg1D8oLl,V2EX,Blog,v2ex.com,4
Q0orpbYd8B,Huiris's Blog,,huiris.com,10
YqoXzqPdOD,飞,,flylai.com,10
proPBR4dq6,晨钟暮鼓,,liangqid.com,10
x9ozQP1eXb,青南的小世界,,kingname.info,10
ARe1QYqe7n,今天毕业,,todayby.com,10
JndkEy5o3V,岚光,,0x0d.im,10
qndg18loLl,落格,,logcg.com,10
KGoRRLNol6,Shell's Home,,blog.shell909090.org,10
RrvWO87v5z,木瓜园,,muguayuan.com,10
4MdAaB3dxD,Coding Our World,,xycoding.com,10
2me3xzZowj,有为有守有趣,,140041.t89.cn,10
3adqQEldng,HappyCoding,,dabing1022.github.io,10
6YoVV83oZa,MUKI space,,muki.tw,10
4MdAaxgdxD,紫竹张先生,,z-z-z.vip,10
DOvnNm1vEB,The Economist,China,economist.com,1
x9ozQJbeXb,The Economist,The world this week,economist.com,1
MZd7VZDvrO,null - ios‘s blog,,iosmosis.github.io,10
aqeEalPe9R,Nature Chemistry,,feeds.nature.com,2
proPBN0dq6,维基百科,首页推荐,zh.wikipedia.org,1
ARe1Q0ne7n,runningcheese/RunningCheese-Fire,,github.com,10
0MdKVZOvw1,Toxel.com,,toxel.com,10
7Gdag22oQy,Sivan's Blog,,lightcss.com,10
DOvn3kLdEB,CSS森林(CSS Forest),,cssforest.org,10
aqeE5wPe9R,Starming星光社最新更新,,starming.com,10
2me39YXvwj,MT论坛,综合交流,bbs.binmt.cc,4
3adqZk5eng,MT论坛,逆向教程,bbs.binmt.cc,4
DgeygDBvZq,MT论坛,玩机教程,bbs.binmt.cc,4
0MdKV20vw1,全球主机交流论坛,Offers专区,hostloc.com,4
1VdJ7BqeLQ,全球主机交流论坛,美国VPS综合讨论,hostloc.com,4
12owBq0eNV,全球主机交流论坛,干货茶馆,hostloc.com,4
7GdagRQoQy,Chiphell,掌设笔电,chiphell.com,4
MZd7BzxvrO,Chiphell,电脑硬件,chiphell.com,4
Q0orrDOo8B,木鱼水心 的 bilibili 动态,,space.bilibili.com,10
KGoRG9bvl6,Blog Uptodown International,,blog.en.uptodown.com,10
5PdMa6Zdmg,CNode社区,,cnodejs.org,4
ARe1xb6d7n,流星社区,,bbs.liuxingw.com,4
2KeDG8MdNP,JIKE,活动优惠,jike.info,4
nBe0xabe37,The Economist,Special report,economist.com,1
Jndkazpo3V,老伙计,,laoguy.com,10
1Vd58JWv85,the morning paper,,blog.acolyer.org,10
4KvxENPdkx,[conowen]大钟的专栏,,blog.csdn.net,10
RrvWVWko5z,christian.seifert's blog,,honeynet.org,10
DOvn3YDdEB,"HTML5, WebKit, Chromium",,blog.csdn.net,10
aqeE5XMe9R,itudou_2010的专栏,,blog.csdn.net,10
b0vmYxLvB1,joy,,blog.csdn.net,10
1VdJ7wGeLQ,Roland_Sun的专栏,,blog.csdn.net,10
8Rv2Yl1oLw,Scoopz.com,,blog.scoopz.com,10
JndkaX7o3V,xianming01的专栏——android菜鸟,,blog.csdn.net,10
3adqZ1zeng,傲慢的上校的专栏,,blog.csdn.net,10
Q0orr22o8B,张兴业的博客,,blog.csdn.net,10
nBe0xl5e37,微风的网络日志,,leybreeze.com,10
WnBe0NBv37,LJ_ome 最新的文章【SegmentFault】,,segmentfault.com,10
4MdA811vxD,Emacs China,最新主题,emacs-china.org,4
DgeyxDwdZq,iLounge,,ilounge.com,10
7GdaK0YoQy,财新网,金融频道,finance.caixin.com,6
3adqRNzeng,财新博客,吴晓波,wuxiaobo.blog.caixin.com,10
47o8E70vMm,财新博客,唐涯,tangya.blog.caixin.com,10
5PdMxPEvmg,财新博客,江瀚,jianghan.blog.caixin.com,10
aqeEK3lv9R,财新博客,朱昂,zhuang.blog.caixin.com,10
qndgxBXeLl,财新博客,王冉,wangran.blog.caixin.com,10
b0vmmpXvB1,财新博客,叶伟强,yeweiqiang.blog.caixin.com,10
x9ozBbDoXb,财新博客,郝智伟,haozhiwei.blog.caixin.com,10
YqoXQ2nvOD,财新博客,面包财经,mbcaijing.blog.caixin.com,10
anopWa0elZ,财新博客,海外投资笔记,haitou.blog.caixin.com,10
4Kvx6bEekx,财新博客,黄凡,huangfan.blog.caixin.com,10
b0vmm3XvB1,友人C,,ihewro.com,10
12ow280eNV,runningcheese’s Activity,,github.com,10
8Rv21wBoLw,百度贴吧,女图吧,tieba.baidu.com,4
qndgx7WeLl,百度贴吧,济南地铁吧,tieba.baidu.com,4
1VdJPqaoLQ,I seek truth,,blog.chaos.run,10
YKd69qzvaP,Human Mutation,,onlinelibrary.wiley.com,2
aEdZ2nNdrO,STEM CELLS,,onlinelibrary.wiley.com,2
wkvlxKpvz1,Molecular Cell Research,,sciencedirect.com,2
6YoVPnNdZa,CURRENT BIOLOGY,,cell.com,2
47o8EDqvMm,Cell Death and Differentiation,,nature.com,2
aqeEKnxv9R,TRENDS IN BIOCHEMICAL SCIENCES,,cell.com,2
nBe0zkbv37,CA: A Cancer Journal for Clinici,,onlinelibrary.wiley.com,2
3QeLGrGd7k,Cell,,cell.com,2
1Vd5xM8v85,Oncogene - Issue - nature.com,,nature.com,2
8Rv2120oLw,Cell Reports,,cell.com,2
4Kvx6L0ekx,Cancer Cell,,cell.com,2
ENeYL2ZdY4,Nature Medicine - Issue - nature,,nature.com,2
pQvNBPpvNE,Nature Reviews Clinical Oncology,,nature.com,2
7GdaK7XoQy,Cell Stem Cell,,cell.com,2
KGoRAXZel6,Nature Cell Biology - Issue,,nature.com,2
MZd7xQ3erO,Nature Genetics - Issue - nature,,nature.com,2
Ywv41xNdPa,EMBO Molecular Medicine,,onlinelibrary.wiley.com,2
RrvWqw1e5z,The American Journal of Human,,cell.com,2
4qv9ARmvaK,Trends Genet,,cell.com,2
VaobJ6noAj,Nature Chemical Biology,,nature.com,2
2KeDEqroNP,Cell Metabolism,,sciencedirect.com,2
DOvnyZVoEB,Nature Reviews Genetics,,nature.com,2
47o8EaqvMm,Nature Reviews Immunology,,nature.com,2
5PdMx0Gvmg,Nature Reviews Drug Discovery,,nature.com,2
m4ejb33exE,Nature Reviews Cancer - Issue,,nature.com,2
Q0orQj5e8B,Cell Research - Issue - nature,,nature.com,2
proPEzlvq6,Nature Reviews Molecular Cell,,nature.com,2
b0vmm5WvB1,静水流渊,,versky.com,10
Q0orQ10e8B,aneasystone's blog,,aneasystone.com,10
1Vd5xBav85,SeanXP,,seanxp.com,10
qndgxYZeLl,V2EX,pig1983,v2ex.com,4
aEdZ2z8drO,Leegorous,,leegorous.net,10
Dgey9BMeZq,老杨个人网站,,yangyq.net,10
b0vmlyLoB1,码志,,mazhuang.org,10
m4ejXRgvxE,V2EX,X-Force[IPC],v2ex.com,4
YqoXzYndOD,浮茗诗舍,,blog.exbye.com,10
ARe1Qk8e7n,大叔的笔记,,jozxing.cc,10
2me3x80owj,LanternD +,,dlyang.me,10
b0vmlmXoB1,V2EX,DNS,v2ex.com,4
m4ejXb1vxE,默默小屋,,gexiao.me,10
0MdKLapew1,红灯博客,,hdgogogo.com,10
anop000olZ,侯爷的博客,,houye.xyz,10
KGoRRRQol6,遥远的街市,,blog.henix.info,10
m4ejXX1vxE,zifangsky,,zifangsky.cn,10
WmoOGGEo4E,V2EX,Sukizen[AdSence],v2ex.com,4
8Rv2kYgdLw,ZMonster's Blog,,zmonster.me,10
47o8QRDvMm,I code it,,icodeit.org,10
x9ozQnneXb,海阔天空的云,,hktkdy.com,10
ARe1QnZe7n,saber酱的抱枕,,saber.love,10
pQvNG2ydNE,Oh My Media,,ohmymedia.com,10
Ywv4JAXePa,Silver_J,,clecal.com,10
DOvnNE7vEB,V2EX,tumutanzi,v2ex.com,4
m4ejX2qvxE,40huo's Blog,,40huo.cn,10
YqoXzMPdOD,暮光博客,,muguang.me,10
3moBaA8eN5,A LITTLE FROG,,alittlefrog.com,10
8Rv2kBRdLw,黎明余光,,blog.lim-light.com,10
RrvWOjgv5z,毕扬博客,,laob.me,10
aqeEaYDe9R,Yin Zhangqi's Blog,,zqyin.wordpress.com,10
WmoOGVlo4E,Malash's Blog,,malash.me,10
4Kvx5p1dkx,V2EX,meeasyhappy[codedata],v2ex.com,4
2me3xkXowj,Return To Innocence,,rt2innocence.net,10
2KeDwxEdNP,醉卧烟雨's Blog,,blog.cctv.com.im,10
m4ejXyqvxE,V2EX,qiayue[秋玉米],v2ex.com,4
b0vmlKqoB1,風の音,,blog.hjc.im,10
3QeLXRBe7k,Jerry的乐园,,jerryzou.com,10
YqoXzZxdOD,不亦乐乎,,lms.im,10
anop0A2olZ,ZWWoOoOo,,zww.me,10
VaobbDDoAj,Kitten's 时间胶囊,,kittenyang.com,10
Q0orp0nd8B,V2EX,idblife[请不要害羞],v2ex.com,4
RrvWOPxv5z,KK 的博客,,ikk.me,10
aqeEawre9R,ahxxm's blog,,ahxxm.com,10
b0vml2AoB1,Peng Zhao on Peng Zhao,,pzhao.org,10
m4ejXD4vxE,扯远了,,heshizi.com,10
x9ozQLxeXb,半省堂,,maguang.net,10
3moBaRzeN5,plum's blog,,plumz.me,10
2KeDw16dNP,做最好的三三,,best33.com,10
m4ejXq4vxE,IceHoney Blog,,blog.icehoney.me,10
Dgey9K5eZq,Reddit,Showerthoughts,reddit.com,2
5PdMNMZemg,Reddit,Future(s) Studies,reddit.com,2
aqeEaMVe9R,Reddit,Science,reddit.com,2
wkvlM2pdz1,软件技术资源共享 - Telegram 频道,,t.me,10
anop099olZ,重庆购物狂,房产楼市,go.cqmmgo.com,4
3adqQ8mdng,PhoneArena,News,phonearena.com,2
m4ejX01vxE,SHAPE Code Blog,,codeblog.shape.dk,10
7GdabG2eQy,Shodan Blog,,shodanio.wordpress.com,10
Ywv4Jg9ePa,dieyushi's Blog,,zzsec.org,10
JndkEG7o3V,Beta,,bjt.name,10
RrvWO3Kv5z,Chorder的个人网站,,chorder.net,10
Vaobb03oAj,微慑信息网,,vulsee.com,2
qndg1r8oLl,APKMirror,Google Releases,apkmirror.com,3
b0vmlX2oB1,APKMirror,Releases,apkmirror.com,3
4Kvx5N1dkx,Wiley: Journal of the American C,,ceramics.onlinelibrary.wiley.com,2
7GdabWOeQy,ScienceDirect Publication: Ceram,,sciencedirect.com,2
KGoRRK2ol6,ScienceDirect Publication: Journ,,sciencedirect.com,2
MZd7V1pvrO,Journal of the American Ceramic,,ceramics.onlinelibrary.wiley.com,2
2KeDwjEdNP,Wiley: Angewandte Chemie Interna,,onlinelibrary.wiley.com,2
12owW0BoNV,百度贴吧,good吧,tieba.baidu.com,4
7GdabpkeQy,BlockTempo 動區動趨,,blocktempo.com,2
BwdGQzjoPx,MacX,Mac 软件与游戏,macx.cn,4
3moBKzEvN5,Yanko Design,,yankodesign.com,2
aqeE5aje9R,ScienceDirect Publication: Remot,,sciencedirect.com,2
qndgq1LoLl,ScienceDirect Publication: ISPRS,,sciencedirect.com,2
3adqZQmeng,记录点滴,,odcn.top,10
anoppp9olZ,通信人家园,终端与移动互联网,txrjy.com,4
2me39Q0vwj,igvita.com,,igvita.com,10
2KeDGJDdNP,The Setup,,usesthis.com,10
3adqZbaeng,Zihua Li,,zihua.li,10
BwdG0VJePx,MT论坛,休闲灌水,bbs.binmt.cc,4
ARe1xEqd7n,Chiphell,软件系统交流,chiphell.com,4
anopp72olZ,Chiphell,品质家居,chiphell.com,4
4KvxE8Ldkx,Chiphell,美食饕餮,chiphell.com,4
ENeYQa6eY4,Chiphell,视听发烧,chiphell.com,4
pQvNXpNeNE,Chiphell,影像器材,chiphell.com,4
yjvQZxVdbg,Chiphell,汽车摩托,chiphell.com,4
KGoRGOmvl6,Chiphell,摄影作品,chiphell.com,4
YKd6ROJdaP,Chiphell,新闻发布,chiphell.com,4
Ywv4B0BePa,Linux 中国,分享,linux.cn,2
RrvWVBxo5z,Linux 中国,技术,linux.cn,2
Jndka65o3V,Linux 中国,观点,linux.cn,2
7GdagyLoQy,Biogeomorphic ecosystem,,onlinelibrary.wiley.com,2
KGoRGwzvl6,Coastal wetland,,onlinelibrary.wiley.com,2
MZd7BN6vrO,Ecogeomorphic feedback,,onlinelibrary.wiley.com,2
YKd6RMjdaP,Biogeomorphology,,onlinelibrary.wiley.com,2
Ywv4BNWePa,Ecogeomorphology,,onlinelibrary.wiley.com,2
RrvWVy3o5z,Biogeomorphic landscape,,onlinelibrary.wiley.com,2
JndkamJo3V,Biological geomorphology,,onlinelibrary.wiley.com,2
4qv9aNpvaK,Saltmarsh,,onlinelibrary.wiley.com,2
4MdAL3PvxD,Coastal geomorphology,,onlinelibrary.wiley.com,2
VaobmygeAj,Coastal and estuarine ecology,,onlinelibrary.wiley.com,2
BwdG0rgePx,Biogeomorphic interaction,,onlinelibrary.wiley.com,2
5PdMaX7dmg,ESTUAR COAST SHELF S,,sciencedirect.com,2
m4ejxwrvxE,淘宝大学 · 听段子学赚钱,,ximalaya.com,3
nBe0x2ye37,"D'Alpaos, A",,agupubs.onlinelibrary.wiley.com,2
47o8RZjdMm,野居青年 的 bilibili 空间,,space.bilibili.com,10
5PdMa9Zdmg,FT中文网,第一时间解读,ftchinese.com,1
aqeE59Ve9R,FT中文网,远观中国,ftchinese.com,1
4MdALDgvxD,Marco Nie,,niekun.net,10
yjvQZbDdbg,爱思想,中国近现代史,aisixiang.com,1
pQvNXrBeNE,独播库,,duboku.net,3
Jndkanyo3V,EdmundDZhang 的 bilibili 空间,,space.bilibili.com,10
4qv9a4rvaK,渔农阿阳 的 bilibili 空间,,space.bilibili.com,10
4qv9a6mvaK,徐大sao 的 bilibili 空间,,space.bilibili.com,10
ARe1xRLd7n,Nature | Latest Research,,nature.com,2
qndgqGpoLl,手机之家,资讯中心,news.imobile.com.cn,2
KGoRGpxvl6,事业单位招聘考试网,,shiyebian.net,10
YKd6RwKdaP,BaikalHU,,blog.csdn.net,10
4qv9akbvaK,Collin R. Mulliner,,mulliner.org,10
3adqZaxeng,Evolution.cc,,blog.csdn.net,10
Q0orrR2o8B,parker的专栏,,blog.csdn.net,10
nBe0xY5e37,Planet Classpath,,planet.classpath.org,10
WmoOxYEv4E,Proteas的专栏,,blog.csdn.net,10
3QeLp2We7k,pxb1988的专栏,,blog.csdn.net,10
YqoXlknoOD,quaful的专栏,,blog.csdn.net,10
yjvQZ1adbg,su1216的专栏,,blog.csdn.net,10
Ywv4Bl9ePa,Tjxin_xd的专栏,,blog.csdn.net,10
RrvWVQlo5z,winsunxu的专栏,,blog.csdn.net,10
m4ejxL1vxE,宋宝华的blog,,blog.csdn.net,10
3QeLp5We7k,永远即等待的专栏,,blog.csdn.net,10
3moBKgMvN5,罗朝辉（飘飘白云）,,blog.csdn.net,10
BwdGkP8dPx,流动,,liudon.com,10
DgeyjRnoZq,ZL Asica的博客,,zl-asica.com,10
m4ejPMxvxE,王光卫博客,,guangweiblog.com,10
nBe0m51o37,Path2Exile,,path2exile.com,10
WmoOyLRd4E,河南科技大学教务处,通知公告,haust.edu.cn,8
3QeLkPAd7k,Android Developers,,developer.android.com,10
1VdJkrZeLQ,Tobias Ahlin,,tobiasahlin.com,10
pQvNkz8dNE,阿鸡fundchick的微博,,weibo.com,10
JndkOVJd3V,大神网,,dashen.wang,10
5PdMDO7vmg,网创特工,,wangchuangtegong.com,10
KGoRErzel6,网创星球,,netehub.com,10
b0vmL9loB1,林先生的知乎回答,,zhihu.com,10
YqoXPm6oOD,俟河清,,naive514.top,10
0MdKk76dw1,AsyncX's Blog,,hi.asyncx.top,10
1VdJkRaeLQ,Mag‘s Blog,,mag267.github.io,10
12owgGwoNV,Ali's Blog,,blog.liuailin.top,10
ARe1jq4o7n,裴先生笔记,,blog.peiluming.com,10
8Rv2rEwvLw,纸灯的博客,,qingmingzong.cn,10
4Kvxm39dkx,Oyyko's Blog,,blog.oyyko.com,10
yjvQkAjebg,Val.istar.Guo Blog,,val-istar-guo.com,10
KGoREbbel6,jdjwzx233-Blog,,jdjwzx233.cn,10
YKd6zrqdaP,乌云盖雪,,wygxmew.github.io,10
Ywv4PmxvPa,邢平cn-xingpingcn,,xingpingcn.top,10
RrvW0gRd5z,骑行超过牛,,chaoniulian.com,10
Vaob1KGeAj,大熊要飞翔,,blog.wexiami.com,10
2me30jxowj,追逐日落,,zzrl.cc,10
3adqKWZong,月夜Moonlight,,moonlt.site,10
aEdZM0XvrO,皓子的小站,,howiehz.top,10
47o8XzjoMm,云心怀鹤,,bluehe.cn,10
5PdMDkZvmg,一个夏天的年少,,forrestgump618.github.io,10
qndgjpWvLl,雾林博客,,baiwulin.com,10
m4ejPNrvxE,A small world of unnamedtat,,unnamedtat.xyz,10
Q0orJkPo8B,飞飞爱折腾,,songfei.org,10
b0vmLRGoB1,LINUX DO,neo 的最新帖子,linux.do,10
m4ejPNmvxE,LINUX DO,使用chatgpt标记的话题,linux.do,10
Q0orJkzo8B,汤山老王,,youtube.com,10
nBe0mEKo37,小Lin说,,youtube.com,10
proPkb5eq6,三座房子,,youtube.com,10
WmoOyAYd4E,心河摆渡,,youtube.com,10
x9ozrE7oXb,小学科学SSR,,youtube.com,10
3QeLkWPd7k,科學漫聊,,youtube.com,10
YqoXPjXoOD,汤质看本质,,youtube.com,10
1Vd5O0Lo85,孙富贵,,youtube.com,10
3moBlp1dN5,林亦LYi,,youtube.com,10
1VdJk6neLQ,其乐 Keylol,周边新闻,keylol.com,4
12owg3zoNV,其乐 Keylol,游戏互鉴,keylol.com,4
ENeYOnqvY4,笃志者的博客,,ceeji.net,10
2me30browj,胡师姐新传考研的知乎动态,,zhihu.com,10
7Gdaw3XoQy,阿猫的博客,,ameow.xyz,10
2KeD95roNP,银屏系漫游指南 的 bilibili 空间,,space.bilibili.com,10
47o8X6QoMm,Finology Insider,Brand Games,insider.finology.in,6
b0vmLjWoB1,《巴伦周刊》中文版,快讯,barronschina.com.cn,6
BwdGrQMvPx,Kong Inc(konghq.com),blog posts,konghq.com,10
2me3Nxkdwj,ThoughtWorks Blog,,thoughtworks.com,10
Dgey19MeZq,web.dev,Blog,web.dev,10
aEdZyq8vrO,Blog | Apache APISIX,,apisix.apache.org,10
wkvljM4ez1,Google Research Blog,,research.google,10
6YoVyVKeZa,Uber Engineering Blog,,uber.com,10
DOvnMNDoEB,Engineering Blogs,,infos.imhcg.cn,10
1VdJOpGeLQ,爱奇艺,纪录片 ‧ 高分榜,iqiyi.com,3
12owJWaeNV,爱奇艺,儿童 ‧ 热播榜,iqiyi.com,3
7Gdayg2dQy,爱奇艺,儿童 ‧ 儿歌榜,iqiyi.com,3
3adqzZzeng,爱奇艺,综艺 ‧ 飙升榜,iqiyi.com,3
Dgey1gNeZq,爱奇艺,综艺 ‧ 必看榜,iqiyi.com,3
2KeDgGDdNP,爱奇艺,综艺 ‧ 益智榜,iqiyi.com,3
DOvnM3LoEB,爱奇艺,综艺 ‧ 美食榜,iqiyi.com,3
5PdMXaEvmg,爱奇艺,综艺 ‧ 音乐榜,iqiyi.com,3
qndgyqXoLl,爱奇艺,电影 ‧ 必看榜,iqiyi.com,3
m4ejgx1oxE,爱奇艺,电影 ‧ 高分榜,iqiyi.com,3
Q0orLr2d8B,爱奇艺,电影 ‧ 青春榜,iqiyi.com,3
proPKGmeq6,爱奇艺,电影 ‧ 枪战榜,iqiyi.com,3
3QeLLpWe7k,爱奇艺,电视剧 ‧ 飙升榜,iqiyi.com,3
1Vd5N8Me85,爱奇艺,电视剧 ‧ 高分榜,iqiyi.com,3
3moBNKMoN5,爱奇艺,电视剧 ‧ 警匪榜,iqiyi.com,3
0MdKzVpvw1,爱奇艺,电视剧 ‧ 爱情榜,iqiyi.com,3
ARe1An8e7n,爱奇艺,电视剧 ‧ 偶像榜,iqiyi.com,3
ENeYyGGeY4,爱奇艺,总榜 ‧ 期待榜,iqiyi.com,3
m4ejg81oxE,豆瓣,新书速递-绘本漫画,book.douban.com,3
8Rv2NXgvLw,The Zapier Blog,,zapier.com,10
YKd6MmbvaP,ZDDHUB 的博客,,zddhub.com,10
BwdGrGOvPx,炸裂志,,zh.fyi,10
2me3NkBdwj,Fred Wu's Blog,,persumi.com,10
2KeDg3AdNP,NotJustCode,,mebtte.com,10
aEdZyXBvrO,Zhshch`s Blog,,xzhsh.ch,10
5PdMX20vmg,The Art of Chawye Hsu,,chawyehsu.com,10
WmoOBRxe4E,木子,,blog.k8s.li,10
YqoXyZqvOD,Jacky's Blog,,jw1.dev,10
4Kvxwr1okx,Louis Aeilot's Blog,,blog.aeilot.top,10
JndkmYQo3V,皮皮凛基地,,owomoe.net,10
2me3NQXdwj,Platform Thinking +,,pt.plus,10
5PdMXQRvmg,Super Blog,,superpung.com,10
WmoOB8le4E,Ayx 博客,,imayx.top,10
x9oz26JoXb,LCZBlog,,blog.licaoz.com,10
1Vd5NXNe85,林林杂语,,xiaozonglin.cn,10
8Rv2N8RvLw,Redish101博客,,blog.redish101.top,10
4Kvxwk1okx,informal,,informal.top,10
KGoRwQ2vl6,土豆不好吃,,dmesg.app,10
MZd7NXpvrO,Save The Web Project,,blog.save-web.org,10
b0vmrk2dB1,局域自由,,localfreedom.github.io,10
x9oz2WJoXb,懋和道人,,dao.js.cn,10
3QeLLAwe7k,椒盐豆豉,,blog.douchi.space,10
1Vd5NzNe85,JZ's Rambles,,ramble.imzh.me,10
aqeEmA3e9R,mafeifan的技术博客,,mafeifan.com,10
qndgy8loLl,Wener's Live & Life,,wener.me,10
nBe0NjQv37,Tevin Zhang,,tevinzhang.com,10
WmoOBpme4E,Keenwon's Blog,,keenwon.com,10
x9oz2W1oXb,Stray Episode,,farer.org,10
YqoXyOxvOD,data4fun,,data4fun.cc,10
0MdKz80vw1,东东's Blog,,blog.yasking.org,10
8Rv2N0mvLw,Razeen's Blog,,razeen.me,10
anopO12elZ,hsfzxjy 的博客,,i.hsfzxjy.site,10
ENeYyz6eY4,C0reFast记事本,,ichenfu.com,10
yjvQJEVdbg,Dolingou,,dolingou.com,10
YKd6MgJvaP,OneCoder的博客,,coderli.com,10
Ywv4NLBePa,菲兹克斯喵,,physnya.top,10
RrvWy8xe5z,Xeonzilla's Note,,xeonzilla.github.io,10
Jndkm35o3V,Kang's Blog,,blog.kdev.top,10
VaobyVDeAj,帽之岛 - Hat's Land,,hats-land.com,10
3adqzEyeng,xLog,最新活动,xlog.app,10
Dgey1z7eZq,xLog,官方动态,xlog.app,10
qndgyJloLl,静かな森,,innei.in,10
Dgey1P7eZq,楷鹏 Blog,,wukaipeng.com,10
2KeDg1PdNP,Chad's blog,,zhengchao.dev,10
aEdZylgvrO,Heggria,,heggria.site,10
3moBNVzoN5,Release notes from pilipala,,github.com,10
0MdKzKavw1,Release notes from PipePipe,,github.com,10
12owJbBeNV,公考雷达,山东青岛,gongkaoleida.com,8
5PdMXApvmg,空鸣深语,,blog.deepchirp.com,10
YqoXyw0vOD,"""when:24h 天猫OR饿了么OR盒马OR淘宝OR闲鱼OR通义OR阿里云OR优酷OR菜鸟OR夸克OR阿里OR高德OR Ali",,news.google.com,10
1Vd5NQYe85,白嫖推送,,t.me,10
ARe1AEne7n,我的笔记,,blog.196000.xyz,10
8Rv2NgBvLw,墨落文化,,zmt.xudelong.top,10
4Kvxw8rokx,Undefined,,blog.zebedy.com,10
b0vmr7AdB1,TearSnow泪雪,,tearsnow.com,10
Q0orLqWd8B,体格瑜伽,,physyoga.com,10
proPKJneq6,泪雪博客,,zhangzifan.com,10
WmoOBaOe4E,早若网,,zaoruo.com,10
anopOyBelZ,Black Hat Ethical Hacking,,blackhatethicalhacking.com,10
7GdayzLdQy,Evan,,evan.xin,10
YKd6MOjvaP,MaeNiko 的 bilibili 动态,,space.bilibili.com,10
4MdA3xPoxD,Ars Technica,Gaming,arstechnica.com,3
5PdMXm7vmg,FOX Sports,All Headlines,foxsports.com,3
aqeEmZge9R,FOX Sports,Top Headlines,foxsports.com,3
qndgygxoLl,FOX Sports,NBA,foxsports.com,3
b0vmrOldB1,FOX Sports,Soccer,foxsports.com,3
yjvQJl6dbg,掌上英雄联盟,官方公告,lol.qq.com,3
KGoRwlzvl6,掌上英雄联盟,官方攻略,lol.qq.com,3
MZd7Na6vrO,掌上英雄联盟,官方社区消息,lol.qq.com,3
6YoVylaeZa,起点女生网,总字数榜,qdmm.com,3
qndgy5xoLl,DevOps'ish,,devopsish.com,10
b0vmrgldB1,CSS Author,,cssauthor.com,10
Q0orLPOd8B,54321 Weekly,,versun.me,10
1Vd5N2Ke85,Postgres Weekly,,postgresweekly.com,10
m4ejgJroxE,Serverless Status,,serverless.email,10
nBe0NAyv37,RWeekly,,rweekly.org,10
proPK7keq6,Ruby Weekly,,rubyweekly.com,10
YqoXyV6vOD,UX Design Weekly,,uxdesignweekly.com,10
4MdA331oxD,App Store,导航赚钱榜[iPhone][国区],itunes.apple.com,3
aEdZyyMvrO,App Store,工具免费榜[iPad][国区],itunes.apple.com,3
wkvljjjez1,App Store,工具付费榜[iPad][国区],itunes.apple.com,3
47o8kkgeMm,App Store,报刊杂志付费榜[iPhone][国区],itunes.apple.com,3
Q0orLLzd8B,App Store,摄影与录像付费榜[iPhone][国区],itunes.apple.com,3
3moBNN1oN5,App Store,效率免费榜[iPad][国区],itunes.apple.com,3
0MdKzz4vw1,App Store,效率付费榜[iPad][国区],itunes.apple.com,3
4qv9N7rdaK,App Store,生活免费榜[iPad][国区],itunes.apple.com,3
proPKL5eq6,App Store,财务赚钱榜[iPad][国区],itunes.apple.com,3
qndgyBpoLl,App Store,软件开发工具免费榜[iPhone][国区],itunes.apple.com,3
b0vmrpJdB1,App Store,软件开发工具付费榜[iPhone][国区],itunes.apple.com,3
m4ejgw3oxE,App Store,软件开发工具赚钱榜[iPhone][国区],itunes.apple.com,3
Q0orLD5d8B,App Store,软件开发工具免费榜[iPad][国区],itunes.apple.com,3
nBe0N2bv37,App Store,软件开发工具付费榜[iPad][国区],itunes.apple.com,3
0MdKz9Ovw1,App Store,休闲免费榜[iPhone][国区],itunes.apple.com,3
nBe0NDbv37,App Store,家庭聚会游戏免费榜[iPhone][国区],itunes.apple.com,3
4qv9N4qdaK,App Store,工具赚钱榜[iPad][美区],itunes.apple.com,3
5PdMXgavmg,App Store,效率免费榜[iPhone][美区],itunes.apple.com,3
qndgymLoLl,App Store,效率赚钱榜[iPhone][美区],itunes.apple.com,3
b0vmrzWdB1,App Store,效率免费榜[iPad][美区],itunes.apple.com,3
m4ejg0yoxE,App Store,效率付费榜[iPad][美区],itunes.apple.com,3
Q0orLM0d8B,App Store,效率赚钱榜[iPad][美区],itunes.apple.com,3
nBe0NQjv37,App Store,教育免费榜[iPhone][美区],itunes.apple.com,3
nBe0NQDv37,App Store,生活免费榜[iPhone][美区],itunes.apple.com,3
proPKr6eq6,App Store,生活付费榜[iPhone][美区],itunes.apple.com,3
WmoOBjbe4E,App Store,生活赚钱榜[iPhone][美区],itunes.apple.com,3
x9oz2NMoXb,App Store,生活免费榜[iPad][美区],itunes.apple.com,3
3QeLLEEe7k,App Store,生活付费榜[iPad][美区],itunes.apple.com,3
YqoXyB4vOD,App Store,生活赚钱榜[iPad][美区],itunes.apple.com,3
4qv9NMbdaK,App Store,卡牌游戏免费榜[iPad][美区],itunes.apple.com,3
wkvljr4ez1,App Store,家庭聚会游戏免费榜[iPhone][美区],itunes.apple.com,3
6YoVyLKeZa,App Store,家庭聚会游戏付费榜[iPhone][美区],itunes.apple.com,3
DOvnMPDoEB,App Store,家庭聚会游戏赚钱榜[iPhone][美区],itunes.apple.com,3
47o8kALeMm,App Store,家庭聚会游戏免费榜[iPad][美区],itunes.apple.com,3
4qv9NyXdaK,App Store,问答游戏赚钱榜[iPad][美区],itunes.apple.com,3
Q0orLz2d8B,App Store,游戏赚钱榜[iPad][美区],itunes.apple.com,3
nBe0N65v37,TechWeb,晚报,techweb.com.cn,2
8Rv2Nw1vLw,TechWeb,游戏,techweb.com.cn,2
47o8kN0eMm,Steam 免費遊戲情報站,Epic Games,freesteam.games,3
qndgyX0oLl,SEO技术流,,zhidaow.com,10
nBe0NLzv37,崔鹏飞的blog,,cuipengfei.me,10
3QeLL2ze7k,青岛科技大学,科大要闻,qust.edu.cn,8
YKd6M6bvaP,996忍者！ Blog,,996.ninja,10
BwdGrBOvPx,AWS Machine Learning Blog,,aws.amazon.com,10
3adqzaaeng,Azure Architecture Blog,,techcommunity.microsoft.com,10
Dgey1EReZq,Engineering at Meta,,engineering.fb.com,10
2KeDgLAdNP,Netflix TechBlog,,netflixtechblog.com,10
aEdZyEBvrO,Engineering at Slack,,slack.engineering,10
wkvljpkez1,Discord Blog,,discord.com,10
6YoVy4MeZa,Elastic Blog,,elastic.co,10
qndgyK0oLl,Supabase Blog,,supabase.com,10
m4ejg1VoxE,Java Code Geeks,,javacodegeeks.com,10
x9oz27noXb,Cloud Blog,,cloud.google.com,10
YqoXyaqvOD,Next.js Blog,,nextjs.org,10
1Vd5NlGe85,Dropbox Tech Blog,,dropbox.tech,10
aqeEmrDe9R,Stripe Blog,,stripe.com,10
b0vmrB2dB1,Spring Blog,,spring.io,10
Q0orL2Yd8B,Y Combinator Blog,,blog.ycombinator.com,10
proPKw0eq6,Sentry Blog,,blog.getsentry.com,10
WmoOBJle4E,Microsoft Research Blog,,microsoft.com,10
1Vd5NlNe85,Redis,,redislabs.com,10
3moBNg8oN5,IntelliJ IDEA,,blogs.jetbrains.com,10
12owJQleNV,freeCodeCamp Programming Tutorials,,freecodecamp.org,10
8Rv2NlRvLw,MongoDB | Blog,,mongodb.com,10
4Kvxwa1okx,The Mozilla Blog,,blog.mozilla.org,10
ENeYyR3eY4,Tailwind CSS Blog,,tailwindcss.com,10
yjvQJ1Bdbg,Google Developers Blog,,developers.googleblog.com,10
KGoRw22vl6,Node.js Blog,,nodejs.org,10
MZd7NnpvrO,Canva - Engineering Blog,,canva.dev,10
BwdGrPJvPx,Stack Overflow Blog,,blog.stackoverflow.com,10
2me3NlXdwj,Vercel News,,vercel.com,10
3adqz15eng,The Cloudflare Blog,,blog.cloudflare.com,10
aqeEmqDe9R,The Apache Software Foundation Blog,,news.apache.org,10
yjvQJmVdbg,❤️ 每天收集喜欢的开源项目,,gitlab.com,10
RrvWygxe5z,bolaxious,,bolaxious.fun,10
JndkmN5o3V,Maohang Gao's Blog,,kangaroogao.com,10
4MdA3w5oxD,依然路遥,,cnblogs.com,10
Q0orLWWd8B,Peter's Blog,,peter267.zeabur.app,10
12owJ3BeNV,啰哩啰嗦分享频道,,notonlyshare.pages.dev,10
ARe1Agne7n,绿导师原谅你了 的 bilibili 动态,,space.bilibili.com,10
2me3NjZdwj,Deep Router,,deeprouter.org,10
aEdZy0VvrO,Thomson Reuters News Releases,,ir.thomsonreuters.com,10
anopO2ZelZ,巴士哥,,bashige.com,10
YKd6MqOvaP,嘻嘻IT,,11meigui.com,10
Ywv4NGaePa,快捷键速查表,,hotkeyguru.com,10
aEdZynVvrO,进步分子,,jinbufenzi.com,10
Dgey1XqeZq,The MIT Press Reader,,thereader.mitpress.mit.edu,10
6YoVyJaeZa,湖北招生信息综合服务平台,政策规定,zsxxw.e21.cn,8
RrvWyR3e5z,串串狗 xk,,ccgxk.com,10
VaobyqgeAj,GoodBoyboy 's Blog,,blog.goodboyboy.top,10
5PdMXJ7vmg,小光科普,,xiaoguangkepu.com,10
b0vmr58dB1,小宇菇菇 - 小红书笔记,,xiaohongshu.com,10
YqoXyA6vOD,映屿,,yingyu5658.me,10
ENeYyMReY4,./kwaa.dev,,kwaa.dev,10
pQvN5DzoNE,/ 是也乎(￣▽￣) / ZoomQuiet.io,,blog.zoomquiet.io,10
yjvQJVjdbg,0x7f Blog,,0x7f.cc,10
7GdayJpdQy,1A23 Blog,,blog.1a23.com,10
KGoRwnbvl6,A blue-sky wanderer,,xyh97.home.blog,10
MZd7NJOvrO,A Cup of Air,,acupofair.github.io,10
YKd6MKqvaP,Aicsukの世界,,aicsuk.net,10
Ywv4N5xePa,aisuneko/blog,,aisuneko.moe,10
RrvWyrRe5z,akearer's blog,,akearer.top,10
JndkmRLo3V,Albus' Pensieve | 邓布利多的冥想盆,,albuspensieve.github.io,10
4MdA3RgoxD,Aloxaf's Blog,,aloxaf.com,10
BwdGrKjvPx,AoTxLand,,aotxland.com,10
2me3N1xdwj,AriesMe,,ariesme.com,10
3adqz5Zeng,Armstrong,,armstrong.viyf.org,10
Dgey145eZq,ArthurChiao's Blog,,arthurchiao.github.io,10
aEdZyzXvrO,Azad's Space,,blog.azad.asia,10
wkvljgqez1,A级博客,,blog.alevel.tech,10
5PdMX7Zvmg,Berrysoft,,berrysoft.github.io,10
qndgy3WoLl,Bigbyto,,wiyi.org,10
b0vmrj8dB1,Bin Wang - My Personal Blog,,binwang.me,10
Q0orLKPd8B,Blog of Endle,,endle.github.io,10
proPKAkeq6,Bob's Coding Lab,,pegionfish.github.io,10
WmoOBkBe4E,Bowen 的博客,,blog.bowen.cool,10
x9oz2kboXb,BoxCat,,boxcat.cc,10
YqoXyr6vOD,buzhou.blog,,buzhou.blog,10
qndgy3moLl,CCSN,,ccsn.dev,10
m4ejgVmoxE,Ch3nyang's Blog,,blog.ch3nyang.top,10
Q0orLKzd8B,chaomai's blog,,chaomai.github.io,10
x9oz2k7oXb,Christine 自留地,,blog.christine.pp.ua,10
YqoXyrXvOD,ciics,,c2ics.com,10
ARe1AB6e7n,Coxxs,,dev.moe,10
8Rv2NJ3vLw,CronfoxLabs,,cronfox.2434.me,10
anopOLkelZ,CS Slayer,,csslayer.info,10
4Kvxw77okx,CTO笔记,,cto.eguidedog.net,10
MZd779GdrO,David's Perspective,,taweihuang.hpd.io,10
Ywv47QMoPa,Dawnnnnnn,,dawnnnnnn.com,10
Jndk1byo3V,DebugUself with DAMA ;-),,du.101.camp,10
VaobOG8vAj,delphij's Chaos,,blog.delphij.net,10
BwdGEpLoPx,DevNow — 开发技术周刊,,laughingzhu.cn,10
6YoVwGwvZa,Duang's Blog,,duangvps.com,10
5PdMP5bvmg,EatRice的技术分享,,eatrice.cn,10
b0vmpyGoB1,Elizen's Blog,,elizen.me,10
nBe02GKv37,EQblog,,eqblog.com,10
proPLM5oq6,Eternal digital memory - 永恒的数字记忆,,hee.ink,10
WmoOzNYe4E,EuDs's Blog,,ds63.eu.org,10
3QeL0ZPe7k,EzraKnotLab,,ezraknotlab.github.io,10
YqoX2YXdOD,Farseerfc的小窩,,farseerfc.me,10
3moB8z1dN5,fatedier blog,,blog.fatedier.com,10
0MdKrZ4vw1,Fatesinger,,fatesinger.com,10
12owZAzeNV,FH云彩博客,,yuncaioo.com,10
8Rv2xM3eLw,Fika,,fika.ink,10
ENeYpLqdY4,Fivyex's Blog,,fivyex.com,10
RrvW1qDe5z,Frank笔记,,frank2019.me,10
BwdGEjLoPx,Garden in the Wonderland,,blog.yuuta.moe,10
3adqNRMeng,Gary的个人技术记录,,fugary.com,10
2KeD7EMdNP,GeekLogic,,geek-logic.com,10
DOvnxyqeEB,Ghosind,,ghosind.com,10
47o87EgeMm,Ginta's blog,,ginta.top,10
5PdMPxbvmg,gledos的博客,,gledos.science,10
aqeE3K4v9R,Glory to the MANKIND!,,matrixkook.github.io,10
qndgBxmvLl,Gojira 哥斯拉,,gojira.net,10
m4ejwbmoxE,gq's blog,,zgq.me,10
x9ozbB7oXb,GZTime's Blog,,blog.gzti.me,10
3QeL0GPe7k,Hacking everyday,,hack1s.fun,10
YqoX2QXdOD,Hans362 's Blog,,blog.hans362.cn,10
qndgBxpvLl,Harry Chen’s Blog,,harrychen.xyz,10
Q0orDQ5d8B,Heart in the city,,csxq.com,10
proPLEloq6,Hi! 上天不?,,a-wing.top,10
3QeL0XGe7k,Home on Free Thought,,yigengjiang.github.io,10
YqoX2zzdOD,Home on Sinofine Lotusie,,sinofine.me,10
1VdJjp8dLQ,huggy's blog,,blog.huggy.moe,10
ARe1pQLd7n,Hugo.Linの生活志,,399s.com,10
KGoR5RZel6,I'm KT,,kytrun.com,10
YKd67JzeaP,i1nfo,,blog.i1nfo.com,10
Ywv47JNoPa,iBug,,ibug.io,10
Jndk1EAo3V,ice@yaya,,blog.yaya.pm,10
BwdGEQ6oPx,idinr,,idinr.com,10
DgeyN9woZq,InfinitySpace | 澜璒的自留地,,blog.langdon.one,10
aEdZxqNorO,Inoki in the world,,blog.inoki.cc,10
DOvnxNVeEB,ISheep,,isheep.xlog.app,10
qndgB1pvLl,Jacky Tong,,jackytong.com,10
b0vmplJoB1,Jaksay,,jaksay.com,10
Q0orDp5d8B,Janz Blog,,blog.zdawn.net,10
proPLBloq6,Jayden,,xxu.do,10
3QeL0pGe7k,Jefferywang的烂笔头,,blog.wangjunfeng.com,10
4KvxRE0ekx,Jsun Dot LOL,,jsun.lol,10
pQvNOXpdNE,JungleyNet,,jungley.net,10
7GdaPgXvQy,Just for Life.,,muyuuuu.github.io,10
4qv97ameaK,Karing,,karing.app,10
4MdA7LloxD,Karuboniru's Blog,,yanqiyu.info,10
BwdGE06oPx,kekxv 技术博客,,kekxv.github.io,10
2me379Eewj,Kerry的学习笔记,,kerrynotes.com,10
3adqNZLeng,Kevin Huang 的小站,,kevinh.wang,10
DgeyNgwoZq,KevinZonda's Blog,,blog.kevinzonda.com,10
2KeD7GrdNP,khh.log,,nekohuan.cyou,10
wkvl2Bpez1,KirimaSharo's Blog  |  Syaro最可爱了,,kirimasharo.com,10
DOvnx3VeEB,Kiyan Yang,,blog.dotvast.cc,10
47o87RqeMm,Kohaku的实验室,,kohaku.icu,10
aqeE35xv9R,Krypton's Blog,,blog.2333332.xyz,10
b0vmpYJoB1,Kurococ Liu,,blog.lkurococ.top,10
Q0orDr5d8B,kxxt,,kxxt.dev,10
nBe02xbv37,Kyle's Blog,,kyle.ai,10
3QeL0MGe7k,Lan Tian @ Blog,,lantian.pub,10
Q0orDO0d8B,LGiki's Blog,,lgiki.net,10
WmoOz2De4E,Light Cube,,github.red,10
anopNm9dlZ,LovelyWei's 废纸篓,,hex.moe,10
yjvQX84obg,Luminous' Home,,luotianyi.vc,10
Ywv47ARoPa,Lzy's Life,,lzy20021010.top,10
Jndk1MVo3V,maemo的风船,,maemo.cc,10
4qv97BqeaK,Magren,,magren.cc,10
VaobOMBvAj,Manjusaka,,manjusaka.blog,10
2me37Rbewj,Martian Computing Research | 火星计算研究所,,stormraiser.me,10
3adqNjmeng,MatrixCore,,matrixcore.top,10
DgeyN5poZq,Max's Zone,,blog.maxxsoft.net,10
2KeD7m5dNP,MBRjun-Blog,,mbrjun.cn,10
aEdZxLOorO,mcfx's blog,,mcfx.us,10
wkvl2Ngez1,Meditation | RSS Feed,,raptazure.github.io,10
5PdMP3avmg,MeteorCollector's Electric Wasteland,,meteorcollector.github.io,10
aqeE3Qjv9R,Micah Lerner,,micahlerner.com,10
Q0orD70d8B,MINIRPLUS,,blog.minirplus.com,10
proPLqOoq6,MlgmXyysd's Cat Nest,,neko.ink,10
YqoX2MKdOD,Moe23333,,moe23333.vercel.app,10
1Vd5Awad85,Monster Cone,,blog.dongxin.co,10
0MdKrOJvw1,MoyuqLのBlog,,blog.moyuql.top,10
12owZEJeNV,Mr. Will,,blog.mrwillcom.com,10
ARe1p5pd7n,MR158's Blog,,mr158.cn,10
anopN89dlZ,Mumulhl's Blog,,mumulhl.eu.org,10
ENeYpJwdY4,Naive Koala,,xalaok.top,10
YKd67LweaP,No Headback,,xargin.com,10
Jndk15Vo3V,NotionNext BLOG,,luxinfeng.top,10
4MdA7ANoxD,Nova Kwok's Awesome Blog,,nova.moe,10
VaobOpBvAj,Noxxxx,,noxxxx.com,10
DgeyNmpoZq,OMO萌,,omo.moe,10
aEdZxROorO,Palfans's BLOG,,palfans.net,10
wkvl2bgez1,Parsifal's Blog,,blog.cloudti.de,10
b0vmpWWoB1,Pig Fang,,blog.gplane.win,10
m4ejwlyoxE,piglei's blog,,piglei.com,10
Q0orDb0d8B,PJ568的博客,,pj568.eu.org,10
x9ozbZYoXb,PoM's,,pomeye.art,10
3QeL01Je7k,Posts EmacsTalk,,emacstalk.github.io,10
1Vd5Agad85,Posts on Olist.213,,olist213.github.io,10
qndgBDZvLl,PPD's blog,,ppd0705.github.io,10
b0vmpWLoB1,Project RC,,stdrc.cc,10
m4ejwlgoxE,qinxs小站,,7bxing.com,10
Q0orDbDd8B,Rachel's Blog | Rachel030219,,blog.rachelt.one,10
nBe028Dv37,RawChen · Blog,,rawchen.com,10
WmoOzVbe4E,Re:Linked,,blog.outv.im,10
1Vd5AgWd85,Restent's Notebook,,blog.gxres.net,10
3moB8xydN5,Revincx的小破站,,blog.revincx.icu,10
0MdKrG5vw1,RGB 3S博客,,ixxin.cn,10
1VdJj80dLQ,Rhuen on Rivendell,,rhuen.netlify.app,10
anopNZEdlZ,Rocka's Blog,,rocka.me,10
4KvxRpPekx,ROIFE BLOG,,roife.github.io,10
yjvQXanobg,RSS feed of cutepig123's gitblog,,github.com,10
7GdaPj7vQy,RSS feed of jaydong2016's gitblog,,github.com,10
KGoR5Yxel6,RSS feed of yihong0618's gitblog,,github.com,10
Ywv47EpoPa,Ryan Wang's Blog,,ryanc.cc,10
RrvW1Gke5z,RyujoPad's Blog,,blog.higuchi.xyz,10
4MdA75LoxD,SaraKale's blog,,sarakale.top,10
VaobO2MvAj,SaroProck ⚡,,saroprock.com,10
2me37Qkewj,SeeFlowerX,,blog.seeflower.dev,10
2KeD7xXdNP,ShawnZhou的小站,,shawnzhou.world,10
aEdZxQ8orO,SheepChef Blog,,shef.cc,10
wkvl2q4ez1,Shellblock,,blog.saky.site,10
6YoVwZKvZa,Shimoko,,shimoko.com,10
5PdMPRlvmg,Shuibaco • 水八口,,shuiba.co,10
qndgBaZvLl,Simon's Blog,,song.al,10
b0vmpKLoB1,Situ Note,,situ2001.com,10
Q0orDyDd8B,SkqLiao's Blog,,skqliao.github.io,10
x9ozbPMoXb,SkyWrite,,write.skywt.cn,10
3QeL0REe7k,slince Blog,,slince-zero.github.io,10
0MdKrD5vw1,ssr's blog,,leanhe.dev,10
8Rv2xpKeLw,Studying Father's blog,,studyingfather.com,10
anopNAEdlZ,SuemorのBlog,,suemor.com,10
4KvxRrPekx,SuikaXhq's Homepage 西瓜的轨迹,,suikaxhq.top,10
yjvQXwnobg,Sun's Blog,,6700.cc,10
KGoR5Vxel6,SYS 棚户区,,syshut.com,10
MZd778ldrO,Sîn ê Blog 辰的部落格,,blog.krvpb024.dev,10
YKd67pKeaP,TAHOLAB,,taholab.com,10
RrvW1Dke5z,taoky’s blog,,blog.taoky.moe,10
wkvl2D4ez1,Tifa's Blog,,blog.tifa-233.com,10
6YoVwDKvZa,Time Flying,,muyunyun.cn,10
DOvnxgDeEB,Ting Chieh's Blog,,blog.aisaka.cc,10
47o87pLeMm,TL;DR,,mazzzystar.github.io,10
5PdMPQlvmg,TomBen’s Blog,,blog.retompi.com,10
aqeE3DMv9R,Tonm's Blog,,owo-bo.cn,10
x9ozb6MoXb,Type boom,,typeboom.com,10
3QeL0QEe7k,U.M.R Powered Blog,,umrpowered.codeberg.page,10
YqoX2D4dOD,Ulysses’ trip,,ulysseszh.github.io,10
aqeE3Dlv9R,Untitled Spot_未命名小站,,untitled.pw,10
qndgBNXvLl,Ursa Major,,elfile4138.moe,10
Q0orD02d8B,vcfe's Blog,,vcfe.github.io,10
nBe02Z5v37,Verne in GitHub,,blog.einverne.info,10
proPLQmoq6,Vian,,vian.top,10
3QeL0QWe7k,Vigorous Pro,,wevg.org,10
1Vd5AXMd85,Vincent's Notes,,missuo.me,10
0MdKrMpvw1,walterlv,,blog.walterlv.com,10
1VdJjNGdLQ,Wandai Blog,,twd2.me,10
12owZLaeNV,Wangjianshuo's Blog,,home.wangjianshuo.com,10
ARe1pr8d7n,Water Space,,waterwater.moe,10
pQvNOVAdNE,Wenbin's blog,,zzzwb.com,10
7GdaPl2vQy,Wilson's blog,,wilsonxia.cn,10
KGoR5gQel6,Windsky博客 | 晔's blog,,okace.cn,10
MZd77ggdrO,winegrower,,winegrower.cn,10
YKd67EgeaP,Wokron's Blog,,wokron.github.io,10
RrvW1Ple5z,Woshiluo's Notebook,,blog.woshiluo.com,10
Jndk1y7o3V,wu-kan,,wu-kan.cn,10
4qv97jXeaK,wututu-blog,,blog.wututu.cn,10
4MdA7QZoxD,wys.me,,wys.me,10
VaobO7PvAj,Wú Yǚ Bo Kè,,wuyuboke.com,10
BwdGEwXoPx,XAOXUU,,xaoxuu.com,10
2me37P0ewj,x Homology's RSS Feed,,giuem.com,10
DgeyNJNoZq,Xiaowen.Z Deployed,,xiaowenz.com,10
2KeD7XDdNP,ximu,,xlog.timero.xyz,10
6YoVw0BvZa,xsxun,,xsxun.github.io,10
DOvnx1LeEB,xtex's Blog,,blog.xtexx.eu.org,10
aqeE3Alv9R,xzOS,,xzos.net,10
b0vmpkXoB1,yearliny,,yearliny.com,10
nBe02j5v37,Yiming Chen,,yiming.dev,10
proPLZmoq6,Yindongliang,,yindongliang.com,10
3QeL0AWe7k,YoungForest's blog,,youngforest.github.io,10
YqoX2OndOD,Yuanji's Blog,,blog.yuanji.dev,10
1VdJjAGdLQ,Yulin Lewis' Blog,,lewky.cn,10
ARe1pP8d7n,yyhhyy's blog,,iyyh.net,10
8Rv2xO1eLw,Yzk博客,,yzkos.com,10
anopNR0dlZ,Y先生的火箭屋,,pyy52hz.cn,10
4KvxROEekx,Zar_SY | 小屋,,daftneko.com,10
7GdaP92vQy,ZeroDream,,lo-li.cn,10
KGoR5LQel6,zhang0peter-记录生活,,last2win.com,10
nBe0205v37,七夜 の Blog,,blog.liqiye.com,10
m4ejwDVoxE,丝诺博了个客,,zhangxue.name,10
2KeD71AdNP,公子府,,gongzi.org,10
1Vd5AQGd85,卖女孩的小火柴的博客,,shinenet.cn,10
KGoR5N5el6,后宫学长,,haremu.com,10
MZd77kDdrO,后端技术杂谈,,rowkey.cn,10
2KeD7VAdNP,咖啡冰河,,blog.mysto.cyou,10
b0vmpQ6oB1,四公子的剑,,965.one,10
nBe02BBv37,天行者YANG Blog,,skywalkerai.com,10
4KvxR81ekx,字节星球,,bytecho.net,10
ENeYpa3dY4,孙老四,,lao.si,10
KGoR5J2el6,守望轩,,watch-life.net,10
DOvnx6peEB,小游网,,xiaoyou66.com,10
3QeL0gwe7k,少年行,,miraclezhb.com,10
3QeL0lwe7k,怠惰のコエ - imba久期 BLOG,,imba97.cn,10
m4ejwrpoxE,我的小米粥分你一半,,corvo.myseu.cn,10
Q0orDBnd8B,我道1900的博客,,1900.live,10
Ywv47VBoPa,易姐的博客,,shakaianee.top,10
47o879XeMm,有闲,,xn--7ct.xyz,10
BwdGEXwoPx,椒盐小土豆,,littlepotato.me,10
DgeyN37oZq,樽前小筑,,blog.yefoenix.ws,10
Q0orD3nd8B,江程训CensuJiang,,censujiang.com,10
1Vd5AOYd85,米亚の鱼,,blog.miacraft.cn,10
MZd77NPdrO,老麦笔记,,iamlm.com,10
5PdMPXpvmg,蓝小柠的博客,,bleshi.com,10
WmoOzBOe4E,蜗窝科技,,wowotech.net,10
1Vd5AAKd85,贤民的博客,,xianmin.org,10
2KeD77YdNP,阿锋的小宇宙,,feng.pub,10
47o877weMm,陶小桃Blog,,52txr.cn,10
4Kvxy5wdkx,Meme Agora,,nealford.com,10
Ywv43JWoPa,Internet Hall of Fame,,internethalloffame.org,10
Q0or3rOv8B,UltrabookReview,,ultrabookreview.com,10
x9oz3WKvXb,MT论坛,求助问答,bbs.binmt.cc,4
ENeYW8ZvY4,nickChenyx,,nickchenyx.github.io,10
KGoRWLZvl6,关于高手的最新评论,,book.douban.com,10
m4ejZqyexE,SpaceTime Blog,,blog.spacetimee.xyz,10
RrvWANQe5z,Diana厨 的 bilibili 空间,,space.bilibili.com,10
1Vd5ZQae85,W3C,,w3.org,10
12owDbJvNV,Bits of Freedom,,bitsoffreedom.nl,10
ARe13Zpv7n,RIPE,,labs.ripe.net,10
8Rv2n9DvLw,linux.com/feeds/rss,,linux.com,10
RrvWAlQe5z,智慧云,,wisdomcloud.cc,10
VaobZLMoAj,昆虫RNAi效率,,pubmed.ncbi.nlm.nih.gov,10
Q0or3BDv8B,199IT,用户研究,199it.com,2
proPW86eq6,凤凰天使TSKS韩剧社官方账号 的 bilibili 空间,,space.bilibili.com,10
WmoOWlbo4E,WINNER_BAR 的 bilibili 空间,,space.bilibili.com,10
x9oz30MvXb,姜昇润吧 的 bilibili 空间,,space.bilibili.com,10
3QeLwlEd7k,兔兔比幼稚园 的 bilibili 空间,,space.bilibili.com,10
YqoXWg4eOD,BTOBHK-香港後援會 的 bilibili 空间,,space.bilibili.com,10
2KeDMMDoNP,Wulu's Blog,,wulu.zone,10
aqeEzzlo9R,Measure Zero,,shiina18.github.io,10
proPWWmeq6,Peacalm Notes - 双全的网站,,lishuangquan.cn,10
WmoOWWEo4E,icodex - 个人网站,,icodex.me,10
x9oz33DvXb,shrik3,,shrik3.com,10
qndgZZ0vLl,Rei's Blog,,rei.ac,10
m4ejZZVexE,Cubik的小站,,blog.cubik65536.top,10
Q0or3JZv8B,Peijie's Wiki,,liupj.top,10
WmoOWyxo4E,QAIU's Blog,,blog.qaiu.top,10
3moB0lJdN5,EINDEX's Blog,,eindex.me,10
1VdJKkgeLQ,远飞闲记,,leonhe.cn,10
ARe13jZv7n,Starfury,,starfury.tech,10
anop3ByelZ,TimochanのBlog,,timochan.cn,10
Ywv43PXoPa,ImCaO's Blog,,imcao.cn,10
4qv9V5PdaK,Cysime Moflu,,blog.cysi.me,10
BwdGXkOePx,Bright LGM's Blog,,brightliao.com,10
2me330Bewj,文轩的Blog,,allanware.github.io,10
wkvlZzkez1,MEXC Global,Latest News,support.mexc.com,10
proPWKBeq6,Raz1ner,,dev-coco.github.io,10
yjvQWJkebg,geekhack,最新,geekhack.org,4
MZd73NDdrO,Recent Commits to awesome-lowcode:master,,github.com,10
JndkZmPv3V,DAVID'S BLOG,,blog.davidweng.tk,10
4qv9VNPdaK,Ethan's Blog,,ethan.js.cool,10
4MdAr3GexD,jinji's Blog,,jinjipang.com,10
x9oz3bnvXb,Project Gutenberg,Recently Posted or Updated,gutenberg.org,10
4qv9V7ndaK,顽主杯实盘大赛 的雪球全部动态,,xueqiu.com,10
aEdZWAqerO,The LaTeX Project,,latex-project.org,10
m4ejZAqexE,⭐️齐下无贰⭐️,,weidows.github.io,10
3QeLw9wd7k,恋爱问题互助会 - 即刻圈子,,okjike.com,10
ENeYWA3vY4,MalGamy,,malgamy.github.io,10
4MdArl5exD,子恒的博客,,chestnutheng.cn,10
3adqqlydng,Jim Luo's blog,,jimmieluo.com,10
6YoVWb7vZa,AlbertAz's Blog,,albertaz.com,10
47o83JXeMm,雪猫社,,yukicat.net,10
qndgZwlvLl,道轲,,dorck.cn,10
4qv9V40daK,Clips Nation,All Posts,clipsnation.com,3
Dgey3n7vZq,栋哥的赛博空间,,liuyandong.com,10
WmoOW0Oo4E,宜宾电视台,热点新闻,ybtv.cc,9
0MdKJ6avw1,PyPI recent updates for polars,,pypi.org,10
ENeYWKDvY4,Maxiee Blog,,maxieewong.com,10
7GdaZNkeQy,水木社区,水木特快,newsmth.net,4
3QeLwExd7k,matsuri's neverland,,matsuri.site,10
1Vd5Z6Ye85,你是下雨天,,glooow1024.github.io,10
3moB0wzdN5,时间的朋友,,blog.storycn.cn,10
12owD8BvNV,ocero的博客,,oceroblogentry.metalstudio.top,10
8Rv2n7BvLw,Finisky Garden,,finisky.github.io,10
anop3qZelZ,Qiuyuair的自留地,,qiuyuair.com,10
MZd73rPdrO,cserwen,,blog.cserwen.com,10
4qv9VP5daK,荒唐言,,ov0vo.cn,10
x9oz3p6vXb,山楂片的博客,,szp15.com,10
1Vd5ZWKe85,杰哥的小笔记,,jia.je,10
0MdKJW2vw1,宋浩志的博客,,songhaozhi.com,10
1VdJKWZeLQ,ScienceDirect Publication: English for Specific Purposes,,sciencedirect.com,10
12owDwmvNV,ScienceDirect Publication: Journal of English for Academic Purpo,,sciencedirect.com,10
ARe13V2v7n,ScienceDirect Publication: Journal of Pragmatics,,sciencedirect.com,10
YKd63WjeaP,Color Band A1 APKs - APKMirror,,apkmirror.com,10
Ywv43WWoPa,哈顿博客,,blog.moohadun.com,10
12owDKmvNV,贤者时间,,xiaoyuzhoufm.com,10
qndgZrWvLl,Luke's Webpage,,lukesmith.xyz,10
proPW5keq6,布鲁斯鱼的奇思乱想,,emergencyexit.xyz,10
3QeLwO9d7k,Mereith's Blog,,mereith.com,10
8Rv2n5wvLw,小赵博客 - XiaoZhao233,,blog.xiaozhao233.top,10
4KvxyN9dkx,智伤帝,,blog.l0v0.com,10
pQvNyLzoNE,YuZhangWang的领域,,yuzhang.wang,10
yjvQWBjebg,静风说,,jfsay.com,10
MZd731OdrO,TrumanDu 博客,,blog.trumandu.top,10
Ywv43KxoPa,HUOYIJIE's WEB开发笔记,,huoyijie.cn,10
RrvWApRe5z,Spaceack's Blog,,spaceack.com,10
JndkZzLv3V,易良同学的博客,,yiliang.site,10
4MdAr6gexD,Yubolun 博客,,yubolun.com,10
VaobZzGoAj,BlackHole's Blog,,blackholemax.github.io,10
BwdGXBjePx,Mephisto's blog,,mephisto.cc,10
aEdZWEXerO,YuxiangWang_0525的博客,,blog.yuxiangwang0525.com,10
6YoVW4DvZa,EAimTY 的博客,,eaimty.com,10
47o83WjeMm,619's blog,,66619.eu.org,10
aqeEzXVo9R,Hubert's Blog,,trle5.xyz,10
m4ejZ1rexE,吐司面包,,toast.pub,10
Q0or3RPv8B,vegetable1024的博客,,oi-liu.com,10
3moB0O1dN5,Mathor's Blog,,wmathor.com,10
ARe13N6v7n,东方星痕,,ystyle.top,10
anop3QkelZ,Mythsman,,blog.mythsman.com,10
6YoVW1wvZa,膨胀的面包,,blog.wangtwothree.com,10
WmoOWLko4E,Jeremy's Programming Blog,,jeremymorgan.com,10
3QeLw8Gd7k,程序员翔仔,,fatedeity.cn,10
3moB0qEdN5,王佳冬中文博客,,wjd.name,10
anop3ERelZ,The Daily WTF,,thedailywtf.com,10
pQvNyEpoNE,A List Apart,,alistapart.com,10
yjvQWjPebg,Salesforce Engineering Blog,,engineering.salesforce.com,10
7GdaZxXeQy,Sentry Blog RSS,,blog.sentry.io,10
KGoRWrZvl6,Scott Berkun,,scottberkun.com,10
MZd73q3drO,OpenResty 官方博客,,blog.openresty.com.cn,10
RrvWAL1e5z,Tags from neovim,,github.com,10
4qv9VqmdaK,睡前消息的知乎动态,,zhihu.com,10
4MdArqlexD,阿虚同学的知乎回答,,zhihu.com,10
3adqqgLdng,Kent C. Dodds Blog,,kentcdodds.com,10
2KeDMlroNP,Jeff Geerling's Blog,,jeffgeerling.com,10
aEdZWBNerO,8th Light Insights,,8thlight.com,10
proPWmleq6,Clark's 尧望 Blog,,dongyao.ren,10
WmoOWgko4E,/home/rook1e,,rook1e.com,10
3QeLwbGd7k,从百草园到三味书屋,,youngforever.tech,10
YqoXWLzeOD,Long Luo's Life Notes,,longluo.me,10
0MdKJAOvw1,Magren's Blog,,magren.me,10
4KvxyP0dkx,宁鑫的个人博客,,n-xin.com,10
m4ejZYyexE,Fathy Boundjadj,,fathy.fr,10
1Vd5Zjae85,小余余888 的雪球全部动态,,xueqiu.com,10
3moB01PdN5,吉林建筑大学,通知公告,jlju.edu.cn,8
YKd63rweaP,北京印刷学院研究生院,2023年招生,bigc.edu.cn,8
RrvWAMQe5z,Google Search Central Blog,,developers.google.com,10
5PdM1nadmg,河北省人民政府,人事任免,hebei.gov.cn,9
aqeEznjo9R,河北省人民政府,政策,info.hebei.gov.cn,9
4qv9VRbdaK,深圳市人大常委会,常委会公告,szrd.gov.cn,9
VaobZ6MoAj,深圳市人大常委会,决议决定,szrd.gov.cn,9
6YoVWaKvZa,seanyang_的博客,,blog.csdn.net,10
YqoXW7neOD,沈阳网,辽宁新闻,news.syd.com.cn,1
0MdKJBpvw1,长春新闻网,新闻,changchunews.com,1
0MdKJN8vw1,Private Feed for adongguo,,github.com,10
4Kvxy7jdkx,钦州360网,最新热门,bbs.qinzhou360.com,4
proPkMBeq6,The Solitorian,,atreides.one,10
Vaob1G3eAj,王小七Fire 的 bilibili 空间,,space.bilibili.com,10
2KeD9aAoNP,音乐私藏馆 的 bilibili 空间,,space.bilibili.com,10
aEdZMPBvrO,三代鹿人 的 bilibili 空间,,space.bilibili.com,10
6YoVrGMoZa,柿子船,,shizichuan.com,10
Q0orJQZo8B,Nature Energy,,feeds.nature.com,10
YqoXPQqoOD,YuC's AnimeList,,yuc.wiki,10
pQvNkBJdNE,Anthony Fu,,antfu.me,10
YKd6z9ndaP,Stage1st,卓明谷,bbs.saraba1st.com,4
DOvnXNpeEB,Dennis Yurichev's blog,,yurichev.org,10
ENeYO03vY4,老蒋不一定靠谱的即刻动态,,okjike.com,10
pQvNkGJdNE,-LKs- 的 bilibili 空间,,space.bilibili.com,10
yjvQkDBebg,峰哥亡命天涯 的 bilibili 空间,,space.bilibili.com,10
7GdawbOoQy,润润润宝贝的微博,,weibo.com,10
KGoRER2el6,南海谢雁的微博,,weibo.com,10
Q0orJrYo8B,知乎,爱情讨论,zhihu.com,10
2KeD9QPoNP,shot peening,,pubmed.ncbi.nlm.nih.gov,10
ARe1jwno7n,吉林省人民政府,政府信息公开,xxgk.jl.gov.cn,9
anopBZZdlZ,吉林省人民政府,吉林省人民政府公报,jl.gov.cn,9
JndkOlZd3V,浙江省人大常委会,监察委,zjrd.gov.cn,9
3adqK2long,浙江省人民政府,领导信息,zj.gov.cn,9
6YoVrR3oZa,安徽省人民政府,人事信息,ah.gov.cn,9
47o8Xr2oMm,安徽省人民政府,政府领导,ah.gov.cn,9
nBe0m8Eo37,福建省人民政府,政府领导,fujian.gov.cn,9
2KeD9x6oNP,海南省人大常委会,人事任免,hainanpc.net,9
aEdZMQVvrO,海南省人大常委会,地方法规,hainanpc.net,9
wkvlzqrez1,海南省人大常委会,新法速递,hainanpc.net,9
anopBjBdlZ,甘肃省人民政府,人事任免,gansu.gov.cn,9
YqoXP88oOD,宁夏回族自治区纪委监委,审查调查,nxjjjc.gov.cn,9
3moBlR9dN5,中华人民共和国商务部,部领导,mofcom.gov.cn,9
RrvW0NRd5z,中华人民共和国审计署,领导之窗,audit.gov.cn,9
proPkxkeq6,石家庄市纪委监委,监督曝光,sjzs.hebcdi.gov.cn,9
WmoOyKBd4E,石家庄市纪委监委,领导机构,sjzs.hebcdi.gov.cn,9
1Vd5OQ5o85,秦皇岛市纪委监委,审查调查,qhds.hebcdi.gov.cn,9
aqeEkV4v9R,秦皇岛市纪委监委,党纪政务处分,qhds.hebcdi.gov.cn,9
qndgjQmvLl,秦皇岛市纪委监委,领导机构,qhds.hebcdi.gov.cn,9
nBe0m9Ko37,邢台市纪委监委,审查调查,xts.hebcdi.gov.cn,9
proPkx5eq6,邢台市纪委监委,党纪政务处分,xts.hebcdi.gov.cn,9
WmoOyKYd4E,邢台市纪委监委,监督曝光,xts.hebcdi.gov.cn,9
x9ozrY7oXb,邢台市纪委监委,领导机构,xts.hebcdi.gov.cn,9
1Vd5OQLo85,保定市纪委监委,领导机构,bds.hebcdi.gov.cn,9
3moBlV1dN5,张家口市纪委监委,审查调查,zjks.hebcdi.gov.cn,9
0MdKkK4dw1,张家口市纪委监委,审查调查党纪政务处分,zjks.hebcdi.gov.cn,9
1VdJkVneLQ,张家口市纪委监委,领导机构,zjks.hebcdi.gov.cn,9
12owgbzoNV,承德市纪委监委,审查调查,cdjjjc.gov.cn,9
ARe1jZ6o7n,承德市纪委监委,通报曝光,cdjjjc.gov.cn,9
8Rv2r93vLw,承德市纪委监委,领导机构,cds.hebcdi.gov.cn,9
4KvxmY7dkx,沧州市纪委监委,领导机构,czs.hebcdi.gov.cn,9
yjvQkxDebg,廊坊市纪委监委,领导机构,lfs.hebcdi.gov.cn,9
7GdawRgoQy,衡水市纪委监委,审查调查,110.249.184.166,9
KGoREJ1el6,衡水市纪委监委,党纪政务处分,110.249.184.166,9
MZd7LPGerO,衡水市纪委监委,领导机构,110.249.184.166,9
5PdMDVbvmg,晋城市纪委监委,审查调查,jcmj.gov.cn,9
aqeEkO4v9R,晋城市纪委监委,监督曝光,jcmj.gov.cn,9
m4ejP7mvxE,运城市纪委监委,审查调查,ycsjjw.gov.cn,9
Q0orJqzo8B,运城市纪委监委,党纪政务处分,ycsjjw.gov.cn,9
3QeLkJPd7k,双鸭山市纪委监委,审查调查,sysjwjw.gov.cn,9
YqoXPbXoOD,双鸭山市纪委监委,监督曝光,sysjwjw.gov.cn,9
4Kvxm87dkx,牡丹江市纪委监委,审查调查,mdjsjw.mdj.gov.cn,9
ENeYOEqvY4,牡丹江市纪委监委,监督曝光,mdjsjw.mdj.gov.cn,9
7GdawzgoQy,绥化市纪委监委,审查调查,shjjjcw.gov.cn,9
KGoREO1el6,绥化市纪委监委,监督曝光,shjjjcw.gov.cn,9
MZd7LzGerO,大兴安岭地区纪委监委,审查调查,dxaljwjw.gov.cn,9
YKd6zOmdaP,大兴安岭地区纪委监委,监督曝光,dxaljwjw.gov.cn,9
47o8XLgoMm,News in Proteomics Research,,proteomicsnews.blogspot.com,10
3QeLkgPd7k,Download 2D Unlock APKs for Android - APKMirror,,apkmirror.com,10
1Vd5OPLo85,Gitlab Inc. News Releases,,ir.gitlab.com,10
aqeEk2xv9R,Gitlab Inc. SEC Filings,,ir.gitlab.com,10
qndgj4pvLl,Gitlab Inc. Events,,ir.gitlab.com,10
ARe1jWLo7n,聂辉华教授 的 bilibili 空间,,space.bilibili.com,10
pQvNklpdNE,天仙子,,tianxianzi.me,10
7Gdaw0XoQy,同花顺财经,公司资讯,stock.10jqka.com.cn,6
2KeD9zroNP,happy 的困难日记 on ~/hard.im,,hard.im,10
b0vmLgJoB1,730 RSS 新闻,,store.steampowered.com,10
qndgjZLvLl,blog-timeline,,github.com,10
3QeLkkJd7k,yihong0618's gitblog,,github.com,10
0MdKkkJdw1,eClinicalMedicine,,thelancet.com,10
1VdJkkkeLQ,The Lancet,,thelancet.com,10
12owggJoNV,The Lancet Child &amp; Adolescent Health,,thelancet.com,10
ARe1jjpo7n,The Lancet Diabetes &amp; Endocrinology,,thelancet.com,10
8Rv2rrDvLw,The Lancet Digital Health,,thelancet.com,10
anopBB9dlZ,The Lancet Gastroenterology &amp; Hepatology,,thelancet.com,10
4Kvxmmldkx,The Lancet Global Health,,thelancet.com,10
ENeYOOwvY4,The Lancet Haematology,,thelancet.com,10
pQvNkkmdNE,The Lancet Healthy Longevity,,thelancet.com,10
yjvQkk4ebg,The Lancet HIV,,thelancet.com,10
7GdawwYoQy,The Lancet Infectious Diseases,,thelancet.com,10
KGoREEDel6,The Lancet Microbe,,thelancet.com,10
MZd7LLYerO,The Lancet Neurology,,thelancet.com,10
YKd6zzwdaP,The Lancet Oncology,,thelancet.com,10
Ywv4PPRvPa,The Lancet Planetary Health,,thelancet.com,10
RrvW00Qd5z,The Lancet Psychiatry,,thelancet.com,10
JndkOOVd3V,The Lancet Public Health,,thelancet.com,10
4qv955qvaK,The Lancet Regional Health – Americas,,thelancet.com,10
4MdAkkNoxD,The Lancet Regional Health – Europe,,thelancet.com,10
DOvnXMyeEB,The Lancet Digital Health,,thelancet.com,10
0MdKkz5dw1,梦溪博客,,cyrilstudio.top,10
12owgJkoNV,Dejavu's Blog,,blog.dejavu.moe,10
8Rv2rNKvLw,iCooper,,icooper.cc,10
anopBOEdlZ,Max的技术札记,,immaxfang.com,10
ENeYOyjvY4,Suiko的自留地,,suiko.dev,10
yjvQkJnebg,世界观察日记,,fiftysixtimes7.github.io,10
MZd7LNlerO,时光的时光轴,,outti.me,10
2KeD97XoNP,嵌入式艺术,,dongni.work,10
proPkL6eq6,MiaoHN's Blog,,miaohn.github.io,10
WmoOyzbd4E,n0tr00t's blog,,n0tr00t.eu.org,10
3QeLk0Ed7k,PHP武器库,,phpreturn.com,10
YqoXP24oOD,浦明的博客,,puming.zone,10
8Rv2rxKvLw,Leo's blog,,leonis.cc,10
ENeYOpjvY4,子虚栈,,blog.si-on.top,10
yjvQkXnebg,Hsu Yeung 的博客,,hsuyeung.com,10
RrvW0Zkd5z,钟意博客,,blog.thatcoder.cn,10
m4ejPAgvxE,又耳笔记,,youerning.top,10
proPky6eq6,沙多多的奇思妙想,,fallen.wang,10
WmoOy9bd4E,土法炼钢兴趣小组的博客,,quant67.com,10
3QeLk9Ed7k,ネコのメモ帳,,n.ova.moe,10
aqeEk9lv9R,Kivinsae's Nest,,kivinsae.com,10
3QeLk9Wd7k,凌陨心,,laobiao.fun,10
12owgMaoNV,柒月是你的谎言,,huangdf.xyz,10
ENeYOVGvY4,良说,,xijingxu.blog,10
7Gdaw62oQy,无名小站,,waahah.xyz,10
Vaob1lPeAj,Oct.Cool,,oct.cool,10
BwdGk1XdPx,特立独行的异类,,demochen.com,10
2me30Z0owj,Ivan's blog,,ivanli.cc,10
5PdMD6Evmg,哈尔的城堡,,hallee.me,10
aqeEkJlv9R,X·myLog,,xmylog.com,10
qndgj9XvLl,白菜,,blog.baicai.me,10
m4ejP91vxE,Krysztal的书桌,,blog.krysztal.dev,10
Q0orJ92o8B,大小碗诗话,,christianpoet.github.io,10
WmoOy6Ed4E,十二的编程笔记,,blog.twelveeee.top,10
x9ozrADoXb,李寒的小窝,,lihan3238.github.io,10
1Vd5ObMo85,Abner的秘密基地,,cdt3211.top,10
12owg9aoNV,时空之歌,,space520.eu.org,10
anopBl0dlZ,by Upsangel,,upsangel.com,10
ENeYOgGvY4,秋澪Akimio,,blog.akimio.top,10
yjvQkbaebg,booop,,booop.net,10
YKd6zBgdaP,gorpeln的个人博客,,gorpeln.top,10
4qv95wXvaK,Ruter's Blog,,ruterly.com,10
4MdAklZoxD,小吴乐意’blog,,xiaowuleyi.com,10
3QeLk3Wd7k,TNT Mac Torrent,,tntmac.net,10
nBe0mVBo37,mobilewebweekly,智能手机信息周刊,mobilewebweekly.co,10
JndkOjQd3V,尚弟的小笔记,,blog.shrp.me,10
b0vmLMqoB1,Escape,,escapelife.site,10
BwdGkOwdPx,正念,,wp.wtrzl.xyz,10
b0vmL1qoB1,Java Blog in Chinese,,devblogs.microsoft.com,10
3QeLkBBd7k,AddyOsmani.com,,addyosmani.com,10
anopBx2dlZ,王克丹 的知乎文章,,zhihu.com,10
pQvNkJNdNE,小煮學姐 - YouTube,,youtube.com,10
yjvQk2Vebg,少数派用户「Soar_Freely」动态更新,,sspai.com,10
MZd7L1xerO,盛丰衍-西部利得基金的微博,,weibo.com,10
YKd6zwJdaP,就叫姜诚 的雪球全部动态,,xueqiu.com,10
JndkOz5d3V,训练有素的将军 的 bilibili 空间,,space.bilibili.com,10
BwdGkmwdPx,MovieTalk-影谭,,space.bilibili.com,10
2me30Bzowj,戴锦华讲电影,,space.bilibili.com,10
3adqKJyong,YouTube,音乐家的无聊人生,youtube.com,3
DgeyjQ7oZq,爱豌豆i,,space.bilibili.com,10
2KeD9kPoNP,Lunamos,,space.bilibili.com,10
aEdZMNgvrO,LunaticMosfet,,space.bilibili.com,10
Q0orJwno8B,李好帅步履不停,,space.bilibili.com,10
proPk54eq6,魏然老师聊拉美,,space.bilibili.com,10
m4ejPO4vxE,FourCore Blog,,fourcore.io,10
b0vmLxAoB1,中国科学技术大学新闻网,新闻博览,ustc.edu.cn,8
m4ejP14vxE,厦门大学,新闻纵横,xmu.edu.cn,8
Q0orJRWo8B,山大视点,山大要闻,sdu.edu.cn,8
x9ozrgxoXb,中南大学新闻网,综合新闻,csu.edu.cn,8
3QeLk2xd7k,中山大学,综合新闻,sysu.edu.cn,8
YqoXPk0oOD,华南理工大学新闻网,校园新闻,scut.edu.cn,8
0MdKkXadw1,电子科技大学,焦点新闻,uestc.edu.cn,8
12owgQBoNV,西安交通大学新闻网,主页新闻,xjtu.edu.cn,8
ARe1jlno7n,西北工业大学,综合新闻,nwpu.edu.cn,8
YqoXKb6eOD,THE ELEC,전체기사,thelec.net,2
BwdG2bXvPx,Core77,,core77.com,10
DgeyklNvZq,Conversion Lab,,conversionlab.co,10
WmoOrbEe4E,Mugendai（無限大）,,mugendai-web.jp,10
2KeDN8DvNP,约伊兹的萌狼乡手札,,blog.yoitsu.moe,10
aEdZg1kerO,郭霖的专栏,,blog.csdn.net,10
aqeE24lo9R,老罗的博客,,music4x.com,10
1Vd5P4Mv85,SamWanng,,samwanng.com,10
nBe0gazd37,杨肉的演讲台,,yangzhe1991.org,10
6YoV5AMeZa,Jedi's BLOG,,jedi.org,10
5PdMmKRdmg,張維中官方網站,,weizhongzhang.com,10
pQvNjLNvNE,Neven Mrgan's tumbl,,mrgan.tumblr.com,10
8Rv2jlBvLw,The Intercom Blog,,intercom.com,10
6YoV513eZa,WebAppers,,webappers.com,10
BwdG24gvPx,hanjie wang,,pubmed.ncbi.nlm.nih.gov,10
WmoOrMRe4E,人民日报的微博,,weibo.com,10
8Rv2jA3vLw,APKMirror,"Samsung Electronics Co., Ltd.",apkmirror.com,3
qndg4EmeLl,Recent Commits to the-book-of-secret-knowledge:master,,github.com,10
1Vd5PB8v85,Ťhinking Null,,awsl.blog,10
MZd7zJ3vrO,WEEX,最新文章,weexcn.com,6
YKd6OKzeaP,WEEX,市场要闻,weexcn.com,6
Ywv405NvPa,WEEX,投资学堂,weexcn.com,6
RrvWBr1o5z,WEEX,分析师投稿,weexcn.com,6
yjvQPG4obg,5050博客,,bbs5050.com,10
BwdGlQMePx,新浪科技科学探索,天文航空,tech.sina.com.cn,2
2me3Axkvwj,新浪科技科学探索,动物植物,tech.sina.com.cn,2
3adqMQxdng,新浪科技科学探索,自然地理,tech.sina.com.cn,2
Dgeyr9MoZq,新浪科技科学探索,历史考古,tech.sina.com.cn,2
2KeDZwXvNP,新浪科技科学探索,生命医学,tech.sina.com.cn,2
aEdZjq8drO,新浪科技科学探索,生活百科,tech.sina.com.cn,2
5PdMlNlvmg,阿尔塔在线,新闻资讯,alter-shanghai.cn,3
aqeEZaMo9R,哔哩哔哩,综合分区,bilibili.com,3
qndgg1ZdLl,哔哩哔哩,资讯分区,bilibili.com,3
b0vmOlLeB1,哔哩哔哩,国产剧分区,bilibili.com,3
m4ejrXgexE,哔哩哔哩,国产电影分区,bilibili.com,3
Q0orBpDo8B,哔哩哔哩,社会·美食·旅行分区,bilibili.com,3
nBe0WJDd37,哔哩哔哩,T台分区,bilibili.com,3
ENeYmGGeY4,豆瓣小组,今天穿什么,douban.com,4
pQvNl2AeNE,豆瓣小组,韩娱组,douban.com,4
anopX80olZ,TimeMachine Notes,,timemachine.icu,10
qndggD0dLl,fieldnotes,,anthropology.fivest.one,10
m4ejrlVexE,无辄的栈,,imwzk.com,10
yjvQlwkobg,珒陶,,chenjt.com,10
aqeEZRPo9R,NGA玩家社区,PC软硬件,bbs.nga.cn,4
qndgga0dLl,NGA玩家社区,炉石传说,bbs.nga.cn,4
b0vmOK6eB1,NGA玩家社区,消费电子 IT新闻,bbs.nga.cn,4
m4ejryVexE,旅法师营地,炉石传说,iyingdi.com,3
Q0orB0Zo8B,百度贴吧,WP7吧,tieba.baidu.com,4
nBe0WZzd37,百度贴吧,图拉丁吧,tieba.baidu.com,4
proP8QBoq6,百度贴吧,显卡吧,tieba.baidu.com,4
WmoOl8xv4E,虎扑社区,开拓者专区,bbs.hupu.com,4
x9oz06ndXb,虎扑社区,汽车区,bbs.hupu.com,4
qndggN8dLl,ABBS 论坛,建筑技术论坛,abbs.com.cn,4
aEdZjaVdrO,百度贴吧,反二次元吧,tieba.baidu.com,4
6YoVl53dZa,豆瓣小组,哈哈哈哈哈哈哈哈哈哈哈,douban.com,4
1Vd5aaKd85,豆瓣小组,奇奇怪怪的知识增加了,douban.com,4
3moBZZVoN5,豆瓣小组,社会性死亡,douban.com,4
0MdKll2ew1,豆瓣小组,笑死我了这弹幕,douban.com,4
1VdJllZoLQ,豆瓣小组,古怪问题研究中心,douban.com,4
12owmmmdNV,豆瓣小组,你在教我做事？,douban.com,4
ARe1WW2v7n,豆瓣小组,糊弄学,douban.com,4
ENeYmmpeY4,什么值得买,女装追踪,smzdm.com,5
Ywv4aaWdPa,豆瓣小组,生活组,douban.com,4
Jndk00Je3V,豆瓣小组,上班这件事,douban.com,4
Vaob55geAj,豆瓣小组,我们身边的极品,douban.com,4
BwdGllgePx,豆瓣小组,冷知识小组,douban.com,4
2me3AAnvwj,豆瓣小组,不知道如何回复,douban.com,4
3adqMM3dng,豆瓣小组,今天我没有生气,douban.com,4
aEdZjjndrO,豆瓣小组,豆瓣爽组,douban.com,4
wkvlPPyvz1,豆瓣小组,豆瓣秀组,douban.com,4
anopXrBolZ,致富论坛,最新发表,zhifuwz.com,4
wkvlPEyvz1,ChenYFanのBlog,,blog.cyfan.top,10
1Vd5aZKd85,hiDandelion's Space,,hidandelion.com,10
YqoXgj0eOD,豆瓣小组,今天我没有生气,douban.com,4
pQvNlnVeNE,豆瓣小组,村通网——网络黑话指南,douban.com,4
KGoRl8Ndl6,豆瓣小组,我又荒废了一天,douban.com,4
RrvWEn7e5z,豆瓣小组,我们什么都知道……一点儿,douban.com,4
4MdAZn3exD,豆瓣小组,掀起你的内幕来,douban.com,4
Vaob56OeAj,涪风论坛,我爱涪陵,bbs.fuling.com,4
DgeyrXnoZq,"Science期刊最新论文, 化学 • 材料, - X-MOL",,x-mol.com,10
7Gda0jYvQy,其乐 Keylol,购物心得,keylol.com,4
x9ozJPYoXb,豆瓣小组,萌探探探案,douban.com,4
anoprAEdlZ,豆瓣小组,豆瓣MEMERS,douban.com,4
8Rv2ZZmvLw,努力的Lorre 的 bilibili 空间,,space.bilibili.com,10
anoprr2dlZ,王树义老师 的 bilibili 空间,,space.bilibili.com,10
4KvxBBLekx,拾一Fay 的 bilibili 空间,,space.bilibili.com,10
ENeYkk6vY4,所长林超 的 bilibili 空间,,space.bilibili.com,10
7Gda00QvQy,王永豪的知乎回答,,zhihu.com,10
KGoRZWmol6,White的知乎回答,,zhihu.com,10
YKd6G3JeaP,TakySafu的知乎回答,,zhihu.com,10
JndkwZ5d3V,黄磊的知乎回答,,zhihu.com,10
4qv92V0daK,飞奔的马达的知乎回答,,zhihu.com,10
4MdA0r5vxD,Justin Lee的知乎回答,,zhihu.com,10
47o893XvMm,豆瓣小组,还真TM啥图都有,douban.com,4
5PdMM1Xdmg,豆瓣小组,人类超爱梗,douban.com,4
nBe0AyQo37,豆瓣小组,推辞学,douban.com,4
x9ozJ31oXb,豆瓣小组,矫情文字品鉴小组,douban.com,4
YqoXVWxdOD,豆瓣小组,社会性复活,douban.com,4
1Vd52Z7e85,豆瓣小组,说话欠考虑小组,douban.com,4
pQvN7yNdNE,豆瓣小组,小朋友你是否有很多问号❓❓❓,douban.com,4
yjvQ7WVebg,豆瓣小组,不要买 | 消费主义逆行者,douban.com,4
7Gda0ZQvQy,豆瓣小组,日常注重边界感小组,douban.com,4
Ywv4VPBePa,JIKE,Popular Topics,jike.info,4
BwdG5kwoPx,Sanzo's Blog,,sanzo.top,10
aqeEMkre9R,懒得勤快的博客,,ldqk.org,10
Q0orPJWd8B,豆瓣小组,用利息生活｜投资理财,douban.com,4
3QeL4kxe7k,阿航的技术小站,,bugcatt.com,10
VaobPyOdAj,Blogs on Maxime Cote | Personal Site,,maximecote.me,10
YqoXVy0dOD,百度贴吧,笔记本吧,tieba.baidu.com,4
3adq0Nlvng,辽宁人事考试网,考试通知,lnrsks.com,8
wkvlE3ydz1,水泥网,最新资讯,ccement.com,1
YqoXVE6dOD,Lss233's.Blog();,,blog.lss233.com,10
0MdKwb6dw1,f2h2h1's blog,,f2h2h1.github.io,10
1VdJJbadLQ,Fidel's Lab,,fidel.js.org,10
ENeYkwRvY4,临泉网,,lq0558.com,4
2me326xdwj,豆瓣小组,豆瓣流浪瓜农,douban.com,4
3adq0BZvng,豆瓣小组,豆瓣戏精小组,douban.com,4
12ow58zdNV,求是网,求是网评,qstheory.cn,1
8Rv2Z73vLw,红辣椒评论,社会纵议,hlj.rednet.cn,1
YqoXV3zdOD,知乎-部分网民因《扫黑风暴》超前点播收费而选择盗版，如何看待这种行为？,,zhihu.com,10
0MdKwyOdw1,Fortinet Firmware Updates,,support.fortinet.com,10
proP73leq6,什么值得买,如何玩转NAS,smzdm.com,5
1Vd52p8e85,最成都,成都交通,chengtu.com,4
aqeEM0xe9R,ipfans,,4async.com,10
m4ejJK3exE,吴润写字的地方,,wu.run,10
nBe0AKbo37,Aemon's Blog,,aemoncao.github.io,10
3QeL4OGe7k,御坂研究所,,nosuchfield.com,10
x9ozJaYoXb,MT论坛,最新发表,bbs.binmt.cc,4
aqeEMXje9R,联合国新闻,Top Stories,news.un.org,1
b0vmgBLeB1,czp's blog,,hiczp.com,10
m4ejJLgexE,iMaeGoo's Blog,,imaegoo.com,10
proP7w6eq6,沉舟侧畔 Blog,,springwood.me,10
aqeEMqMe9R,OC福音,,ocfuyin.org,10
nBe0AqDo37,叶开楗,,xn--qpru0x.cn,10
3QeL48Ee7k,贾跃华,,jiayuehua.com,10
m4ejJW1exE,DrPika's Blog,,blog.drpika.com,10
WmoO7gEo4E,White Space,,whites.space,10
12ow5OadNV,愆伏,,tortorse.com,10
4KvxBPEekx,BBing's Blog,,bbing.com.cn,10
Ywv4Vz9ePa,小蚋的知乎动态,,zhihu.com,10
12ow50adNV,Le comptoir du hardware,,comptoir-hardware.com,10
b0vmgaXeB1,ypingcn's blog,,blog.ypingcn.com,10
nBe0A35o37,ZhensJoke 飞云算,,blog.fyun.org,10
aqeEMxPe9R,素履独行,,blog.yuanpei.me,10
WmoO7Axo4E,Yuk的部落格,,blog.yuk7.com,10
3QeL4Wze7k,Dvel's Blog,,dvel.me,10
0MdKw48dw1,竹林里有冰的博客,,blog.zhullyb.top,10
anopr2ydlZ,赫尔米娜及其他,,hermine.in,10
4KvxBMjekx,点滴日记,,ddkjt.com,10
ENeYknkvY4,jtr109's Castle,,jtr109.com,10
47o89DDvMm,ShineKid,,shinekid.com,10
5PdMMn0dmg,An's Blog,,zincnode.com,10
b0vmgJ6eB1,烧饼博客,,u.sb,10
3QeL4rze7k,The Economist,The world this week,economist.com,1
1Vd52MGe85,The Economist,Bagehot’s notebook,economist.com,1
aqeEMyDe9R,The Economist,Letters,economist.com,1
b0vmgD2eB1,The Economist,Briefing,economist.com,1
m4ejJ3qexE,The Economist,Special report,economist.com,1
Q0orPjYd8B,The Economist,Britain,economist.com,1
nBe0AwBo37,The Economist,Europe,economist.com,1
proP7z0eq6,The Economist,United States,economist.com,1
WmoO7Olo4E,The Economist,The Americas,economist.com,1
x9ozJ5JoXb,The Economist,Middle East & Africa,economist.com,1
3QeL4rwe7k,The Economist,Asia,economist.com,1
YqoXV1PdOD,The Economist,China,economist.com,1
1Vd52MNe85,The Economist,International,economist.com,1
3moBPG8dN5,The Economist,Business,economist.com,1
0MdKwj9dw1,The Economist,Finance & economics,economist.com,1
1VdJJmMdLQ,The Economist,Science & technology,economist.com,1
12ow5zldNV,The Economist,Books & arts,economist.com,1
8Rv2Z2RvLw,The Economist,Obituary,economist.com,1
anoprgqdlZ,The Economist,Graphic detail,economist.com,1
4KvxBL1ekx,The Economist,Economic & financial indicators,economist.com,1
ENeYk23vY4,The Economist,The Economist explains,economist.com,1
pQvN7PJdNE,The Economist,Prospero,economist.com,1
yjvQ7LBebg,The Economist,Kaffeeklatsch,economist.com,1
7Gda07OvQy,The Economist,Gulliver,economist.com,1
KGoRZX2ol6,The Economist,Game theory,economist.com,1
MZd72QpvrO,The Economist,Free exchange,economist.com,1
YKd6GNneaP,The Economist,Erasmus,economist.com,1
Ywv4VxzePa,The Economist,Democracy in America,economist.com,1
RrvW7wgv5z,The Economist,Charlemagne’s notebook,economist.com,1
JndkwqQd3V,The Economist,Buttonwood’s notebook,economist.com,1
4qv92RndaK,The Economist,Bartleby,economist.com,1
WmoO71lo4E,Conseil Config,,conseil-config.com,10
ARe1267o7n,Les Numériques,,lesnumeriques.com,10
anoprMqdlZ,Notebookcheck.com: News RSS Feed,,notebookcheck.com,10
ENeYk63vY4,Puget Systems Articles,,pugetsystems.com,10
pQvN7wJdNE,PurePC.pl,,purepc.pl,10
yjvQ7pBebg,SweClockers,,sweclockers.com,10
MZd72bpvrO,Tweakers Reviews,,tweakers.net,10
ARe1xM8d7n,芒果很香,,blog.csdn.net,10
b0vmYVXvB1,MaskRay,,maskray.me,10
JndkakPo3V,Sina & Shahriar's Blog,,rayanfam.com,10
3adqZgaeng,tail -f /var/log/messages | grep,,vegardno.net,10
MZd7B0pvrO,crazyleen专栏,,blog.csdn.net,10
BwdG0NJePx,magictong的专栏,,blog.csdn.net,10
2me39gXvwj,main is usually a function,,mainisusuallyafunction.blogspot.com,10
Q0orrkYo8B,scoding.de,,scoding.de,10
YqoXljPoOD,The BAP Blog,,binaryanalysisplatform.github.io,10
0MdKVpavw1,雪球,,ximalaya.com,10
aqeEj5Vo9R,浏览迷,,liulanmi.com,10
8Rv26agvLw,colinzang 的 bilibili 空间,,space.bilibili.com,10
ENeYGmkvY4,草莓味的狸猫 的 bilibili 空间,,space.bilibili.com,10
pQvN2lyvNE,大王脚翔 的 bilibili 空间,,space.bilibili.com,10
7Gda1XydQy,晨阳爱吃肉 的 bilibili 空间,,space.bilibili.com,10
MZd7MaDorO,神威小哥哥环球旅行 的 bilibili 空间,,space.bilibili.com,10
YKd65abvaP,NianaGuerrero 的 bilibili 空间,,space.bilibili.com,10
Ywv4AaXdPa,嘻咦啊看 的 bilibili 空间,,space.bilibili.com,10
RrvWxEKd5z,Larshuang 的 bilibili 空间,,space.bilibili.com,10
JndkM0Po3V,宥桔桔 的 bilibili 空间,,space.bilibili.com,10
4qv9BZPdaK,瞎看什么 的 bilibili 空间,,space.bilibili.com,10
4MdAKZGoxD,fujiyira 的 bilibili 空间,,space.bilibili.com,10
BwdGDlOePx,小博ber 的 bilibili 空间,,space.bilibili.com,10
2KeDmZAoNP,我是哲别 的 bilibili 空间,,space.bilibili.com,10
3QeLM4zo7k,知乎专栏,大学生时间管理,zhuanlan.zhihu.com,2
MZd7M3porO,BIMBOX 的 bilibili 空间,,space.bilibili.com,10
ARe1nj7o7n,衫小寨,,qzhai.net,10
47o81krvMm,Topbook 的 bilibili 空间,,space.bilibili.com,10
47o81ZXvMm,经济笔记,,kaieconblog.wordpress.com,10
m4ej8ApvxE,冲浪普拉斯 的 bilibili 空间,,space.bilibili.com,10
YKd65bOvaP,穿墙书店,,macyoyo.cn,10
2me3RZZdwj,Monlor's Blog,,monlor.com,10
WmoO20Re4E,Vincent Bernat,,vincent.bernat.ch,10
anopmnBvlZ,Nature Podcast,,nature.com,2
BwdGD3gePx,people.kernel.org Reader,,people.kernel.org,10
2KeDm8YoNP,on many things randomly and in n,,anton.belodedenko.me,10
aqeEj6go9R,Phoenix's island,,blog.phoenixlzx.com,10
ARe1na2o7n,Mark Galea,,cloudmark.github.io,10
JndkMPJo3V,Sysdig,,sysdig.com,10
3adqjB3eng,The Monitor | Datadog,,datadoghq.com,10
aqeEjpgo9R,wenwst的专栏,,blog.csdn.net,10
b0vmbGldB1,exoscale syslog,,exoscale.com,10
YqoXN48dOD,柳清风的专栏,,blog.csdn.net,10
JndkMGLo3V,阿布相机手册 的 bilibili 空间,,space.bilibili.com,10
6YoVxNNdZa,GitHub File - guanguans/favorite,,github.com,10
m4ej8L3vxE,flyzy小站,,flyzy2005.com,10
ENeYG5wvY4,Greasy Fork,最新更新脚本,greasyfork.org,2
VaobMYBeAj,AigeStudio,,blog.csdn.net,10
6YoVxOGdZa,ASCE1885,,blog.csdn.net,10
47o81BQvMm,Beyond0525的专栏,,blog.csdn.net,10
aqeEj7jo9R,Coder-Pig的猪栏,,blog.csdn.net,10
proPVgOdq6,Hongyang,,blog.csdn.net,10
aqeEj7Mo9R,Loader's Blog,,blog.csdn.net,10
qndgORZdLl,Mobile Internet developer,,blog.csdn.net,10
pQvN239vNE,快乐de胖虎,,blog.csdn.net,10
wkvlNQ4ez1,百度贴吧,小屏手机吧,tieba.baidu.com,4
BwdGDaMePx,早安英文,,ximalaya.com,10
nBe0REDv37,每日环球展览 iMuseum,南京热门,art.icity.ly,1
WmoO2Abe4E,豆瓣同城,南京热门活动,douban.com,1
wkvlNKYez1,薄荷糖电影季,,lizhi.fm,10
47o8pqQoMm,好青年荼毒室-哲學部,,corrupttheyouth.net,10
Q0or0m0d8B,All Poetry,NEWESTewest,allpoetry.com,1
YqoXDX4oOD,姿势小王子,,zsxwz.com,10
47o8pBLoMm,The Dynalist Blog,,blog.dynalist.io,10
qndgN2XvLl,北京自考最新通知,,bjeea.cn,1
nBe0Z35v37,XYplorer Release Notes,,xyplorer.com,10
1Vd5XjMv85,小小球妈的博客,,blog.csdn.net,10
pQvNQ9AoNE,/r/netsec - Information Security,,reddit.com,4
0MdKM4pow1,亚太日报网,,cn.apdnews.com,1
qndgNz0vLl,共同网,新闻,china.kyodonews.net,1
b0vmEJ6vB1,财新网,社评 ‧ 观点频道,opinion.caixin.com,1
6YoVpyDdZa,我爱分享网,,zhanshaoyi.com,10
3QeLYL9o7k,Prepare For Change,,prepareforchange.net,10
BwdG7EjdPx,知识分子,深度,zhishifenzi.com,2
b0vm4pGoB1,Longform,,longform.org,10
ENeYNAqoY4,RoadbikeReview,,roadbikereview.com,10
pQvNY8BoNE,MTBR,,mtbr.com,10
b0vm43GoB1,指股网,金银汇评,zhiguf.com,6
m4ejqAmdxE,指股网,财经历史,zhiguf.com,6
Q0or4azd8B,指股网,图解财经,zhiguf.com,6
4Kvx0b7vkx,科学网,编辑部推荐,blog.sciencenet.cn,2
ENeYNwZoY4,The Whiskey Wash,,thewhiskeywash.com,10
pQvNYrpoNE,WhiskyNotes,,whiskynotes.be,10
yjvQYOPvbg,Whisky Advocate,,whiskyadvocate.com,10
7GdakaXoQy,The Whisky Exchange Whisky Blog,,blog.thewhiskyexchange.com,10
KGoRkzZvl6,Whiskyfun,,whiskyfun.com,10
MZd7wA3drO,The Whiskey Reviewer,,whiskeyreviewer.com,10
YKd684zoaP,The Whiskyphiles,,thewhiskyphiles.com,10
RrvWNK1o5z,/r/whiskey,,reddit.com,10
Jndk4nAe3V,Whiskey – Drinkhacker: The Insid,,drinkhacker.com,10
4qv984moaK,Meleklerin Payı,,meleklerinpayi.com,10
4MdA14ldxD,Blog – dekantā,,dekanta.com,10
BwdG736dPx,&amp; Viski,,veviski.com,10
2me3K4Eewj,whisky.buzz - Whisky Buzz,,whisky.buzz,10
3adqynLdng,Malt,,malt-review.com,10
2KeD18roNP,The Scotch Noob,,scotchnoob.com,10
wkvl4npvz1,WhiskeyBon,,whiskeybon.com,10
6YoVpBNdZa,Whisky Boys,,whiskyboys.com,10
DOvn8nVeEB,Whisk(e)y Apostle: Proselytizing,,whiskeyapostle.com,10
47o8K4qeMm,Adventures In Whiskey,,adventuresinwhiskey.com,10
5PdMZjGemg,BOURBON GUY,,bourbonguy.com,10
aqeE14xe9R,Words of Whisky,,wordsofwhisky.com,10
qndgknpdLl,Whisky For Everyone,,whiskyforeveryone.blogspot.com,10
b0vm4nJoB1,GreatDrams,,greatdrams.com,10
m4ejqn3dxE,Jason's Scotch Whisky Reviews,,jason-scotchreviews.blogspot.com,10
Q0or4n5d8B,Whisky Critic,,whiskycritic.com,10
nBe0M4bo37,Time for Whisky.com,,timeforwhisky.com,10
x9ozONKvXb,All Things Whisky,,allthingswhisky.com,10
3QeLYEGo7k,angelsportion,,angelsportion.com,10
YqoXGBzeOD,The Malt Impostor,,maltimpostor.com,10
1Vd5K68o85,whiskyfacile,,whiskyfacile.com,10
aqeE16je9R,It's just the booze dancing…,,boozedancing.com,10
qndgkmLdLl,Whisky Waffle,,whiskywaffle.com,10
Q0or4M0d8B,THE  CASKS,,thecasks.com,10
nBe0MQjo37,The Whisky Wire,,thewhiskywire.com,10
WmoODjDv4E,SWB | Somerset Whisky Blog,,somersetwhisky.com,10
x9ozONYvXb,Whisky Israel,,whiskyisrael.co.il,10
3QeLYEJo7k,Malt Fascination,,maltfascination.com,10
0MdKQ6Jow1,The Dramble,,thedramble.com,10
1VdJYDkvLQ,Whisky Reviews,,whiskyreviews.net,10
12owrpJeNV,Whisky Monster,,whiskymonster.com,10
ARe1Kapv7n,Jewmalt Whisky Reviews,,jewmalt.com,10
8Rv2GRDdLw,The Whisky Viking,,thewhiskyviking.blogspot.com,10
anopD59olZ,WHISKYFANBLOG.DE,,whiskyfanblog.de,10
4Kvx0xlvkx,Spokane Whiskey Club,,spokanewhiskeyclub.com,10
yjvQY04vbg,Dolcementewhisky,,dolcementewhisky.com,10
7GdakNYoQy,WhiskyDad,,whiskydadblog.blogspot.com,10
KGoRkPDvl6,Spirited Matters,,spiritedmatters.com,10
MZd7w6YdrO,Malted,,malted.blog,10
YKd68VwoaP,NOEL ON WHISKY,,noelonwhisky.blogspot.com,10
Ywv496RdPa,Angel's Share,,angelshare.it,10
RrvWN5Qo5z,Whiskey News & JONGO,,shopjongo.com,10
Jndk4PVe3V,Whisky-news,,whisky-news.com,10
4MdA19NdxD,BourbonBlog,,bourbonblog.com,10
Vaob9QBeAj,The Whisky Lady,,thewhiskylady.net,10
qndgkGLdLl,黑水公园,,ximalaya.com,10
ARe1KRpv7n,YouTube精选的微博,,weibo.com,1
ENeYN4woY4,YouTube全球精选的微博,,weibo.com,1
pQvNYMmoNE,YouTube视频 的 bilibili 空间,,space.bilibili.com,10
yjvQY44vbg,YouTube精选字幕组 的 bilibili 空间,,space.bilibili.com,10
Q0or4X0d8B,Ele实验室 的 bilibili 空间,,space.bilibili.com,10
YKd68WKoaP,Youtube,TED,youtube.com,2
4Kvx0NEvkx,数字尾巴,鲸图 - 精选,dgtle.com,3
1Vd5KlGo85,When Idiots Play Games,,youtube.com,3
2KeD1jAoNP,Gamker攻壳 的 bilibili 空间,,space.bilibili.com,10
aEdZl7BorO,森纳映画 的 bilibili 空间,,space.bilibili.com,10
wkvl45kvz1,飞龙desu 的 bilibili 空间,,space.bilibili.com,10
6YoVpNMdZa,卡姐Cara 的 bilibili 空间,,space.bilibili.com,10
DOvn8K7eEB,稚嫩的魔法师 的 bilibili 空间,,space.bilibili.com,10
47o8KlDeMm,野兔子同好会 的 bilibili 空间,,space.bilibili.com,10
aqeE1rPe9R,终点,,bbs.zdfx.net,4
MZd7wpDdrO,夜寅,,yeyin.bitcron.com,10
proPYm0vq6,Edge.org,,edge.org,10
WmoODglv4E,湃客,GQ报道,thepaper.cn,1
x9ozOXJvXb,GrowthHackers Trending,,growthhackers.com,2
ENeYN53oY4,The Brooks Review,,brooksreview.net,10
aEdZl5qorO,癮,,rekegiga.blogspot.com,10
6YoVpOxdZa,石墨工房8.0,,fredjame.com,10
b0vm492oB1,财新博客,王文勇,wangwenyong.blog.caixin.com,10
Q0or4EYd8B,追寻失去的传统．傅国涌,,blog.sina.com.cn,10
proPYg0vq6,Readmoo閱讀最前線,,news.readmoo.com,3
x9ozOzJvXb,The Independent - Film,,independent.co.uk,3
3QeLYbwo7k,/Film,,slashfilm.com,3
YqoXGLPeOD,ComingSoon.net,,comingsoon.net,3
1Vd5KLNo85,Film School Rejects,,filmschoolrejects.com,3
3moBRQ8oN5,Youtube,Film Trailer Zone,youtube.com,3
1VdJY9MvLQ,IndieWire,,indiewire.com,3
12owr0leNV,No Film School,,nofilmschool.com,3
ARe1K07v7n,Observations on film art,,davidbordwell.net,3
8Rv2GPRdLw,Youtube,RocketJump Film School,youtube.com,3
anopDGqolZ,Youtube,The Film Theorists,youtube.com,3
4Kvx0P1vkx,放映週報,本期文章,funscreen.com.tw,3
Jndk4WQe3V,Youtube,暴走系列官方频道,youtube.com,3
Ywv49rBdPa,寒山闻钟,咨询投诉,12345.suzhou.com.cn,4
nBe0MEQo37,王道论坛,北京科技大学,cskaoyan.com,4
proPYb4vq6,王道论坛,北京工业大学,cskaoyan.com,4
WmoODAmv4E,王道论坛,考研英语,cskaoyan.com,4
x9ozOE1vXb,王道论坛,考研数学,cskaoyan.com,4
3QeLYWBo7k,王道论坛,深圳大学/广西大学/海南大学,cskaoyan.com,4
YqoXGjxeOD,王道论坛,华东理工大学/东华大学,cskaoyan.com,4
1Vd5K07o85,王道论坛,西安交通大学,cskaoyan.com,4
3moBRpgoN5,王道论坛,四川大学,cskaoyan.com,4
0MdKQ40ow1,王道论坛,中国科学技术大学,cskaoyan.com,4
1VdJY6qvLQ,王道论坛,重庆大学,cskaoyan.com,4
ARe1Kgqv7n,王道论坛,西南大学/西南交通大学,cskaoyan.com,4
8Rv2GmmdLw,王道论坛,苏州大学,cskaoyan.com,4
Ywv49GBdPa,游研社,大事件,yystv.cn,3
3QeLYnBo7k,模型网,,moxing.net,1
1Vd5K37o85,大麦网票务,北京,detail.damai.cn,1
aqeE1nre9R,每日环球展览 iMuseum,北京热门,art.icity.ly,1
m4ejq54dxE,WhyCan Forum(哇酷论坛),,whycan.cn,4
x9ozO4xvXb,世界卫生组织媒体中心,特写故事,who.int,1
ARe1K1nv7n,BBC,Sport,bbc.co.uk,3
aEdZw2XerO,Quotes of the Day,,quotationspage.com,10
nBe09JKo37,崔少明    BLOG,,tsuisioming.blogspot.com,10
YqoXwO4eOD,小艾大叔 的 bilibili 空间,,space.bilibili.com,10
2me3Yzkvwj,British Journal of Cancer,,feeds.nature.com,2
3adqkExong,Wiley: CA: A Cancer Journal for Clinicians: Table of Contents,,acsjournals.onlinelibrary.wiley.com,2
wkvllJ4vz1,ScienceDirect Publication: European Journal of Cancer,,sciencedirect.com,2
DOvnaJDoEB,ScienceDirect Publication: International Journal of Radiation On,,sciencedirect.com,2
qndgQJZoLl,Nature Reviews Cancer,,feeds.nature.com,2
b0vmQ2LvB1,Nature Reviews Clinical Oncology,,feeds.nature.com,2
proPxO6oq6,ScienceDirect Publication: Radiotherapy and Oncology,,sciencedirect.com,2
WmoOKPbo4E,ScienceDirect Publication: Seminars in Oncology,,sciencedirect.com,2
x9ozYLMeXb,ScienceDirect Publication: Seminars in Radiation Oncology,,sciencedirect.com,2
3QeLVjEv7k,ScienceDirect Publication: The Lancet,,sciencedirect.com,2
YqoXw84eOD,ScienceDirect Publication: The Lancet Oncology,,sciencedirect.com,2
YqoXw8neOD,科学网博客,科普集锦,blog.sciencenet.cn,2
1Vd5QEMd85,科学网博客,科研笔记,blog.sciencenet.cn,2
7Gdaqk2dQy,Gigaom,,gigaom.com,10
b0vmQQXvB1,3Blue1Brown 的 bilibili 动态,,space.bilibili.com,10
m4ejQQ1dxE,papi酱 的 bilibili 动态,,space.bilibili.com,10
Q0orYY2e8B,TED君学演讲 的 bilibili 动态,,space.bilibili.com,10
nBe0995o37,嘻咦啊看 的 bilibili 动态,,space.bilibili.com,10
proPxxmoq6,嘻咦啊说 的 bilibili 动态,,space.bilibili.com,10
WmoOKKEo4E,天才简史 的 bilibili 动态,,space.bilibili.com,10
x9ozYYDeXb,指法芬芳张大仙 的 bilibili 动态,,space.bilibili.com,10
3QeLVVWv7k,文曰小强 的 bilibili 动态,,space.bilibili.com,10
YqoXwwneOD,无聊的开箱 的 bilibili 动态,,space.bilibili.com,10
1Vd5QQMd85,昨梦电羊 的 bilibili 动态,,space.bilibili.com,10
aqeEVVPo9R,暴走漫画 的 bilibili 动态,,space.bilibili.com,10
qndgQQ0oLl,朱一旦的枯燥生活 的 bilibili 动态,,space.bilibili.com,10
b0vmQQ6vB1,李子柒 的 bilibili 动态,,space.bilibili.com,10
m4ejQQVdxE,柴知道 的 bilibili 动态,,space.bilibili.com,10
Q0orYqZe8B,爱搞机 的 bilibili 动态,,space.bilibili.com,10
nBe09Bzo37,短的发布会 的 bilibili 动态,,space.bilibili.com,10
proPxJBoq6,罗兹 的 bilibili 动态,,space.bilibili.com,10
WmoOKaxo4E,飞碟说 的 bilibili 动态,,space.bilibili.com,10
1Vd5Q78d85,威武中国,,v5china.com,10
12owbkJeNV,游民娱乐,游民福利,gamersky.com,3
ARe1ZNpo7n,游民娱乐,趣囧时间,gamersky.com,3
8Rv29QDoLw,游民娱乐,游民影院,gamersky.com,3
MZd7k4YdrO,Alex_McAvoy的博客,,blog.csdn.net,10
WmoOKEbo4E,李永乐老师官方 的 bilibili 空间,,space.bilibili.com,10
x9ozYzMeXb,极客匠 的 bilibili 空间,,space.bilibili.com,10
3QeLVbEv7k,虾丸99 的 bilibili 空间,,space.bilibili.com,10
YqoXwL4eOD,静静教主 的 bilibili 空间,,space.bilibili.com,10
qndgQ2XoLl,通信人家园,运营商·运营人,txrjy.com,4
6YoVKkxvZa,余小章 @ 大內殿堂 | 點部落,技术,dotblogs.com.tw,10
5PdMAYRdmg,Himi,,blog.csdn.net,10
aqeEVBDo9R,My diary,,blog.csdn.net,10
qndgQ08oLl,Yt7589的专栏,,blog.csdn.net,10
b0vmQ62vB1,博客园_Artech,,cnblogs.com,10
12owby0eNV,博客园_光脚丫思考的专栏,,cnblogs.com,10
wkvllgPvz1,博客园_漫漫洒洒,,cnblogs.com,10
6YoVKE7vZa,博客园_瓢虫Monster,,cnblogs.com,10
Q0orYKne8B,博客园_董贺超,,cnblogs.com,10
0MdKKN0dw1,博客园_麒麟.NET,,cnblogs.com,10
1VdJVxqdLQ,博客园_程兴亮,,cnblogs.com,10
ARe1ZBqo7n,博客园-muer,,cnblogs.com,10
yjvQKGVebg,博客园-清音阁,,cnblogs.com,10
KGoRJmmol6,Los Techies,,lostechies.com,10
m4ej7X4oxE,巫师财经 的 bilibili 空间,,space.bilibili.com,10
m4ej7xxoxE,京吹学报,,hibikilogy.github.io,10
8Rv2gXwdLw,Matt Cutts,,mattcutts.com,10
4MdAjpgexD,Copyblogger,,copyblogger.com,10
2me3mQxvwj,Helping Bloggers Succeed,,performancing.com,10
3adq7xZong,John Chow,,johnchow.com,10
2KeDPxQeNP,ProBlogger Blog Tips,,problogger.net,10
VaobaD8eAj,Wiley: Angewandte Chemie International Edition: Table of Content,,onlinelibrary.wiley.com,2
BwdGLRLePx,Wiley: Angewandte Chemie: Table of Contents,,onlinelibrary.wiley.com,2
3adq7rMong,Wiley: Angewandte Chemie: Table of Contents,,onlinelibrary.wiley.com,2
proPJQ5dq6,科学网论文,化学科学,paper.sciencenet.cn,2
WmoOa8Yd4E,科学网论文,工程材料,paper.sciencenet.cn,2
3moBrZyoN5,Recent Commits to Easy-to-RSS:master,,github.com,10
VaobaPMeAj,Stories by C1h2e1 on Medium,,medium.com,10
47o8O30eMm,PlayerCatboy,,ralf.ren,10
qndgWZXdLl,VictriD's blog,,blog.victrid.dev,10
yjvQxJkobg,Wiley: Advanced Materials: Table of Contents,,onlinelibrary.wiley.com,2
7GdaRyyeQy,Advanced Materials: Most Cited articles,,onlinelibrary.wiley.com,2
MZd7PNDerO,Wiley: Advanced Materials: Table of Contents,,onlinelibrary.wiley.com,2
aqeEOG3v9R,DeveWork,,devework.com,10
nBe0BPQv37,梁杰的个人博客,,numbbbbb.com,10
ARe1EOqe7n,Asian Efficiency,,asianefficiency.com,10
anop7l2elZ,Aneu,,aneu.cn,10
2me3m4zvwj,NuoEa,,nuoea.com,10
3adq7nyong,Spencer Woo,,spencerwoo.com,10
47o8O4XeMm,BETTY,,forbetty.com,10
pQvNprNeNE,Hux Blog,,huangxuan.me,10
4MdAj95exD,Halyul的博客,,blog.halyul.com,10
VaobaQDeAj,Moorez,,shenzekun.cn,10
BwdGLOgePx,裹小脚的大叔 的 bilibili 空间,,space.bilibili.com,10
2me3mMnvwj,先看评测 的 bilibili 空间,,space.bilibili.com,10
x9ozq77eXb,IGN中国版,,ign.%e4%b8%ad%e5%9b%bd,3
2me3mJrvwj,The Art of Manliness,,artofmanliness.com,10
3adq7VMong,LaTeX Templates,,latextemplates.com,10
DgeyDVKdZq,Nature - Issue - nature.com science feeds,,feeds.nature.com,2
2KeDPAMeNP,Library Genesis: last added,,gen.lib.rus.ec,2
m4ej7MmoxE,TRANCE_REACTION,,trancereaction.com,3
anop7VkelZ,Nature Energy,,feeds.nature.com,2
4Kvx8V7vkx,Nature Nanotechnology - Issue - nature.com science feeds,,feeds.nature.com,2
ENeYa5qeY4,Cell Press,Chem,cell.com,2
pQvNpEBeNE,Cell Press,Matter,cell.com,2
yjvQxjDobg,Cell Press,Joule,cell.com,2
7GdaRxgeQy,Wiley: Angewandte Chemie International Edition: Table of Content,,onlinelibrary.wiley.com,2
MZd7PqGerO,Wiley: Advanced Energy Materials: Table of Contents,,onlinelibrary.wiley.com,2
YKd60nmoaP,Wiley: Advanced Functional Materials: Table of Contents,,onlinelibrary.wiley.com,2
Ywv4jqMePa,Wiley: Advanced Science: Table of Contents,,onlinelibrary.wiley.com,2
RrvWJLDo5z,ACS Nano: Latest Articles (ACS Publications),,pubs.acs.org,2
Jndk7kyd3V,Nano Letters: Latest Articles (ACS Publications),,pubs.acs.org,2
4qv9zqrdaK,ACS Energy Letters: Latest Articles (ACS Publications),,pubs.acs.org,2
4MdAjq1exD,Chemistry of Materials: Latest Articles (ACS Publications),,pubs.acs.org,2
VaobaY8eAj,ACS Central Science: Latest Articles (ACS Publications),,pubs.acs.org,2
BwdGLqLePx,RSC - Mater. Horiz. latest articles,,pubs.rsc.org,2
2me3mnrvwj,RSC - Chem. Sci. latest articles,,pubs.rsc.org,2
3adq7gMong,RSC - J. Mater. Chem. A latest articles,,pubs.rsc.org,2
DgeyDLKdZq,ScienceDirect Publication: Nano Energy,,sciencedirect.com,2
2KeDPlMeNP,ScienceDirect Publication: Nano Today,,sciencedirect.com,2
aEdZaBMvrO,ScienceDirect Publication: Materials Today,,sciencedirect.com,2
wkvl89jvz1,ScienceDirect Publication: Energy Storage Materials,,sciencedirect.com,2
6YoVYzweZa,Nature Reviews Chemistry - nature.com science feeds,,feeds.nature.com,2
DOvnDbqeEB,RSC - Chem. Soc. Rev. latest articles,,pubs.rsc.org,2
47o8OqgeMm,Chemical Reviews: Latest Articles (ACS Publications),,pubs.acs.org,2
YqoXbXXdOD,ETNews Korea IT News Letter,,english.etnews.com,2
b0vm79JeB1,香港 unwire.hk 玩生活．樂科技,,unwire.hk,10
7GdazKyeQy,NUIST ESE（南信大环科院）,通知公告,nuist.edu.cn,8
MZd7zxDvrO,NUIST ESE（南信大环科院）,新闻快讯,nuist.edu.cn,8
JndkAyAo3V,二一的笔记,,eryinote.com,10
m4ejAB3dxE,小屋,,geekxw.top,10
DgeybJwoZq,Bigshans' Blog,,bigshans.github.io,10
2KeDDXreNP,Dongdong's 日志,,ddw2019.com,10
DOvnq1VoEB,SkyWT,,skywt.cn,10
6YoV90NeZa,Sagit,,truenasscale.com,10
aEdZA9NvrO,Jack‘s Space,,veryjack.com,10
x9oz9LKeXb,拾月收藏夹,,pocket.skyue.com,10
1Vd5nE8e85,爱情终是残念,,aqzscn.cn,10
aqeE9wje9R,猪猫博客,,fly-uni.com,10
b0vm3KJeB1,FreeMdict Forum,年榜,forum.freemdict.com,4
MZd7D9PerO,网易云音乐,网易云古典榜,music.163.com,3
aEdZAPVvrO,网易云音乐,美国Billboard榜,music.163.com,3
6YoV9G3eZa,网易云音乐,KTV唛榜,music.163.com,3
proPyMnvq6,网易云音乐,网易云国风榜,music.163.com,3
YqoX9l6vOD,“地球小博士”全国地理科普知识大赛,相关通知,geodoctor.cn,9
WmoO9PDd4E,飞絮落叶雪,,mrhe.net,10
nBe0D0je37,隔壁网,黑群晖,gebi1.com,4
b0vm32WeB1,老爸的数字花园 - Nas 私有云,,nasdaddy.com,10
qndglJLeLl,筷子铺的博客,,kzpu.com,10
YKd6DEzoaP,Mitsea Blog,,blog.mitsea.com,10
Q0orarPe8B,全球发明大会中国区,通知公告,icc-edu.org.cn,9
proPyQlvq6,Dave Winer,,dave.micro.blog,10
aEdZAQMvrO,叶彩blog,,spacezero.top,10
Q0ora7Pe8B,Henry Z's blog,,changchen.me,10
VaobA28eAj,文学城,全部主题,bbs.wenxuecity.com,4
1VdJ3pZeLQ,网易云音乐,越南语榜,music.163.com,3
8Rv2DkneLw,网易云音乐,泰语榜,music.163.com,3
ENeYA0peY4,网易云音乐,LOOK直播歌曲榜,music.163.com,3
4Kvxbp7ekx,Quantum Computing Report,,quantumcomputingreport.com,10
pQvN8G8eNE,网易云音乐,赏音榜,music.163.com,3
KGoR9Rzel6,网易云音乐,黑胶VIP爱搜榜,music.163.com,3
proPyYOvq6,山东省农业农村厅,地方动态,nync.shandong.gov.cn,9
nBe0Dpbe37,FreeMdict Forum,月榜,forum.freemdict.com,4
3QeL9zPo7k,The PHP Foundation,,thephp.foundation,10
47o8ZngdMm,zhecydn的博客站,,blog.zhecydn.asia,10
proPyGkvq6,全国青少年航天创新大赛,赛事动态,nysic.declare.htgjjl.com,9
3adqAjZdng,涵哲子居,,blog.afingpo.top,10
b0vm3EJeB1,中国航空新闻网,首页要闻,cannews.com.cn,9
WmoO9Rkd4E,FreeMdict Forum,日榜,forum.freemdict.com,4
proPyRlvq6,FreeMdict Forum,周榜,forum.freemdict.com,4
Q0oray5e8B,FreeMdict Forum,季度榜,forum.freemdict.com,4
m4ejAy3dxE,FreeMdict Forum,总榜,forum.freemdict.com,4
aqeE9Kge9R,网易云音乐,越南语榜,music.163.com,3
VaobAMGeAj,夏叶博客,,cuteleaf.cn,10
WmoO95Rd4E,网易云音乐,赏音榜,music.163.com,3
ENeYALpeY4,网易云音乐,AI歌曲榜,music.163.com,3
qndglapeLl,FreeMdict Forum,最新话题,forum.freemdict.com,4
4qv9DApoaK,网易云音乐,潮流风向榜,music.163.com,3
VaobAJgeAj,网易云音乐,音乐合伙人热歌榜,music.163.com,3
BwdG8DjePx,西北政法大学研究生院（研工部）,公告通知,nwupl.edu.cn,8
ENeYAqDeY4,Philstar,Headlines,philstar.com,1
ARe1pBnd7n,The TWIML AI Podcast,,twimlai.com,10
WmoOzZme4E,The Intrinsic Perspective,,theintrinsicperspective.com,10
RrvW1Qke5z,Wayne的技术博客,,blog.michealwayne.cn,10
BwdGEPMoPx,Xeonzilla's Note,,xeonzilla.top,10
m4ejwapoxE,The Stack,,thestack.technology,10
5PdMPBlvmg,二歪同学,,blog.waistu.com,10
b0vmp6qoB1,TheSequence,,thesequence.substack.com,10
qndgBYlvLl,The TensorFlow Blog,,blog.tensorflow.org,10
aqeE3W3v9R,The Voicebot Podcast,,voicebot.ai,10
2KeD74PdNP,Voicebot.ai,,voicebot.ai,10
3adqN9yeng,HealthTech Magazine,,healthtechmagazine.net,10
RrvW1rxe5z,Machine learning : nature.com subject feeds,,nature.com,10
Ywv475BoPa,International Business Times,,ibtimes.com,10
YKd67KJeaP,insideAI News,,insideainews.com,10
KGoR5nmel6,JMLR,,jmlr.org,10
x9ozbl1oXb,The Gradient,,thegradient.pub,10
3QeL0qBe7k,THE DECODER,,the-decoder.com,10
YqoX20xdOD,The Berkeley Artificial Intelligence Research Blog,,bair.berkeley.edu,10
Ywv476MoPa,林羽凡博客,,linyufan.com,10
YKd67yzeaP,typeblog,,typeblog.net,10
12owZaBeNV,This Day in AI Podcast,,podcast.thisdayinai.com,10
1VdJjxpdLQ,Utilizing Tech: The Podcast Series About Emerging Technology,,utilizingtech.com,10
0MdKrNavw1,Rest of World,,restofworld.org,10
Q0orDAnd8B,The Rundown AI,,therundown.ai,10
proPLNOoq6,CLCK's Space,,clckblog.space,10
qndgBKZvLl,FreshRSS releases,,github.com,10
1Vd5ABYd85,Tech.eu,Robotics,tech.eu,10
3QeL0qxe7k,Silicon Republic,,siliconrepublic.com,10
WmoOzZOe4E,stanford-crfm-website,,crfm.stanford.edu,10
nBe02OEv37,Stories by Netflix Technology Blog on Medium,,medium.com,10
m4ejwa4oxE,Synthedia,,synthedia.substack.com,10
aqeE3Wrv9R,TechTalks,,bdtechtalks.com,10
4KvxRQLekx,Sifted,,sifted.eu,10
anopNJ2dlZ,Machine Learning Blog | ML@CMU | Carnegie Mellon University,,blog.ml.cmu.edu,10
8Rv2x3meLw,Lightning AI,,lightning.ai,10
x9ozbzDoXb,小菜鸟,,zhhll.com.cn,10
8Rv2xmgeLw,旅法师营地,营地热榜,iyingdi.com,3
ARe1pgZd7n,148 Apps,Best Games,148apps.com,3
Q0orDV2d8B,阿杰鲁的自留地,,zaunist.com,10
3moB8pJdN5,NGINX Community Blog,,blog.nginx.org,10
1Vd5A0Gd85,Tan — 我的编程技术感想,,tans.fun,10
DOvnxR7eEB,ThemeLooks Ltd.,,themelooks.com,10
6YoVwMMvZa,Kite News,On This Day,kite.kagi.com,1
Jndk1NPo3V,Artificial Intelligence,,aws.amazon.com,10
Jndk1W7o3V,Hearing Health & Technology Matters,,hearinghealthmatters.org,10
Ywv47mXoPa,AWS Developer Tools Blog,,aws.amazon.com,10
YKd67rbeaP,AWS DevOps & Developer Productivity Blog,,aws.amazon.com,10
4qv97KXeaK,The Hearing Review,,hearingreview.com,10
pQvNOWydNE,Kite News,World,kite.kagi.com,1
1Vd5A3Gd85,华北电力大学,通知公告,ncepu.edu.cn,8
aqeE3nDv9R,北京工业大学,通知公告,bjut.edu.cn,8
YqoX2p4dOD,识文解意的爱书人,,yyy.zone,10
12owZN0eNV,Machine Learning & Big Data Blog – BMC Software | Blogs,,bmc.com,10
nBe02bQv37,Python Insider,,pythoninsider.blogspot.com,10
Q0orD1nd8B,Paperspace by DigitalOcean Blog,,blog.paperspace.com,10
m4ejwzpoxE,PetaPixel,,petapixel.com,10
b0vmp5qoB1,Posts on Max Woolf's Blog,,minimaxir.com,10
47o87VXeMm,gHacks Technology News,,ghacks.net,10
Jndk1L5o3V,Datafloq,,datafloq.com,10
12owZ10eNV,Blog - neptune.ai,,neptune.ai,10
x9ozbx1oXb,TechRepublic,Artificial Intelligence,techrepublic.com,10
x9ozbxJoXb,SpaceNews,,spacenews.com,10
nBe027Bv37,Analytics India Magazine,,analyticsindiamag.com,10
5PdMPJRvmg,KnowTechie,AI,knowtechie.com,10
nBe02wBv37,watchTowr Labs,,labs.watchtowr.com,10
aEdZxpqorO,Limihu's Blog,,blog.toocool.cc,10
ENeYpjkdY4,南昌大学新闻网,南大要闻,ncu.edu.cn,8
Jndk1xLo3V,告别摄影,,byebye.photography,10
KGoR5qNel6,Practical AI,,practicalai.fm,10
DOvnx02eEB,- 带鱼博客 BeltfishBlog -,,blog.beltfish.cn,10
ENeYpPDdY4,The Data Exchange,,thedataexchange.media,10
YKd67BqeaP,再坐坐嘛,,zaizuozuoma.com,10
0MdK9Zaow1,我爱白嫖 - Telegram Channel,,t.me,10
12owZlweNV,一派·Podcast - 少数派 SSPAI 旗下播客节目,,sspai.typlog.io,10
1VdJ31peLQ,Defense News,News,defensenews.com,1
0MdKr92vw1,静かな森,,innei.ren,10
pQvNO4VdNE,The Artificial Intelligence Podcast,,tonyphoang.com,10
ARe1D8nd7n,Space War,News,spacewar.com,1
anopNLZdlZ,AI Engineering Podcast,,aiengineeringpodcast.com,10
8Rv2xDneLw,非礼勿言,,feiliwuyan.com,10
8Rv2xJBeLw,The Artificial Intelligence Show,,marketingaiinstitute.com,10
4KvxbXrekx,共同網,最新報道,tchina.kyodonews.net,1
4KvxR7rekx,The Gradient: Perspectives on AI,,thegradientpub.substack.com,10
anopabZvlZ,中央社,即時,cnatw.org,1
8Rv2DMBeLw,Defense One,All Content,defenseone.com,1
12owMABdNV,SpaceDaily,News,spacedaily.com,1
yjvQXGzobg,The AI in Business Podcast,,emerj.com,10
3QeL0KBe7k,TechRepublic,,techrepublic.com,10
4KvxRbwekx,顾宇的研习笔记,,guyu.me,10
WmoOzJbe4E,可可托海没有海,,darmau.co,10
6YoV9pGeZa,UWillno's Blog,,uwillno.com,10
7GdaPALvQy,风记星辰,,thyuu.com,10
Ywv47DWoPa,驭风笔记,,yufengbiji.com,10
Jndk1AJo3V,高玩梁的博客,,gwliang.com,10
4qv97DpeaK,高策,,gaocegege.com,10
aqeE3JVv9R,BBC,Entertainment & Arts,bbc.co.uk,3
b0vmpq8oB1,BBC,politics,bbc.co.uk,1
nBe02nyv37,BBC,UK,bbc.co.uk,1
proPL6koq6,BBC,World,bbc.co.uk,1
YKd67DjeaP,首页 on Shitao Wu | 吴诗涛,,shitao5.org,10
3QeL05Ee7k,叶泯希,,blog.418121.xyz,10
1VdJjL0dLQ,喵二の小博客,,miaoer.net,10
qndglLmeLl,小涵Naiwenel 的博客,,naiwenel.com,10
5PdM9Zadmg,阿尔的代码屋 | 全栈技术笔记,,blog.algieba12.cn,10
aqeE91je9R,猫涅的技术博客,,maonie.top,10
YKd67XgeaP,谢懿Shine,,blog.fuxieyi.top,10
qndglkLeLl,Yourlai's Blog,,yourlai.icu,10
nBe02D1v37,雨落凋殇,,rainss.cn,10
RrvWZO3o5z,网易云音乐,特斯拉车友爱听榜,music.163.com,3
m4ejA2rdxE,手里有只毛毛虫,,krjojo.com,10
Q0orDE2d8B,橙树志,,citydatum.cn,10
b0vm3wGeB1,繁星点点,,blog.52013120.xyz,10
47o8ZKQdMm,傲雪の,,b.oxue.de,10
aEdZxY8orO,流金岁月,,iliu.org,10
2me3Dzbowj,闪电的自留地,,blog.lyujp.com,10
x9ozbVMoXb,葡萄的个人博客,,blog.pushihao.co,10
b0vm3w8eB1,yCENzh's Blog,,fuwari.oh1.top,10
3adqAEmdng,S T C H E N G,,cheng.st,10
DgeybzpoZq,Luenci,,luenci.com,10
ARe1pD2d7n,非理勿试,,ntiy.com,10
aEdZA8OvrO,Rokcso's Blog,,rokcso.com,10
YqoX298dOD,青竹,,estertion.win,10
m4ejwM1oxE,阿掖山·博客,,blog.mountaye.com,10
5PdMPbZvmg,Longreads,,longreads.com,10
1Vd5A4Ld85,踏浪寻星广播电台,,tlxxfm.com,10
aqeE30jv9R,Colin's Blog,,blog.co1in.me,10
qndgBXLvLl,Daniel's Blog,,moecm.com,10
YqoX2xKdOD,小小孩子们的博客,,xxhzm.cn,10
3QeL0m9e7k,热敏修辞学 Instant Acumen,,iafolder.typlog.io,10
WmoOz0Be4E,津津乐道,,dao.fm,10
DOvnxn1eEB,掘火电台,,digforfire.net,10
aEdZx1XorO,执异,,zhiyi.life,10
2KeD78QdNP,幸福猫Podcast,,anchor.fm,10
b0vmpxLoB1,Gary's Blog,,garymeng.com,10
3QeL0mPe7k,路书,,lushu88.com,10
proPyR5vq6,敖苛的博客,,kayro.top,10
WmoO9RYd4E,HaydenBi,,haydenbi.com,10
1VdJjEndLQ,道听途说,,fakefestival.org,10
aqeE364v9R,Design Scenes,,fenx.work,10
qndgBmmvLl,Frost's Blog,,frostming.com,10
nBe02QKv37,读首诗再睡觉,,bedtimepoem.com,10
x9ozbM7oXb,越烤越糊,,overcooked.typlog.io,10
qndgBnmvLl,疲惫娇娃 CyberPink,,cyberpinkfm.typlog.io,10
YqoX9ZXvOD,FreeMdict Forum,最新帖子,forum.freemdict.com,4
3QeL9RPo7k,芊芊精典,安卓应用,myqqjd.com,10
1Vd5A45d85,牛油果烤面包,,avocadotoast.live,10
x9oz9P7eXb,致以无瑕之人,,blog.elykia.cn,10
WmoOzYbe4E,Jame,,jame.work,10
JndkAYyo3V,鬼影的基地,,gui-ying233.github.io,10
3moB8OydN5,Lyric,,quaily.com,10
wkvl254ez1,ZLA 小站,,zla.pub,10
0MdK9G4ow1,Under the Sun with Paddy,,paddysun.top,10
3QeL039e7k,Tunight - 金枪鱼之夜,,podcast.tuna.moe,10
x9ozb8boXb,Steve说,,steveshuo.com,10
b0vmpBLoB1,像清水一般清澈透明,,sumsec.me,10
proPLDkoq6,Go 夜聊,,talkgo.fm,10
anopNaBdlZ,韦阳的博客,,godweiyang.com,10
nBe02Pyv37,Full of Mind,,fom.fm,10
proPLw6oq6,古时的风筝,,moonkite.cn,10
Q0orDlPd8B,EmacsTalk,,emacstalk.codeberg.page,10
8Rv2DX3eLw,Argo的博客,,argovict.asia,10
ARe1pO4d7n,一画一话,,theviewtalk.com,10
ARe1pNld7n,Niracler's Blog,,niracler.com,10
MZd77KOdrO,内核恐慌,,pan.icu,10
KGoR5ybel6,八百颗栗子,,800chestnut.com,10
KGoR9V1el6,墨寒轩,,hankmo.com,10
yjvQXbjobg,主唱死了,,zhuchangsile.xyz,10
ENeYpgRdY4,不在场,,buzaichang.xyz,10
8Rv2xzweLw,不动声色,,bds.wht.one,10
4KvxR9Pekx,PeterTech,,peter267.github.io,10
MZd774ldrO,SeerSu,,suus.me,10
47o87WQeMm,aikenh,,aikenh.cn,10
qndgBwWvLl,ByteTalk,,bytetalk.fm,10
JndkApJo3V,网易云音乐,网易云全球说唱榜,music.163.com,3
0MdK9a2ow1,网易云音乐,乐夏榜,music.163.com,3
3moBDYVdN5,网易云音乐,喜力®星电音派对潮音榜,music.163.com,3
1Vd5nxKe85,网易云音乐,实时热度榜,music.163.com,3
YqoX9Q8vOD,网易云音乐,黑胶VIP爱搜榜,music.163.com,3
3QeL9GAo7k,网易云音乐,黑胶VIP热歌榜,music.163.com,3
x9oz9B6eXb,网易云音乐,黑胶VIP新歌榜,music.163.com,3
proPyEpvq6,网易云音乐,LOOK直播歌曲榜,music.163.com,3
nBe0Dz1e37,网易云音乐,星云榜VOL.29 Addison Rae新专来袭，寻找最真实的,music.163.com,3
Q0oraQOe8B,网易云音乐,BEAT排行榜,music.163.com,3
b0vm3mleB1,网易云音乐,俄罗斯top hit流行音乐榜,music.163.com,3
1VdJ3PZeLQ,网易云音乐,特斯拉车友爱听榜,music.163.com,3
12owM2mdNV,网易云音乐,理想车友爱听榜,music.163.com,3
ARe1Dk2d7n,网易云音乐,比亚迪车友爱听榜,music.163.com,3
RrvWZq3o5z,网易云音乐,网易云电音榜,music.163.com,3
YKd6D9joaP,网易云音乐,网易云中文说唱榜,music.163.com,3
MZd7Dx6erO,网易云音乐,吉利车友爱听榜,music.163.com,3
KGoR9Azel6,网易云音乐,黑胶VIP限免榜,music.163.com,3
7GdaAKLdQy,网易云音乐,欧美R&B榜,music.163.com,3
yjvQ9N6vbg,网易云音乐,埃安车友爱听榜,music.163.com,3
pQvN8B8eNE,网易云音乐,昊铂车友爱听榜,music.163.com,3
4Kvxb6wekx,网易云音乐,蛋仔派对听歌榜,music.163.com,3
anopaWBvlZ,网易云音乐,极氪车友爱听榜,music.163.com,3
8Rv2D1neLw,网易云音乐,蔚来车友爱听榜,music.163.com,3
qndglxxeLl,网易云音乐,中文慢摇DJ榜,music.163.com,3
x9oz9KxeXb,网易云音乐,网易云民谣榜,music.163.com,3
3adqAPldng,网易云音乐,网易云ACG榜,music.163.com,3
2me3DGZowj,网易云音乐,黑胶VIP爱听榜,music.163.com,3
BwdG8p8ePx,网易云音乐,音乐合伙人高分榜,music.163.com,3
VaobAGOeAj,网易云音乐,音乐合伙人高分新歌榜,music.163.com,3
4MdADO3vxD,网易云音乐,音乐合伙人留名榜,music.163.com,3
4qv9Dg5oaK,网易云音乐,音乐合伙人热歌榜,music.163.com,3
JndkAbZo3V,网易云音乐,音乐合伙人推荐榜,music.163.com,3
RrvWZk7o5z,网易云音乐,潮流风向榜,music.163.com,3
Ywv4DQavPa,网易云音乐,网易云全球说唱榜,music.163.com,3
YKd6DkOoaP,网易云音乐,网易云电音榜,music.163.com,3
DgeybBnoZq,网易云音乐,网易云韩语榜,music.163.com,3
2KeDDa6eNP,网易云音乐,UK排行榜周榜,music.163.com,3
wkvlARrdz1,网易云音乐,Beatport全球电子舞曲榜,music.163.com,3
WmoO9NOd4E,网易云音乐,潜力爆款榜,music.163.com,3
nBe0DGEe37,网易云音乐,网易云摇滚榜,music.163.com,3
Q0oraZWe8B,网易云音乐,网易云日语榜,music.163.com,3
m4ejAR4dxE,网易云音乐,网易云ACG VOCALOID榜,music.163.com,3
b0vm3yAeB1,网易云音乐,网易云ACG游戏榜,music.163.com,3
qndglbVeLl,网易云音乐,网易云ACG动画榜,music.163.com,3
aqeE9gre9R,网易云音乐,法国 NRJ Vos Hits 周榜,music.163.com,3
5PdM95pdmg,网易云音乐,网易云欧美新歌榜,music.163.com,3
47o8Z52dMm,网易云音乐,网易云欧美热歌榜,music.163.com,3
DOvnqj2oEB,网易云音乐,日本Oricon榜,music.163.com,3
KGoR9mNel6,网易云音乐,网易云中文说唱榜,music.163.com,3
4MdAD8PvxD,网易云音乐,音乐合伙人推荐榜,music.163.com,3
8Rv2xEgeLw,屠·城,,haomwei.com,10
DOvnxZpeEB,iconpik,,iconpik.com,10
1Vd5nVYe85,网易云音乐,俄语榜,music.163.com,3
DOvnqNBoEB,科学辟谣,,jintiankansha.me,10
Dgeyb9qoZq,网易云音乐,埃安车友爱听榜,music.163.com,3
3adqAQ3dng,网易云音乐,昊铂车友爱听榜,music.163.com,3
BwdG8QgePx,网易云音乐,蛋仔派对听歌榜,music.163.com,3
VaobAbgeAj,网易云音乐,极氪车友爱听榜,music.163.com,3
4MdADaPvxD,网易云音乐,蔚来车友爱听榜,music.163.com,3
4qv9DbpoaK,网易云音乐,比亚迪车友爱听榜,music.163.com,3
JndkAEJo3V,网易云音乐,理想车友爱听榜,music.163.com,3
6YoVwJxvZa,假设检验,,jiashejianyan.com,10
wkvl2yBez1,Lamber的博客,,lamber-maybe.com,10
8Rv2xAReLw,Kevin's Blog,,kevintan.pro,10
4KvxbK9ekx,Fgaoxing,,yt-blog.top,10
anopamKvlZ,謝懿Shine©,,xieyi.org,10
8Rv2D6weLw,酥米的小站,,sumi233.top,10
aEdZALXvrO,书远见,,bookvision7.com,10
Dgeyb55oZq,SuperGrey 的筆記本,,supergrey.bearblog.dev,10
aqeE3xPv9R,叉息的空中咖啡馆,,xchere.fun,10
x9ozbEnoXb,明立非|Mingnify的博客,,mingnify.com,10
12owZ3reNV,微博,社会榜,s.weibo.com,1
b0vmpR6oB1,联合早报,一周热门,zaobao.com,1
qndgBlxvLl,雅余  ·  茶余饭后，闲情雅致,,yayu.net,10
Ywv4DJWvPa,网易云音乐,乐夏榜,music.163.com,3
YKd6DJjoaP,网易云音乐,喜力®星电音派对潮音榜,music.163.com,3
b0vm3lleB1,网易云音乐,法国 NRJ Vos Hits 周榜,music.163.com,3
qndgl1xeLl,网易云音乐,网易云欧美新歌榜,music.163.com,3
5PdM9x7dmg,网易云音乐,日本Oricon榜,music.163.com,3
DOvnqyBoEB,网易云音乐,Beatport全球电子舞曲榜,music.163.com,3
wkvlAxydz1,网易云音乐,UK排行榜周榜,music.163.com,3
aEdZA2nvrO,网易云音乐,网易云韩语榜,music.163.com,3
2KeDDEYeNP,网易云音乐,网易云ACG榜,music.163.com,3
DgeybxqoZq,网易云音乐,黑胶VIP爱听榜,music.163.com,3
3adqAR3dng,网易云音乐,音乐合伙人高分榜,music.163.com,3
2me3D8nowj,网易云音乐,音乐合伙人高分新歌榜,music.163.com,3
m4ejAXxdxE,网易云音乐,网易云ACG动画榜,music.163.com,3
Q0orapOe8B,网易云音乐,网易云ACG游戏榜,music.163.com,3
nBe0DJ1e37,网易云音乐,网易云ACG VOCALOID榜,music.163.com,3
yjvQ9D6vbg,网易云音乐,黑胶VIP新歌榜,music.163.com,3
4Kvxb5wekx,网易云音乐,星云榜VOL.29 Addison Rae新专来袭，寻找最真实的,music.163.com,3
anopa0BvlZ,网易云音乐,BEAT排行榜,music.163.com,3
ARe1DQ2d7n,网易云音乐,俄罗斯top hit流行音乐榜,music.163.com,3
12owMWmdNV,网易云音乐,中文慢摇DJ榜,music.163.com,3
0MdK9L2ow1,网易云音乐,俄语榜,music.163.com,3
3QeL9XAo7k,网易云音乐,潜力爆款榜,music.163.com,3
x9oz9Q6eXb,网易云音乐,网易云国风榜,music.163.com,3
WmoO9GRd4E,网易云音乐,网易云摇滚榜,music.163.com,3
proPyBpvq6,网易云音乐,网易云日语榜,music.163.com,3
BwdG8jgePx,网易云音乐,音乐合伙人留名榜,music.163.com,3
BwdG2VjvPx,服装人物,专栏,person.efu.com.cn,1
2me3rYxdwj,服装专题,专题,efu.com.cn,1
3adq6kZeng,服装专题,品牌,efu.com.cn,1
Dgeyk75vZq,服装专题,人物,efu.com.cn,1
2KeDNVQvNP,服装专题,渠道,efu.com.cn,1
aEdZgwXerO,服装专题,活动,efu.com.cn,1
wkvl6lqez1,服装专题,招商,efu.com.cn,1
6YoV5KDeZa,品牌服装网,国际,news.china-ef.com,1
DOvn6a1vEB,品牌服装网,国内,news.china-ef.com,1
47o8LYjoMm,品牌服装网,企业风采,news.china-ef.com,1
5PdMmAZdmg,品牌服装网,企业,news.china-ef.com,1
aqeE2VVo9R,品牌服装网,电商,news.china-ef.com,1
qndg4QWeLl,品牌服装网,趣闻,news.china-ef.com,1
b0vm8Q8oB1,品牌服装网,服装资讯,news.china-ef.com,1
m4ej6QrexE,品牌服装网,最新展会,china-ef.com,1
0MdKEK6ow1,中国服装产业网,宏观,efuin.com,1
1VdJZVadLQ,中国服装产业网,行业,efuin.com,1
12ow4bwvNV,中国服装产业网,企业,efuin.com,1
ARe1mZ4e7n,中国服装产业网,政策,efuin.com,1
8Rv2j9wvLw,中国服装产业网,标准,efuin.com,1
anopyYKvlZ,中国服装产业网,科研,efuin.com,1
4KvxZY9ekx,中国服装产业网,时尚,efuin.com,1
ENeYEZReY4,中国服装产业网,培训,efuin.com,1
pQvNjazvNE,中国服装产业网,产业链,efuin.com,1
yjvQPKjobg,中国服装产业网,数据中心,efuin.com,1
m4ej67rexE,中国童装网,国内新闻,51kids.com,1
Q0or6qPo8B,中国童装网,国际新闻,51kids.com,1
nBe0gByd37,中国童装网,行业精英专访,51kids.com,1
WmoOraBe4E,华衣网,服装最新新闻,news.ef360.com,1
proP0rBoq6,Mivansaka's Blog,,mivansaka.github.io,10
YqoXKkxeOD,furbo.org,,furbo.org,10
RrvWB27o5z,Cargo - Gallery,,cargocollective.com,10
4qv9XqpoaK,ArtStation,,artstation.com,10
m4ej6YxexE,科技猎,行业,kejilie.com,2
Q0or6WOo8B,科技猎,风口,kejilie.com,2
yjvQPAjobg,大章丘网,今日章丘,dazhangqiu.com,4
3adq6WZeng,科技猎,看好  股,kejilie.com,2
1VdJZnndLQ,Vol.moe,finish,vol.moe,3
6YoV5JweZa,英雄联盟,【公告】 - 新闻列表,lol.qq.com,3
DOvn6ZqvEB,英雄联盟,【综合】 -  新闻列表,lol.qq.com,3
WmoOrQke4E,Youtube,老高與小茉 Mr & Mrs Gao,youtube.com,2
x9ozwlKvXb,Youtube,脑洞乌托邦,youtube.com,3
YqoXK0zeOD,Youtube,人人都该懂的经济学,youtube.com,2
m4ejrRyexE,Anbound,信用风险决策参考,anbound.info,6
WmoOlNDv4E,Anbound,每日经济,anbound.info,6
x9oz0KYdXb,Anbound,房地产行业周刊,anbound.info,6
3QeLlZJe7k,CRIC研究中心,市场研究,cricchina.com,6
4qv9ZBXdaK,英雄联盟,【攻略】 - 新闻列表,lol.qq.com,3
proP8Q0oq6,lijiakaijun,,blig.lijiakaijun.cyou,10
Vaob5DqeAj,千里马招标网,烤房追踪,qianlima.com,1
MZd7aPPorO,Present & Correct,,blog.presentandcorrect.com,10
1VdJlZpoLQ,喵喵折App的知乎动态,,zhihu.com,10
nBe0WDbd37,山西日报,电子报,epaper.sxrb.com,12
proP8yloq6,山西晚报,电子报,sxwb.epaper.sxrb.com,12
WmoOl9kv4E,山西农民报,电子报,sxnmb.epaper.sxrb.com,12
1Vd5ab8d85,山西法制报,电子报,sxfzb.epaper.sxrb.com,12
3moBZ5EoN5,山西经济日报,电子报,sxjjrb.epaper.sxrb.com,12
DOvnzLyvEB,台州日报,电子报,tzrb.paper.taizhou.com.cn,12
YqoXg3neOD,洛阳日报,电子报,lyrb.lyd.com.cn,12
1Vd5ayMd85,洛阳晚报,电子报,lywb.lyd.com.cn,12
ARe1WX8v7n,恩施晚报,电子报,szb.enshi.cn,12
b0vmOXXeB1,益阳日报,电子报,epaper.yyrb.cn,12
nBe0Wlzd37,汕尾日报,电子报,epaper.shanweinews.net,12
proP894oq6,豆瓣,Notion Workspace小组,douban.com,4
pQvN7BBdNE,恩施日报,电子报,szb.enshi.cn,12
qndg5OpoLl,山西市场导报,电子报,sxscdb.epaper.sxrb.com,12
4qv92XndaK,木鱼水心 的 bilibili 空间,,space.bilibili.com,10
7Gda0XOvQy,Bulletin - RemNote,,forum.remnote.io,10
VaobP5qdAj,Trance Music MP3,,trance-mp3.net,10
b0vmgLAeB1,7gugu's Blog,,7gugu.com,10
MZd72NPvrO,Wolfogre's Blog,,blog.wolfogre.com,10
DOvnmM2oEB,百度贴吧,feed吧,tieba.baidu.com,4
5PdMMXpdmg,百度贴吧,xianka吧,tieba.baidu.com,4
VaobPOOdAj,JIKE,账号密钥,jike.info,4
2KeDzDYvNP,乌有之乡,网友时评,wyzxwk.com,1
wkvlEAydz1,乌有之乡,读书交流,wyzxwk.com,1
6YoV79avZa,乌有之乡,工农之声,wyzxwk.com,1
DOvnmqBoEB,乌有之乡,网友杂谈,wyzxwk.com,1
47o89ZwvMm,乌有之乡,思想之旅,wyzxwk.com,1
5PdMM97dmg,乌有之乡,国际纵横,wyzxwk.com,1
aqeEMJge9R,乌有之乡,三农关注,wyzxwk.com,1
qndg59xoLl,乌有之乡,社会民生,wyzxwk.com,1
b0vmgqleB1,乌有之乡,舆论战争,wyzxwk.com,1
m4ejJ9xexE,乌有之乡,时代观察,wyzxwk.com,1
anopr9BdlZ,荔枝网,荔枝锐评,news.jstv.com,1
3moBPb9dN5,Zhendong的博客,,kxit.net,10
4qv92w1daK,公考资讯网,申论范文,chinagwy.org,1
4MdA0lgvxD,公考资讯网,热点时评,chinagwy.org,1
VaobPnGdAj,公考资讯网,申论指导,chinagwy.org,1
wkvlEGjdz1,公考资讯网,言语,chinagwy.org,1
6YoV7AwvZa,公考资讯网,数量,chinagwy.org,1
DOvnmGqoEB,公考资讯网,判断,chinagwy.org,1
47o890gvMm,公考资讯网,资料,chinagwy.org,1
5PdMMWbdmg,公考资讯网,时事政治,chinagwy.org,1
aqeEMp4e9R,公考资讯网,其他常识,chinagwy.org,1
qndg5GmoLl,公考资讯网,法律常识,chinagwy.org,1
b0vmgGGeB1,公考资讯网,面试指导,chinagwy.org,1
ARe12R6o7n,红辣椒评论,媒体言论,hlj.rednet.cn,1
anoprqkdlZ,红辣椒评论,辣言辣语,hlj.rednet.cn,1
4KvxBG7ekx,红辣椒评论,谈经论政,hlj.rednet.cn,1
ENeYkBqvY4,红辣椒评论,文体娱教,hlj.rednet.cn,1
4qv92MrdaK,乡村发现网,三农论剑,zgxcfx.com,1
4MdA0G1vxD,乡村发现网,三农资讯,zgxcfx.com,1
VaobPN8dAj,乡村发现网,三农时评,zgxcfx.com,1
2me32Vrdwj,中国农村网,观点,crnews.net,1
nBe0AVKo37,NGA玩家社区,公主连结Re:Dive,bbs.nga.cn,4
12ow5KjdNV,Eve zyh 的收藏,,douban.com,10
YqoXVXndOD,忘忧 忘忧的小站,,wangyou233.wang,10
anoprG0dlZ,步丈九州的博客,,buzhangjiuzhou.com,10
aqeEMxle9R,Shuo's Blog,,wushuo.me,10
qndg52XoLl,木澤的研發腦,,woodloch.blog,10
m4ejJYVexE,王小嗨的不老歌,,sogola.com,10
1Vd520Ge85,山月,,sanguok.com,10
ARe129Zo7n,Super Blog,,blog.superpung.cn,10
Q0orPjZd8B,gd1214b's blog,,blog.gd1214b.icu,10
5PdMMJRdmg,飘云阁安全网,飘云阁安全网,chinapyg.com,4
YKd6GAneaP,吾爱汇编论坛,软件分享,52hb.com,4
Vaob1gOeAj,段某人的博客,,duanmourena.github.io,10
3adqK1long,但为君故,,blog.terminals.run,10
Q0orJ2Wo8B,唱诗班,,changshiban.com,10
WmoOyJOd4E,3o米的微博,,weibo.com,10
6YoVrgDoZa,南蛮子懋和,,lizhichen.cn,10
DOvnX0yeEB,Finology Insider,Bullets,insider.finology.in,6
5PdMD7avmg,Finology Insider,Most Viewed Monthly,insider.finology.in,6
1Vd5NkMe85,爱奇艺,知识 ‧ 飙升榜,iqiyi.com,3
3moBNaMoN5,爱奇艺,纪录片 ‧ 热播榜,iqiyi.com,3
0MdKzLpvw1,爱奇艺,纪录片 ‧ 飙升榜,iqiyi.com,3
ARe1Ax8e7n,爱奇艺,儿童 ‧ 飙升榜,iqiyi.com,3
8Rv2NY1vLw,爱奇艺,儿童 ‧ 上新榜,iqiyi.com,3
anopOp0elZ,爱奇艺,儿童 ‧ 高分榜,iqiyi.com,3
4KvxwEEokx,爱奇艺,儿童 ‧ 少儿电影榜,iqiyi.com,3
ENeYyQGeY4,爱奇艺,儿童 ‧ 动画片榜,iqiyi.com,3
pQvN5XAoNE,爱奇艺,儿童 ‧ 益智榜,iqiyi.com,3
yjvQJZadbg,爱奇艺,儿童 ‧ 音乐榜,iqiyi.com,3
KGoRwGQvl6,爱奇艺,儿童 ‧ 7-10岁榜,iqiyi.com,3
Jndkma7o3V,爱奇艺,动漫 ‧ 搞笑榜,iqiyi.com,3
4qv9NaXdaK,爱奇艺,动漫 ‧ 日本榜,iqiyi.com,3
4MdA3LZoxD,爱奇艺,动漫 ‧ 奇幻榜,iqiyi.com,3
VaobymPeAj,爱奇艺,动漫 ‧ 职场榜,iqiyi.com,3
BwdGr0XvPx,爱奇艺,动漫 ‧ 恋爱榜,iqiyi.com,3
2me3N90dwj,爱奇艺,动漫 ‧ 冒险榜,iqiyi.com,3
aEdZyZkvrO,爱奇艺,综艺 ‧ 搞笑榜,iqiyi.com,3
wkvljBYez1,爱奇艺,综艺 ‧ 真人秀榜,iqiyi.com,3
6YoVyqBeZa,爱奇艺,综艺 ‧ 爱奇艺出品榜,iqiyi.com,3
47o8kR0eMm,爱奇艺,综艺 ‧ 文化榜,iqiyi.com,3
aqeEm5le9R,爱奇艺,电影 ‧ 飙升榜,iqiyi.com,3
b0vmrYXdB1,爱奇艺,电影 ‧ 上新榜,iqiyi.com,3
nBe0Nx5v37,爱奇艺,电影 ‧ 动作榜,iqiyi.com,3
WmoOBxEe4E,爱奇艺,电影 ‧ 科幻榜,iqiyi.com,3
x9oz2mDoXb,爱奇艺,电影 ‧ 奇幻榜,iqiyi.com,3
8Rv2N61vLw,爱奇艺,电视剧 ‧ 历史榜,iqiyi.com,3
x9oz2nDoXb,酷安,最新头条,coolapk.com,2
RrvWyYKe5z,阁子,,dfine.tech,10
4MdA3pGoxD,zgh's Blog,,hundren.github.io,10
3adqz2aeng,Oskyla 晴空阁,,oskyla.com,10
6YoVyRMeZa,Yuexun's Blog,,yuexun.me,10
47o8krDeMm,炎忍的博客,,blog.imyan.ren,10
b0vmrW6dB1,木土金王可,,kinnoukabokudo.com,10
m4ejglVoxE,小非的物理小站,,xiaophy.com,10
Q0orLyZd8B,Bryan's Blog,,articles.singee.me,10
3QeLLRze7k,seisamuse,,seis-jun.xyz,10
m4ejgyqoxE,Power's Wiki,,wiki-power.com,10
1Vd5NGNe85,小炒肉,,jicki.cn,10
1VdJO4MeLQ,Ray's Blog,,blog.mk1.io,10
anopOAqelZ,TwIStOy,,twistoy.cn,10
KGoRwV2vl6,甜欣屋,,tcxx.info,10
MZd7N8pvrO,Luyu Huang's Tech Blog,,luyuhuang.github.io,10
YKd6MpnvaP,逸思杂陈,,blog.ponder.work,10
Ywv4NMzePa,一大加贝,,tianheg.co,10
4qv9N9ndaK,Ljcbaby 的 网络小屋,,blog.ljcbaby.top,10
4MdA35boxD,zu1k,,zu1k.com,10
Vaoby2qeAj,Jalen,,jalenz.cn,10
Dgey1MBeZq,Eric's Blog,,wsdjeg.net,10
wkvljDBez1,Fat Blog - 挺肥的博客,,tingfei.space,10
DOvnMgpoEB,kirito的博客,,kirito41dd.cn,10
aqeEmDDe9R,珒陶,,blog.chenjt.com,10
qndgyN8oLl,花束渲染,,bouquetrender.space,10
3moBNJ8oN5,xStack,,noicdi.com,10
1VdJONMeLQ,ROYWANG,,roy.wang,10
anopOjqelZ,Cubik的小站,,cubik65536.top,10
ENeYyD3eY4,SakuraWald,,sakurawald.github.io,10
pQvN5QJoNE,DAVID'S BLOG,,blog.blahaj.uk,10
yjvQJyBdbg,Ethan's Blog,,ethan-phu.github.io,10
YKd6M1nvaP,云萧的咕咕屋,,blog.crrashh.com,10
Ywv4NZzePa,子来园,,simplecoding.fun,10
RrvWyDge5z,晴雀堂,,blog.verynb.me,10
JndkmKQo3V,万圣节恶魔的领地,,cytrogen.icu,10
VaobyDqeAj,obaby@mars,,nai.dog,10
2KeDgXEdNP,任霏博客,,blog.renfei.net,10
DOvnM1poEB,晚风博客,,xlog.me,10
5PdMXwRvmg,秋色部落,,qiu.se,10
aqeEmADe9R,东评西就,,dongjunke.cn,10
qndgy88oLl,农码生涯 无酒无花,,nicrosoft.net,10
m4ejgBqoxE,Qifei's Blog,,blog.sci.ci,10
Q0orL8Yd8B,胡说,,blog.zhangyingwei.com,10
proPKZ0eq6,CuB3y0nd's Writings,,cubeyond.net,10
YqoXyOPvOD,在01之间到处找我,,imzh.me,10
b0vmrkqdB1,尼普学种花,,kneep.github.io,10
m4ejgBpoxE,数据仓库技术,,dwsql.com,10
Q0orL8nd8B,肘子的 Swift 记事本,,fatbobman.com,10
proPKZ4eq6,Linzihao's Blog,,linzihao.com,10
3QeLLABe7k,蒙奇日记,,luffy.cc,10
1Vd5Nz7e85,失迹の博客,,blog.reincarnatey.net,10
1VdJOAqeLQ,有思想的芦苇's Blog,,thinking-reed.cn,10
12owJx0eNV,阮超民的个人网站,,ruanchaomin.com,10
ARe1Arqe7n,逐水寻源,,zair.top,10
4KvxwWLokx,SЕSSのB10GТЕ5Т,,sess.xhustudio.eu.org,10
KGoRwLmvl6,人生足迹 · 博客平台,,blog.lifebus.top,10
MZd7NmxvrO,白丁轶事 - FMoran's Blog,,fmoran.me,10
4MdA3B5oxD,深海之眼,,seaeye.cn,10
BwdGrAwvPx,Niracler's Blog,,niracler.com,10
2me3Nzzdwj,拒绝内耗直接发疯,,blog.luijp.cn,10
x9oz2L1oXb,但为君故,,dreams.plus,10
1Vd5NE7e85,小松鼠的博客,,ycyin.eu.org,10
ENeYy86eY4,Taxodium,,taxodium.ink,10
4MdA315oxD,酷酷的白,,bducds.com,10
Vaoby9DeAj,Yesterday17's Blog,,blog.mmf.moe,10
BwdGr7wvPx,WSH,,wsh233.cn,10
aqeEm13e9R,Sehnsucht,,blog.sehnsucht.top,10
qndgykloLl,RisingIce,,imrising.cn,10
1Vd5NK7e85,Muspi Merol 的个人主页,,muspimerol.site,10
aqeEm1re9R,qubeijun's Blog,,qubeijun.github.io,10
qndgykVoLl,VPS严选,,vpscp.top,10
b0vmr4AdB1,有话豪说,,lihao00.com,10
m4ejgq4oxE,Yonglin's Blog,,xieyonglin.com,10
8Rv2N9BvLw,Google快讯,云冈石窟,google.com,10
47o8kY2eMm,晴空树,,pinaland.cn,10
aqeEmVre9R,运维开发绿皮书,,geekery.cn,10
qndgyQVoLl,芒果勿语,,mangoman.us.kg,10
YqoXyb0vOD,ACS Applied Nano Materials: Latest Articles (ACS Publications),,pubs.acs.org,10
qndgy4xoLl,distjr_'s blog,,ruufly.github.io,10
b0vmr8ldB1,月石MoonStone,,moonstone.fun,10
m4ejg6xoxE,栖木的网络日志,,blog.thedoga.tech,10
proPK0peq6,叶泯希,,ymxblog.us.kg,10
12owJ4meNV,一桐のBlog,,blog.ytmc.fun,10
KGoRwOzvl6,假装看风景,,pt2mu.top,10
0MdKzl2vw1,喻灵的博客,,yvling.cn,10
pQvN5l8oNE,纸鹿摸鱼处,,blog.zhilu.cyou,10
MZd7N3OvrO,App Store,体育免费榜[iPhone][国区],itunes.apple.com,3
YKd6M3qvaP,App Store,体育付费榜[iPhone][国区],itunes.apple.com,3
Ywv4N3xePa,App Store,体育赚钱榜[iPhone][国区],itunes.apple.com,3
RrvWyARe5z,App Store,体育免费榜[iPad][国区],itunes.apple.com,3
JndkmZLo3V,App Store,体育付费榜[iPad][国区],itunes.apple.com,3
4qv9NV1daK,App Store,体育赚钱榜[iPad][国区],itunes.apple.com,3
4MdA3rgoxD,App Store,健康健美免费榜[iPhone][国区],itunes.apple.com,3
Vaoby1GeAj,App Store,健康健美付费榜[iPhone][国区],itunes.apple.com,3
BwdGrkjvPx,App Store,健康健美赚钱榜[iPhone][国区],itunes.apple.com,3
2me3N0xdwj,App Store,健康健美免费榜[iPad][国区],itunes.apple.com,3
3adqzKZeng,App Store,健康健美付费榜[iPad][国区],itunes.apple.com,3
Dgey1j5eZq,App Store,健康健美赚钱榜[iPad][国区],itunes.apple.com,3
2KeDg9QdNP,App Store,儿童免费榜[iPhone][国区],itunes.apple.com,3
aEdZyMXvrO,App Store,儿童付费榜[iPhone][国区],itunes.apple.com,3
wkvljzqez1,App Store,儿童赚钱榜[iPhone][国区],itunes.apple.com,3
6YoVyrDeZa,App Store,儿童免费榜[iPad][国区],itunes.apple.com,3
DOvnMX1oEB,App Store,儿童付费榜[iPad][国区],itunes.apple.com,3
47o8kXjeMm,App Store,儿童赚钱榜[iPad][国区],itunes.apple.com,3
5PdMXDZvmg,App Store,医疗免费榜[iPhone][国区],itunes.apple.com,3
aqeEmkVe9R,App Store,医疗付费榜[iPhone][国区],itunes.apple.com,3
qndgyjWoLl,App Store,医疗赚钱榜[iPhone][国区],itunes.apple.com,3
b0vmrL8dB1,App Store,医疗免费榜[iPad][国区],itunes.apple.com,3
m4ejgProxE,App Store,医疗付费榜[iPad][国区],itunes.apple.com,3
Q0orLJPd8B,App Store,医疗赚钱榜[iPad][国区],itunes.apple.com,3
nBe0Nmyv37,App Store,参考资料免费榜[iPhone][国区],itunes.apple.com,3
proPKkkeq6,App Store,参考资料付费榜[iPhone][国区],itunes.apple.com,3
WmoOByBe4E,App Store,参考资料赚钱榜[iPhone][国区],itunes.apple.com,3
x9oz2rboXb,App Store,参考资料免费榜[iPad][国区],itunes.apple.com,3
3QeLLk9e7k,App Store,参考资料付费榜[iPad][国区],itunes.apple.com,3
YqoXyP6vOD,App Store,参考资料赚钱榜[iPad][国区],itunes.apple.com,3
1Vd5NO5e85,App Store,商务免费榜[iPhone][国区],itunes.apple.com,3
aqeEmk4e9R,App Store,商务付费榜[iPhone][国区],itunes.apple.com,3
qndgyjmoLl,App Store,商务赚钱榜[iPhone][国区],itunes.apple.com,3
b0vmrLGdB1,App Store,商务免费榜[iPad][国区],itunes.apple.com,3
m4ejgPmoxE,App Store,商务付费榜[iPad][国区],itunes.apple.com,3
Q0orLJzd8B,App Store,商务赚钱榜[iPad][国区],itunes.apple.com,3
nBe0NmKv37,App Store,图书免费榜[iPhone][国区],itunes.apple.com,3
proPKk5eq6,App Store,图书付费榜[iPhone][国区],itunes.apple.com,3
WmoOByYe4E,App Store,图书赚钱榜[iPhone][国区],itunes.apple.com,3
x9oz2r7oXb,App Store,图书免费榜[iPad][国区],itunes.apple.com,3
3QeLLkPe7k,App Store,图书付费榜[iPad][国区],itunes.apple.com,3
YqoXyPXvOD,App Store,图书赚钱榜[iPad][国区],itunes.apple.com,3
1Vd5NOLe85,App Store,图形与设计免费榜[iPhone][国区],itunes.apple.com,3
3moBNl1oN5,App Store,图形与设计付费榜[iPhone][国区],itunes.apple.com,3
0MdKzk4vw1,App Store,图形与设计赚钱榜[iPhone][国区],itunes.apple.com,3
1VdJOkneLQ,App Store,图形与设计免费榜[iPad][国区],itunes.apple.com,3
12owJgzeNV,App Store,图形与设计付费榜[iPad][国区],itunes.apple.com,3
ARe1Aj6e7n,App Store,图形与设计赚钱榜[iPad][国区],itunes.apple.com,3
8Rv2Nr3vLw,App Store,天气免费榜[iPhone][国区],itunes.apple.com,3
anopOBkelZ,App Store,天气付费榜[iPhone][国区],itunes.apple.com,3
4Kvxwm7okx,App Store,天气赚钱榜[iPhone][国区],itunes.apple.com,3
ENeYyyqeY4,App Store,天气免费榜[iPad][国区],itunes.apple.com,3
pQvN55BoNE,App Store,天气付费榜[iPad][国区],itunes.apple.com,3
yjvQJJDdbg,App Store,天气赚钱榜[iPad][国区],itunes.apple.com,3
7GdayygdQy,App Store,娱乐免费榜[iPhone][国区],itunes.apple.com,3
KGoRww1vl6,App Store,娱乐付费榜[iPhone][国区],itunes.apple.com,3
MZd7NNGvrO,App Store,娱乐赚钱榜[iPhone][国区],itunes.apple.com,3
YKd6MMmvaP,App Store,娱乐免费榜[iPad][国区],itunes.apple.com,3
Ywv4NNMePa,App Store,娱乐付费榜[iPad][国区],itunes.apple.com,3
RrvWyyDe5z,App Store,娱乐赚钱榜[iPad][国区],itunes.apple.com,3
Jndkmmyo3V,App Store,导航免费榜[iPhone][国区],itunes.apple.com,3
4qv9NNrdaK,App Store,导航付费榜[iPhone][国区],itunes.apple.com,3
Vaobyy8eAj,App Store,导航免费榜[iPad][国区],itunes.apple.com,3
BwdGrrLvPx,App Store,导航付费榜[iPad][国区],itunes.apple.com,3
2me3NNrdwj,App Store,导航赚钱榜[iPad][国区],itunes.apple.com,3
DOvnMMqoEB,App Store,报刊杂志免费榜[iPhone][国区],itunes.apple.com,3
5PdMXXbvmg,App Store,报刊杂志赚钱榜[iPhone][国区],itunes.apple.com,3
aqeEmm4e9R,App Store,报刊杂志免费榜[iPad][国区],itunes.apple.com,3
qndgyymoLl,App Store,报刊杂志付费榜[iPad][国区],itunes.apple.com,3
b0vmrrGdB1,App Store,报刊杂志赚钱榜[iPad][国区],itunes.apple.com,3
m4ejggmoxE,App Store,摄影与录像免费榜[iPhone][国区],itunes.apple.com,3
nBe0NNKv37,App Store,摄影与录像赚钱榜[iPhone][国区],itunes.apple.com,3
proPKK5eq6,App Store,摄影与录像免费榜[iPad][国区],itunes.apple.com,3
WmoOBBYe4E,App Store,摄影与录像付费榜[iPad][国区],itunes.apple.com,3
x9oz227oXb,App Store,摄影与录像赚钱榜[iPad][国区],itunes.apple.com,3
1VdJOOneLQ,App Store,效率赚钱榜[iPad][国区],itunes.apple.com,3
12owJJzeNV,App Store,教育免费榜[iPhone][国区],itunes.apple.com,3
ARe1AA6e7n,App Store,教育付费榜[iPhone][国区],itunes.apple.com,3
8Rv2NN3vLw,App Store,教育赚钱榜[iPhone][国区],itunes.apple.com,3
anopOOkelZ,App Store,教育免费榜[iPad][国区],itunes.apple.com,3
4Kvxww7okx,App Store,教育付费榜[iPad][国区],itunes.apple.com,3
ENeYypqeY4,App Store,教育赚钱榜[iPad][国区],itunes.apple.com,3
pQvN5OBoNE,App Store,旅游免费榜[iPhone][国区],itunes.apple.com,3
yjvQJXDdbg,App Store,旅游付费榜[iPhone][国区],itunes.apple.com,3
7GdayPgdQy,App Store,旅游赚钱榜[iPhone][国区],itunes.apple.com,3
KGoRw51vl6,App Store,旅游免费榜[iPad][国区],itunes.apple.com,3
MZd7N7GvrO,App Store,旅游付费榜[iPad][国区],itunes.apple.com,3
YKd6M7mvaP,App Store,旅游赚钱榜[iPad][国区],itunes.apple.com,3
Ywv4N7MePa,App Store,生活免费榜[iPhone][国区],itunes.apple.com,3
RrvWy1De5z,App Store,生活付费榜[iPhone][国区],itunes.apple.com,3
Jndkm1yo3V,App Store,生活赚钱榜[iPhone][国区],itunes.apple.com,3
4MdA371oxD,App Store,生活付费榜[iPad][国区],itunes.apple.com,3
VaobyO8eAj,App Store,生活赚钱榜[iPad][国区],itunes.apple.com,3
BwdGrELvPx,App Store,社交免费榜[iPhone][国区],itunes.apple.com,3
2me3N7rdwj,App Store,社交付费榜[iPhone][国区],itunes.apple.com,3
3adqzNMeng,App Store,社交赚钱榜[iPhone][国区],itunes.apple.com,3
Dgey1NKeZq,App Store,社交免费榜[iPad][国区],itunes.apple.com,3
2KeDg7MdNP,App Store,社交付费榜[iPad][国区],itunes.apple.com,3
aEdZyxMvrO,App Store,社交赚钱榜[iPad][国区],itunes.apple.com,3
wkvlj2jez1,App Store,美食佳饮免费榜[iPhone][国区],itunes.apple.com,3
6YoVywweZa,App Store,美食佳饮付费榜[iPhone][国区],itunes.apple.com,3
DOvnMxqoEB,App Store,美食佳饮赚钱榜[iPhone][国区],itunes.apple.com,3
47o8k7geMm,App Store,美食佳饮免费榜[iPad][国区],itunes.apple.com,3
5PdMXPbvmg,App Store,美食佳饮付费榜[iPad][国区],itunes.apple.com,3
aqeEm34e9R,App Store,美食佳饮赚钱榜[iPad][国区],itunes.apple.com,3
qndgyBmoLl,App Store,财务免费榜[iPhone][国区],itunes.apple.com,3
b0vmrpGdB1,App Store,财务付费榜[iPhone][国区],itunes.apple.com,3
m4ejgwmoxE,App Store,财务赚钱榜[iPhone][国区],itunes.apple.com,3
Q0orLDzd8B,App Store,财务免费榜[iPad][国区],itunes.apple.com,3
nBe0N2Kv37,App Store,财务付费榜[iPad][国区],itunes.apple.com,3
WmoOBzYe4E,App Store,购物免费榜[iPhone][国区],itunes.apple.com,3
x9oz2b7oXb,App Store,购物付费榜[iPhone][国区],itunes.apple.com,3
3QeLL0Pe7k,App Store,购物赚钱榜[iPhone][国区],itunes.apple.com,3
YqoXy2XvOD,App Store,购物免费榜[iPad][国区],itunes.apple.com,3
1Vd5NALe85,App Store,购物付费榜[iPad][国区],itunes.apple.com,3
aqeEm3xe9R,App Store,购物赚钱榜[iPad][国区],itunes.apple.com,3
proPKLleq6,App Store,软件开发工具赚钱榜[iPad][国区],itunes.apple.com,3
WmoOBzke4E,App Store,音乐免费榜[iPhone][国区],itunes.apple.com,3
x9oz29KoXb,App Store,音乐付费榜[iPhone][国区],itunes.apple.com,3
3QeLL9Ge7k,App Store,音乐赚钱榜[iPhone][国区],itunes.apple.com,3
YqoXy9zvOD,App Store,音乐免费榜[iPad][国区],itunes.apple.com,3
1Vd5Nn8e85,App Store,音乐付费榜[iPad][国区],itunes.apple.com,3
3moBNDEoN5,App Store,音乐赚钱榜[iPad][国区],itunes.apple.com,3
1VdJO38eLQ,App Store,休闲付费榜[iPhone][国区],itunes.apple.com,3
12owJMjeNV,App Store,休闲赚钱榜[iPhone][国区],itunes.apple.com,3
ARe1ADLe7n,App Store,休闲免费榜[iPad][国区],itunes.apple.com,3
8Rv2ND0vLw,App Store,休闲付费榜[iPad][国区],itunes.apple.com,3
anopOaRelZ,App Store,休闲赚钱榜[iPad][国区],itunes.apple.com,3
4Kvxwb0okx,App Store,体育免费榜[iPhone][国区],itunes.apple.com,3
pQvN58poNE,App Store,体育赚钱榜[iPhone][国区],itunes.apple.com,3
yjvQJ9Pdbg,App Store,体育免费榜[iPad][国区],itunes.apple.com,3
KGoRw9Zvl6,App Store,体育赚钱榜[iPad][国区],itunes.apple.com,3
MZd7ND3vrO,App Store,冒险游戏免费榜[iPhone][国区],itunes.apple.com,3
YKd6MDzvaP,App Store,冒险游戏付费榜[iPhone][国区],itunes.apple.com,3
Ywv4NDNePa,App Store,冒险游戏赚钱榜[iPhone][国区],itunes.apple.com,3
RrvWyZ1e5z,App Store,冒险游戏免费榜[iPad][国区],itunes.apple.com,3
JndkmAAo3V,App Store,冒险游戏付费榜[iPad][国区],itunes.apple.com,3
4qv9NDmdaK,App Store,冒险游戏赚钱榜[iPad][国区],itunes.apple.com,3
4MdA3DloxD,App Store,动作游戏免费榜[iPhone][国区],itunes.apple.com,3
VaobyAneAj,App Store,动作游戏付费榜[iPhone][国区],itunes.apple.com,3
BwdGr86vPx,App Store,动作游戏赚钱榜[iPhone][国区],itunes.apple.com,3
2me3NDEdwj,App Store,动作游戏免费榜[iPad][国区],itunes.apple.com,3
3adqzALeng,App Store,动作游戏付费榜[iPad][国区],itunes.apple.com,3
Dgey1bweZq,App Store,动作游戏赚钱榜[iPad][国区],itunes.apple.com,3
2KeDgDrdNP,App Store,卡牌游戏免费榜[iPhone][国区],itunes.apple.com,3
aEdZyANvrO,App Store,卡牌游戏付费榜[iPhone][国区],itunes.apple.com,3
wkvljApez1,App Store,卡牌游戏赚钱榜[iPhone][国区],itunes.apple.com,3
6YoVy9NeZa,App Store,卡牌游戏免费榜[iPad][国区],itunes.apple.com,3
DOvnMqVoEB,App Store,卡牌游戏付费榜[iPad][国区],itunes.apple.com,3
47o8kZqeMm,App Store,卡牌游戏赚钱榜[iPad][国区],itunes.apple.com,3
5PdMX9Gvmg,App Store,字谜游戏免费榜[iPhone][国区],itunes.apple.com,3
aqeEm9xe9R,App Store,字谜游戏付费榜[iPhone][国区],itunes.apple.com,3
qndgylpoLl,App Store,字谜游戏赚钱榜[iPhone][国区],itunes.apple.com,3
b0vmr3JdB1,App Store,字谜游戏免费榜[iPad][国区],itunes.apple.com,3
m4ejgA3oxE,App Store,字谜游戏付费榜[iPad][国区],itunes.apple.com,3
Q0orLa5d8B,App Store,字谜游戏赚钱榜[iPad][国区],itunes.apple.com,3
WmoOB9ke4E,App Store,家庭聚会游戏赚钱榜[iPhone][国区],itunes.apple.com,3
x9oz2AKoXb,App Store,家庭聚会游戏免费榜[iPad][国区],itunes.apple.com,3
YqoXy6zvOD,App Store,家庭聚会游戏赚钱榜[iPad][国区],itunes.apple.com,3
1Vd5Nb8e85,App Store,桌面游戏免费榜[iPhone][国区],itunes.apple.com,3
0MdKzYOvw1,App Store,桌面游戏赚钱榜[iPhone][国区],itunes.apple.com,3
1VdJOM8eLQ,App Store,桌面游戏免费榜[iPad][国区],itunes.apple.com,3
ARe1AbLe7n,App Store,桌面游戏赚钱榜[iPad][国区],itunes.apple.com,3
8Rv2Nb0vLw,App Store,模拟游戏免费榜[iPhone][国区],itunes.apple.com,3
anopO9RelZ,App Store,模拟游戏付费榜[iPhone][国区],itunes.apple.com,3
4KvxwA0okx,App Store,模拟游戏赚钱榜[iPhone][国区],itunes.apple.com,3
ENeYyVZeY4,App Store,模拟游戏免费榜[iPad][国区],itunes.apple.com,3
pQvN56poNE,App Store,模拟游戏付费榜[iPad][国区],itunes.apple.com,3
yjvQJ6Pdbg,App Store,模拟游戏赚钱榜[iPad][国区],itunes.apple.com,3
7Gday6XdQy,App Store,益智解谜游戏免费榜[iPhone][国区],itunes.apple.com,3
KGoRw6Zvl6,App Store,益智解谜游戏付费榜[iPhone][国区],itunes.apple.com,3
MZd7NE3vrO,App Store,益智解谜游戏赚钱榜[iPhone][国区],itunes.apple.com,3
YKd6MbzvaP,App Store,益智解谜游戏免费榜[iPad][国区],itunes.apple.com,3
Ywv4NbNePa,App Store,益智解谜游戏付费榜[iPad][国区],itunes.apple.com,3
RrvWy61e5z,App Store,益智解谜游戏赚钱榜[iPad][国区],itunes.apple.com,3
Jndkm9Ao3V,App Store,竞速游戏免费榜[iPhone][国区],itunes.apple.com,3
4qv9NmmdaK,App Store,竞速游戏付费榜[iPhone][国区],itunes.apple.com,3
4MdA3XloxD,App Store,竞速游戏赚钱榜[iPhone][国区],itunes.apple.com,3
VaobylneAj,App Store,竞速游戏免费榜[iPad][国区],itunes.apple.com,3
BwdGr16vPx,App Store,竞速游戏付费榜[iPad][国区],itunes.apple.com,3
2me3NZEdwj,App Store,竞速游戏赚钱榜[iPad][国区],itunes.apple.com,3
3adqz8Leng,App Store,策略游戏免费榜[iPhone][国区],itunes.apple.com,3
Dgey1AweZq,App Store,策略游戏付费榜[iPhone][国区],itunes.apple.com,3
2KeDgKrdNP,App Store,策略游戏赚钱榜[iPhone][国区],itunes.apple.com,3
aEdZykNvrO,App Store,策略游戏免费榜[iPad][国区],itunes.apple.com,3
wkvlj3pez1,App Store,策略游戏付费榜[iPad][国区],itunes.apple.com,3
6YoVy6NeZa,App Store,策略游戏赚钱榜[iPad][国区],itunes.apple.com,3
DOvnM9VoEB,App Store,角色扮演游戏免费榜[iPhone][国区],itunes.apple.com,3
47o8kgqeMm,App Store,角色扮演游戏付费榜[iPhone][国区],itunes.apple.com,3
5PdMX6Gvmg,App Store,角色扮演游戏赚钱榜[iPhone][国区],itunes.apple.com,3
aqeEmJxe9R,App Store,角色扮演游戏免费榜[iPad][国区],itunes.apple.com,3
qndgy9poLl,App Store,角色扮演游戏付费榜[iPad][国区],itunes.apple.com,3
b0vmrqJdB1,App Store,角色扮演游戏赚钱榜[iPad][国区],itunes.apple.com,3
m4ejg93oxE,App Store,问答游戏免费榜[iPhone][国区],itunes.apple.com,3
nBe0Nnbv37,App Store,问答游戏赚钱榜[iPhone][国区],itunes.apple.com,3
proPK6leq6,App Store,问答游戏免费榜[iPad][国区],itunes.apple.com,3
x9oz28KoXb,App Store,问答游戏赚钱榜[iPad][国区],itunes.apple.com,3
3QeLL3Ge7k,App Store,音乐游戏免费榜[iPhone][国区],itunes.apple.com,3
YqoXyEzvOD,App Store,音乐游戏付费榜[iPhone][国区],itunes.apple.com,3
1Vd5N58e85,App Store,音乐游戏赚钱榜[iPhone][国区],itunes.apple.com,3
aqeEmGje9R,App Store,音乐游戏免费榜[iPad][国区],itunes.apple.com,3
qndgywLoLl,App Store,音乐游戏付费榜[iPad][国区],itunes.apple.com,3
b0vmrNWdB1,App Store,音乐游戏赚钱榜[iPad][国区],itunes.apple.com,3
m4ejgpyoxE,App Store,体育免费榜[iPhone][美区],itunes.apple.com,3
Q0orLl0d8B,App Store,体育付费榜[iPhone][美区],itunes.apple.com,3
nBe0NPjv37,App Store,体育赚钱榜[iPhone][美区],itunes.apple.com,3
proPKDOeq6,App Store,体育免费榜[iPad][美区],itunes.apple.com,3
WmoOBbDe4E,App Store,体育付费榜[iPad][美区],itunes.apple.com,3
x9oz28YoXb,App Store,体育赚钱榜[iPad][美区],itunes.apple.com,3
3QeLL3Je7k,App Store,健康健美免费榜[iPhone][美区],itunes.apple.com,3
YqoXyEKvOD,App Store,健康健美付费榜[iPhone][美区],itunes.apple.com,3
1Vd5N5ae85,App Store,健康健美赚钱榜[iPhone][美区],itunes.apple.com,3
3moBNbPoN5,App Store,健康健美免费榜[iPad][美区],itunes.apple.com,3
0MdKzbJvw1,App Store,健康健美付费榜[iPad][美区],itunes.apple.com,3
1VdJObkeLQ,App Store,健康健美赚钱榜[iPad][美区],itunes.apple.com,3
12owJlJeNV,App Store,儿童免费榜[iPhone][美区],itunes.apple.com,3
ARe1AOpe7n,App Store,儿童付费榜[iPhone][美区],itunes.apple.com,3
8Rv2NzDvLw,App Store,儿童赚钱榜[iPhone][美区],itunes.apple.com,3
anopOl9elZ,App Store,儿童免费榜[iPad][美区],itunes.apple.com,3
4Kvxwllokx,App Store,儿童付费榜[iPad][美区],itunes.apple.com,3
ENeYygweY4,App Store,儿童赚钱榜[iPad][美区],itunes.apple.com,3
pQvN5bmoNE,App Store,医疗免费榜[iPhone][美区],itunes.apple.com,3
yjvQJb4dbg,App Store,医疗付费榜[iPhone][美区],itunes.apple.com,3
7GdayLYdQy,App Store,医疗赚钱榜[iPhone][美区],itunes.apple.com,3
KGoRwyDvl6,App Store,医疗免费榜[iPad][美区],itunes.apple.com,3
MZd7NKYvrO,App Store,医疗付费榜[iPad][美区],itunes.apple.com,3
YKd6MBwvaP,App Store,医疗赚钱榜[iPad][美区],itunes.apple.com,3
RrvWybQe5z,App Store,参考资料付费榜[iPhone][美区],itunes.apple.com,3
JndkmxVo3V,App Store,参考资料赚钱榜[iPhone][美区],itunes.apple.com,3
4qv9NwqdaK,App Store,参考资料免费榜[iPad][美区],itunes.apple.com,3
4MdA3lNoxD,App Store,参考资料付费榜[iPad][美区],itunes.apple.com,3
VaobyXBeAj,App Store,参考资料赚钱榜[iPad][美区],itunes.apple.com,3
BwdGrbavPx,App Store,商务免费榜[iPhone][美区],itunes.apple.com,3
2me3NLbdwj,App Store,商务付费榜[iPhone][美区],itunes.apple.com,3
3adqzlmeng,App Store,商务赚钱榜[iPhone][美区],itunes.apple.com,3
Dgey1lpeZq,App Store,商务免费榜[iPad][美区],itunes.apple.com,3
2KeDgb5dNP,App Store,商务付费榜[iPad][美区],itunes.apple.com,3
aEdZymOvrO,App Store,商务赚钱榜[iPad][美区],itunes.apple.com,3
wkvljYgez1,App Store,图书免费榜[iPhone][美区],itunes.apple.com,3
6YoVyBGeZa,App Store,图书付费榜[iPhone][美区],itunes.apple.com,3
DOvnMnyoEB,App Store,图书赚钱榜[iPhone][美区],itunes.apple.com,3
47o8k4QeMm,App Store,图书免费榜[iPad][美区],itunes.apple.com,3
5PdMXjavmg,App Store,图书付费榜[iPad][美区],itunes.apple.com,3
aqeEm4je9R,App Store,图书赚钱榜[iPad][美区],itunes.apple.com,3
qndgynLoLl,App Store,图形与设计免费榜[iPhone][美区],itunes.apple.com,3
b0vmrnWdB1,App Store,图形与设计付费榜[iPhone][美区],itunes.apple.com,3
m4ejgnyoxE,App Store,图形与设计赚钱榜[iPhone][美区],itunes.apple.com,3
Q0orLn0d8B,App Store,图形与设计免费榜[iPad][美区],itunes.apple.com,3
nBe0N4jv37,App Store,图形与设计付费榜[iPad][美区],itunes.apple.com,3
proPKPOeq6,App Store,图形与设计赚钱榜[iPad][美区],itunes.apple.com,3
WmoOB0De4E,App Store,天气免费榜[iPhone][美区],itunes.apple.com,3
x9oz2MYoXb,App Store,天气付费榜[iPhone][美区],itunes.apple.com,3
3QeLLmJe7k,App Store,天气赚钱榜[iPhone][美区],itunes.apple.com,3
YqoXyJKvOD,App Store,天气免费榜[iPad][美区],itunes.apple.com,3
1Vd5N4ae85,App Store,天气付费榜[iPad][美区],itunes.apple.com,3
3moBN9PoN5,App Store,天气赚钱榜[iPad][美区],itunes.apple.com,3
0MdKzgJvw1,App Store,娱乐免费榜[iPhone][美区],itunes.apple.com,3
1VdJOEkeLQ,App Store,娱乐付费榜[iPhone][美区],itunes.apple.com,3
12owJnJeNV,App Store,娱乐赚钱榜[iPhone][美区],itunes.apple.com,3
ARe1A7pe7n,App Store,娱乐免费榜[iPad][美区],itunes.apple.com,3
8Rv2NVDvLw,App Store,娱乐付费榜[iPad][美区],itunes.apple.com,3
anopOn9elZ,App Store,娱乐赚钱榜[iPad][美区],itunes.apple.com,3
4Kvxwnlokx,App Store,导航免费榜[iPhone][美区],itunes.apple.com,3
ENeYywweY4,App Store,导航付费榜[iPhone][美区],itunes.apple.com,3
pQvN5rmoNE,App Store,导航赚钱榜[iPhone][美区],itunes.apple.com,3
yjvQJO4dbg,App Store,导航免费榜[iPad][美区],itunes.apple.com,3
7GdayaYdQy,App Store,导航付费榜[iPad][美区],itunes.apple.com,3
KGoRwzDvl6,App Store,导航赚钱榜[iPad][美区],itunes.apple.com,3
MZd7NAYvrO,App Store,工具免费榜[iPhone][美区],itunes.apple.com,3
YKd6M4wvaP,App Store,工具付费榜[iPhone][美区],itunes.apple.com,3
Ywv4N4RePa,App Store,工具赚钱榜[iPhone][美区],itunes.apple.com,3
RrvWyKQe5z,App Store,工具免费榜[iPad][美区],itunes.apple.com,3
JndkmnVo3V,App Store,工具付费榜[iPad][美区],itunes.apple.com,3
4MdA34NoxD,App Store,报刊杂志免费榜[iPhone][美区],itunes.apple.com,3
VaobynBeAj,App Store,报刊杂志付费榜[iPhone][美区],itunes.apple.com,3
BwdGr3avPx,App Store,报刊杂志赚钱榜[iPhone][美区],itunes.apple.com,3
2me3N4bdwj,App Store,报刊杂志免费榜[iPad][美区],itunes.apple.com,3
3adqznmeng,App Store,报刊杂志付费榜[iPad][美区],itunes.apple.com,3
Dgey1npeZq,App Store,报刊杂志赚钱榜[iPad][美区],itunes.apple.com,3
2KeDg85dNP,App Store,摄影与录像免费榜[iPhone][美区],itunes.apple.com,3
aEdZy1OvrO,App Store,摄影与录像付费榜[iPhone][美区],itunes.apple.com,3
wkvljngez1,App Store,摄影与录像赚钱榜[iPhone][美区],itunes.apple.com,3
6YoVyXGeZa,App Store,摄影与录像免费榜[iPad][美区],itunes.apple.com,3
DOvnMLyoEB,App Store,摄影与录像付费榜[iPad][美区],itunes.apple.com,3
47o8kMQeMm,App Store,摄影与录像赚钱榜[iPad][美区],itunes.apple.com,3
proPKrOeq6,App Store,教育付费榜[iPhone][美区],itunes.apple.com,3
WmoOBjDe4E,App Store,教育赚钱榜[iPhone][美区],itunes.apple.com,3
x9oz2NYoXb,App Store,教育免费榜[iPad][美区],itunes.apple.com,3
3QeLLEJe7k,App Store,教育付费榜[iPad][美区],itunes.apple.com,3
YqoXyBKvOD,App Store,教育赚钱榜[iPad][美区],itunes.apple.com,3
1Vd5N6ae85,App Store,旅游免费榜[iPhone][美区],itunes.apple.com,3
aqeEm6Me9R,App Store,旅游付费榜[iPhone][美区],itunes.apple.com,3
qndgymZoLl,App Store,旅游赚钱榜[iPhone][美区],itunes.apple.com,3
b0vmrzLdB1,App Store,旅游免费榜[iPad][美区],itunes.apple.com,3
m4ejg0goxE,App Store,旅游付费榜[iPad][美区],itunes.apple.com,3
Q0orLMDd8B,App Store,旅游赚钱榜[iPad][美区],itunes.apple.com,3
1Vd5N6We85,App Store,社交免费榜[iPhone][美区],itunes.apple.com,3
3moBN6yoN5,App Store,社交付费榜[iPhone][美区],itunes.apple.com,3
0MdKz65vw1,App Store,社交赚钱榜[iPhone][美区],itunes.apple.com,3
1VdJOD0eLQ,App Store,社交免费榜[iPad][美区],itunes.apple.com,3
12owJpkeNV,App Store,社交付费榜[iPad][美区],itunes.apple.com,3
ARe1Aale7n,App Store,社交赚钱榜[iPad][美区],itunes.apple.com,3
8Rv2NRKvLw,App Store,美食佳饮免费榜[iPhone][美区],itunes.apple.com,3
anopO5EelZ,App Store,美食佳饮付费榜[iPhone][美区],itunes.apple.com,3
4KvxwxPokx,App Store,美食佳饮赚钱榜[iPhone][美区],itunes.apple.com,3
ENeYyKjeY4,App Store,美食佳饮免费榜[iPad][美区],itunes.apple.com,3
pQvN5m9oNE,App Store,美食佳饮付费榜[iPad][美区],itunes.apple.com,3
yjvQJ0ndbg,App Store,美食佳饮赚钱榜[iPad][美区],itunes.apple.com,3
7GdayN7dQy,App Store,财务免费榜[iPhone][美区],itunes.apple.com,3
KGoRwPxvl6,App Store,财务付费榜[iPhone][美区],itunes.apple.com,3
MZd7N6lvrO,App Store,财务赚钱榜[iPhone][美区],itunes.apple.com,3
YKd6MVKvaP,App Store,财务免费榜[iPad][美区],itunes.apple.com,3
Ywv4N6pePa,App Store,财务付费榜[iPad][美区],itunes.apple.com,3
RrvWy4ke5z,App Store,财务赚钱榜[iPad][美区],itunes.apple.com,3
JndkmGpo3V,App Store,购物免费榜[iPhone][美区],itunes.apple.com,3
4qv9NPbdaK,App Store,购物付费榜[iPhone][美区],itunes.apple.com,3
4MdA3JLoxD,App Store,购物赚钱榜[iPhone][美区],itunes.apple.com,3
Vaoby4MeAj,App Store,购物免费榜[iPad][美区],itunes.apple.com,3
BwdGrYMvPx,App Store,购物付费榜[iPad][美区],itunes.apple.com,3
2me3NEkdwj,App Store,购物赚钱榜[iPad][美区],itunes.apple.com,3
3adqzGxeng,App Store,软件开发工具免费榜[iPhone][美区],itunes.apple.com,3
Dgey1GMeZq,App Store,软件开发工具付费榜[iPhone][美区],itunes.apple.com,3
2KeDg2XdNP,App Store,软件开发工具赚钱榜[iPhone][美区],itunes.apple.com,3
aEdZyV8vrO,App Store,软件开发工具免费榜[iPad][美区],itunes.apple.com,3
wkvljG4ez1,App Store,软件开发工具付费榜[iPad][美区],itunes.apple.com,3
6YoVyAKeZa,App Store,软件开发工具赚钱榜[iPad][美区],itunes.apple.com,3
DOvnMGDoEB,App Store,音乐免费榜[iPhone][美区],itunes.apple.com,3
47o8k0LeMm,App Store,音乐付费榜[iPhone][美区],itunes.apple.com,3
5PdMXWlvmg,App Store,音乐赚钱榜[iPhone][美区],itunes.apple.com,3
aqeEmpMe9R,App Store,音乐免费榜[iPad][美区],itunes.apple.com,3
qndgyGZoLl,App Store,音乐付费榜[iPad][美区],itunes.apple.com,3
b0vmrGLdB1,App Store,音乐赚钱榜[iPad][美区],itunes.apple.com,3
m4ejgGgoxE,App Store,休闲免费榜[iPhone][美区],itunes.apple.com,3
Q0orLGDd8B,App Store,休闲付费榜[iPhone][美区],itunes.apple.com,3
nBe0NaDv37,App Store,休闲赚钱榜[iPhone][美区],itunes.apple.com,3
proPK46eq6,App Store,休闲免费榜[iPad][美区],itunes.apple.com,3
WmoOB4be4E,App Store,休闲付费榜[iPad][美区],itunes.apple.com,3
x9oz2GMoXb,App Store,休闲赚钱榜[iPad][美区],itunes.apple.com,3
3QeLL7Ee7k,App Store,体育免费榜[iPhone][美区],itunes.apple.com,3
YqoXy44vOD,App Store,体育付费榜[iPhone][美区],itunes.apple.com,3
1Vd5NmWe85,App Store,体育赚钱榜[iPhone][美区],itunes.apple.com,3
3moBNwyoN5,App Store,体育免费榜[iPad][美区],itunes.apple.com,3
0MdKzR5vw1,App Store,体育付费榜[iPad][美区],itunes.apple.com,3
1VdJOa0eLQ,App Store,体育赚钱榜[iPad][美区],itunes.apple.com,3
12owJ8keNV,App Store,冒险游戏免费榜[iPhone][美区],itunes.apple.com,3
ARe1ARle7n,App Store,冒险游戏付费榜[iPhone][美区],itunes.apple.com,3
8Rv2N7KvLw,App Store,冒险游戏赚钱榜[iPhone][美区],itunes.apple.com,3
anopOqEelZ,App Store,冒险游戏免费榜[iPad][美区],itunes.apple.com,3
4KvxwGPokx,App Store,冒险游戏付费榜[iPad][美区],itunes.apple.com,3
ENeYy4jeY4,App Store,冒险游戏赚钱榜[iPad][美区],itunes.apple.com,3
pQvN5M9oNE,App Store,动作游戏免费榜[iPhone][美区],itunes.apple.com,3
yjvQJ4ndbg,App Store,动作游戏付费榜[iPhone][美区],itunes.apple.com,3
7GdayG7dQy,App Store,动作游戏赚钱榜[iPhone][美区],itunes.apple.com,3
KGoRw4xvl6,App Store,动作游戏免费榜[iPad][美区],itunes.apple.com,3
MZd7NrlvrO,App Store,动作游戏付费榜[iPad][美区],itunes.apple.com,3
YKd6MjKvaP,App Store,动作游戏赚钱榜[iPad][美区],itunes.apple.com,3
Ywv4NgpePa,App Store,卡牌游戏免费榜[iPhone][美区],itunes.apple.com,3
RrvWyXke5z,App Store,卡牌游戏付费榜[iPhone][美区],itunes.apple.com,3
Jndkmjpo3V,App Store,卡牌游戏赚钱榜[iPhone][美区],itunes.apple.com,3
4MdA3GLoxD,App Store,卡牌游戏付费榜[iPad][美区],itunes.apple.com,3
VaobyNMeAj,App Store,卡牌游戏赚钱榜[iPad][美区],itunes.apple.com,3
BwdGrWMvPx,App Store,字谜游戏免费榜[iPhone][美区],itunes.apple.com,3
2me3NVkdwj,App Store,字谜游戏付费榜[iPhone][美区],itunes.apple.com,3
3adqzLxeng,App Store,字谜游戏赚钱榜[iPhone][美区],itunes.apple.com,3
Dgey12MeZq,App Store,字谜游戏免费榜[iPad][美区],itunes.apple.com,3
2KeDgWXdNP,App Store,字谜游戏付费榜[iPad][美区],itunes.apple.com,3
aEdZyK8vrO,App Store,字谜游戏赚钱榜[iPad][美区],itunes.apple.com,3
5PdMXElvmg,App Store,家庭聚会游戏付费榜[iPad][美区],itunes.apple.com,3
aqeEm8Me9R,App Store,家庭聚会游戏赚钱榜[iPad][美区],itunes.apple.com,3
qndgy6ZoLl,App Store,桌面游戏免费榜[iPhone][美区],itunes.apple.com,3
b0vmr0LdB1,App Store,桌面游戏付费榜[iPhone][美区],itunes.apple.com,3
m4ejgmgoxE,App Store,桌面游戏赚钱榜[iPhone][美区],itunes.apple.com,3
Q0orLXDd8B,App Store,桌面游戏免费榜[iPad][美区],itunes.apple.com,3
nBe0NVDv37,App Store,桌面游戏付费榜[iPad][美区],itunes.apple.com,3
proPKj6eq6,App Store,桌面游戏赚钱榜[iPad][美区],itunes.apple.com,3
WmoOBmbe4E,App Store,模拟游戏免费榜[iPhone][美区],itunes.apple.com,3
x9oz2pMoXb,App Store,模拟游戏付费榜[iPhone][美区],itunes.apple.com,3
3QeLLDEe7k,App Store,模拟游戏赚钱榜[iPhone][美区],itunes.apple.com,3
YqoXy54vOD,App Store,模拟游戏免费榜[iPad][美区],itunes.apple.com,3
1Vd5NWWe85,App Store,模拟游戏付费榜[iPad][美区],itunes.apple.com,3
aqeEm8le9R,App Store,模拟游戏赚钱榜[iPad][美区],itunes.apple.com,3
qndgy6XoLl,App Store,益智解谜游戏免费榜[iPhone][美区],itunes.apple.com,3
b0vmr0XdB1,App Store,益智解谜游戏付费榜[iPhone][美区],itunes.apple.com,3
m4ejgm1oxE,App Store,益智解谜游戏赚钱榜[iPhone][美区],itunes.apple.com,3
Q0orLX2d8B,App Store,益智解谜游戏免费榜[iPad][美区],itunes.apple.com,3
nBe0NV5v37,App Store,益智解谜游戏付费榜[iPad][美区],itunes.apple.com,3
WmoOBmEe4E,App Store,竞速游戏免费榜[iPhone][美区],itunes.apple.com,3
x9oz2pDoXb,App Store,竞速游戏付费榜[iPhone][美区],itunes.apple.com,3
3QeLLDWe7k,App Store,竞速游戏赚钱榜[iPhone][美区],itunes.apple.com,3
YqoXy5nvOD,App Store,竞速游戏免费榜[iPad][美区],itunes.apple.com,3
1Vd5NWMe85,App Store,竞速游戏付费榜[iPad][美区],itunes.apple.com,3
3moBNWMoN5,App Store,竞速游戏赚钱榜[iPad][美区],itunes.apple.com,3
0MdKzWpvw1,App Store,策略游戏免费榜[iPhone][美区],itunes.apple.com,3
1VdJOWGeLQ,App Store,策略游戏付费榜[iPhone][美区],itunes.apple.com,3
12owJwaeNV,App Store,策略游戏赚钱榜[iPhone][美区],itunes.apple.com,3
ARe1A48e7n,App Store,策略游戏免费榜[iPad][美区],itunes.apple.com,3
8Rv2Ny1vLw,App Store,策略游戏付费榜[iPad][美区],itunes.apple.com,3
anopOP0elZ,App Store,策略游戏赚钱榜[iPad][美区],itunes.apple.com,3
4KvxwJEokx,App Store,角色扮演游戏免费榜[iPhone][美区],itunes.apple.com,3
ENeYy3GeY4,App Store,角色扮演游戏付费榜[iPhone][美区],itunes.apple.com,3
pQvN5qAoNE,App Store,角色扮演游戏赚钱榜[iPhone][美区],itunes.apple.com,3
yjvQJ3adbg,App Store,角色扮演游戏免费榜[iPad][美区],itunes.apple.com,3
7Gdayn2dQy,App Store,角色扮演游戏付费榜[iPad][美区],itunes.apple.com,3
KGoRwDQvl6,App Store,角色扮演游戏赚钱榜[iPad][美区],itunes.apple.com,3
MZd7NZgvrO,App Store,问答游戏免费榜[iPhone][美区],itunes.apple.com,3
YKd6MygvaP,App Store,问答游戏付费榜[iPhone][美区],itunes.apple.com,3
Ywv4Nn9ePa,App Store,问答游戏赚钱榜[iPhone][美区],itunes.apple.com,3
RrvWy3le5z,App Store,问答游戏免费榜[iPad][美区],itunes.apple.com,3
Jndkmg7o3V,App Store,问答游戏付费榜[iPad][美区],itunes.apple.com,3
4MdA3yZoxD,App Store,音乐游戏免费榜[iPhone][美区],itunes.apple.com,3
Vaoby3PeAj,App Store,音乐游戏付费榜[iPhone][美区],itunes.apple.com,3
BwdGryXvPx,App Store,音乐游戏赚钱榜[iPhone][美区],itunes.apple.com,3
2me3Ny0dwj,App Store,音乐游戏免费榜[iPad][美区],itunes.apple.com,3
3adqzOzeng,App Store,音乐游戏付费榜[iPad][美区],itunes.apple.com,3
Dgey1wNeZq,App Store,音乐游戏赚钱榜[iPad][美区],itunes.apple.com,3
aEdZy3kvrO,App Store,游戏付费榜[iPhone][国区],itunes.apple.com,3
6YoVy3BeZa,App Store,游戏免费榜[iPad][国区],itunes.apple.com,3
DOvnMrLoEB,App Store,游戏付费榜[iPad][国区],itunes.apple.com,3
5PdMX8Evmg,App Store,游戏免费榜[iPhone][美区],itunes.apple.com,3
aqeEmlle9R,App Store,游戏付费榜[iPhone][美区],itunes.apple.com,3
b0vmrMXdB1,App Store,游戏免费榜[iPad][美区],itunes.apple.com,3
m4ejgE1oxE,App Store,游戏付费榜[iPad][美区],itunes.apple.com,3
proPK3meq6,TechWeb,热门人物,techweb.com.cn,2
x9oz21DoXb,TechWeb,移动互联,techweb.com.cn,2
3QeLLyWe7k,TechWeb,移动应用,techweb.com.cn,2
1VdJOyGeLQ,TechWeb,经营,techweb.com.cn,2
12owJKaeNV,TechWeb,评论,techweb.com.cn,2
ARe1AJ8e7n,TechWeb,数据,techweb.com.cn,2
5PdMXKEvmg,Steam 免費遊戲情報站,GOG,freesteam.games,3
nBe0NK5v37,Hao4K影音,最新发表,hao4k.cn,4
proPK5Beq6,通灵卡片,,yuqiqin.me,10
WmoOBXxe4E,暮冬Z羡慕的博客,,forcheetah.github.io,10
4KvxwNjokx,Digital Trends,Today,digitaltrends.com,2
ENeYyYkeY4,Digital Trends,Computing,digitaltrends.com,2
pQvN5LyoNE,Digital Trends,Mobile,digitaltrends.com,2
yjvQJBkdbg,Digital Trends,Gaming,digitaltrends.com,2
Q0orLWnd8B,二歪同学,,waistu.com,10
nBe0N3Qv37,Xingyu Chen (陈星宇),,cxy0714.github.io,10
proPK94eq6,LiuShen's Blog,,blog.liushen.fun,10
nBe0N3Ev37,乐于分享网,,fffxx.com,10
3QeLLKAe7k,Huan's Blog,,blog.huan99.com,10
YqoXy78vOD,泫言,,blog.cugxuan.cn,10
1Vd5N9Ke85,FrWalker's Blog,,blog.frwalker.top,10
3moBNMVoN5,Sunset 的重构博客,,blog.sunmkt.uk,10
0MdKzB2vw1,Flowable中文博客,,flowable.me,10
1VdJO5ZeLQ,顺毛师之家,,cvzoo.cn,10
12owJ1meNV,Rolenx,,home.yesord.top,10
ARe1A62e7n,春水煎茶,,writings.sh,10
8Rv2N4nvLw,KEKKJ BLOG,,kekkj123.github.io,10
anopOMBelZ,s22y,,blog.s22y.moe,10
4Kvxw2wokx,疯子的天空,,xuexc.cn,10
ENeYy6peY4,别年,,fylsen.com,10
pQvN5w8oNE,冰屋,,blog.millya.top,10
yjvQJp6dbg,韩小韩博客,,vvhan.com,10
7Gday3LdQy,蒙需,,jiangcl.com,10
KGoRwxzvl6,阿杰鲁的自留地,,ajie.lu,10
MZd7Nb6vrO,容器 | 大数据笔记,,runzhliu.cn,10
Ywv4NkWePa,YOLO Blog,,yolo.blue,10
4qv9N3pdaK,Origin Bai,,obai.cc,10
4MdA3mPoxD,云端的解构者 | 西行寺岩羊的博客,,zheep.top,10
BwdGrzgvPx,Peng's Blog,,pengs.top,10
3moBNL9oN5,Watermelonabc的Blog,,watermelonabc.top,10
BwdGr9jvPx,首页 on UNIXETC,,unixetc.com,10
2KeDg4QdNP,出海网,出海日报,chwang.com,2
wkvlj7qez1,理想股票技术论坛,软件数据教程-技术交流论坛,55188.com,4
4KvxwD9okx,硅上观道的个人博客,,changsun.work,10
m4ejgVroxE,Blanboom,,blanboom.org,10
Ywv471MoPa,Frange Zone,,frangezone.github.io,10
4KvxR50ekx,Huli,,blog.huli.tw,10
4qv97JbeaK,TCPGNL,,tcpgnl.com,10
yjvQXzaobg,Zenith Talent Tenable,,zttofficial.com,10
MZd77mgdrO,ZhaoQuinn 's Blog,,zhaoq.me,10
4MdA7BZoxD,Zwh's Blog,,zwh.moe,10
BwdGEAXoPx,⑨BIE,,9bie.org,10
2me37z0ewj,いつの間に,,iinorii.com,10
3adqNEzeng,"一个博客站点,记录各种事情",,blog.logc.icu,10
wkvl2JYez1,一只橙梓一个窝,,blog.orangii.cn,10
6YoVw8BvZa,一叶知秋,,blog.rain.cx,10
DOvnxJLeEB,一座島 - 一座島，一個人，一個世界。,,island.shaform.com,10
m4ejwD1oxE,一颗柚子的小站,,blog.ikyozi.cn,10
Q0orDg2d8B,七仔的博客,,baby7blog.com,10
proPLOmoq6,万事屋,,tcya.xyz,10
aqeE3wPv9R,不曾长大-秦飞的个人空间,,qfsyj.com,10
b0vmp26oB1,世界,,sekai.icu,10
x9ozbOnoXb,乱谈府,,laffitto.xyz,10
0MdKrQ8vw1,五福在家 自得其乐,,wuwufu.com,10
1VdJjYgdLQ,五葉魔法書,,grimoire.cn,10
8Rv2xGgeLw,今日 | 有悟 | 有物,,youwu.today,10
anopNDydlZ,从01开始,,peterjxl.com,10
ENeYpNkdY4,代码的那些事,,hustoj.com,10
Ywv479XoPa,余光的部落格,,idawnlight.com,10
BwdGE7OoPx,俍注,,oneinf.com,10
aEdZxlBorO,六小編 Editor Leon,,editor.leonh.space,10
wkvl24kez1,兮陌的个人空间,,simaek.com,10
6YoVwpMvZa,关关和六六 ' blog,,gmcllp.cn,10
5PdMPZ0vmg,冰橘的小窝,,blog.moe233.net,10
qndgBk0vLl,凯露的魔法书,,kyaru.xyz,10
b0vmp46oB1,别闹了程序猿,,hui61.com,10
m4ejwqVoxE,前端小武的博客,,xuexb.com,10
3QeL0Vze7k,千雪的咖啡厅,,blog.chyk.ink,10
YqoX2wqdOD,半个C++程序员,,cppdebug.com,10
0MdKrK8vw1,卡秋莎的小窝,,katyusha.net,10
anopNYydlZ,双猫CC,,catcat.cc,10
4KvxRYjekx,双绞麻痹,,numb.tech,10
7GdaPqyvQy,叶星优酸乳,,aaronnick.github.io,10
RrvW1lKe5z,启福,,qifu.me,10
wkvl2lkez1,咸湖的盐鱼,,soaked.in,10
DOvnxa7eEB,唐玥璨 | 博客,,tangyuecan.com,10
47o87YDeMm,啊不都的自留地,,abudu.top,10
aqeE3VPv9R,喵's StackHarbor,,sh.alynx.one,10
qndgBQ0vLl,喵了个咪乎 Cat My Dog,,y1ng.org,10
m4ejwQVoxE,因为很想念,,ltmltm.cn,10
nBe02Bzv37,坐卧行吟,,lihuazhi.com,10
proPLJBoq6,城南讲马堂,,christangdt.home.blog,10
3QeL0Jze7k,夏·祈·楓,,flymc.cc,10
YqoX2bqdOD,夜将夜,,yejiangye.com,10
1Vd5ArGd85,夜未央,,savouer.com,10
Q0orDqYd8B,天祺围棋,,tianqiweiqi.com,10
proPLJ0oq6,天雨的博客 - Masterain,,blog.irain.in,10
x9ozbqJoXb,套路猿,,blog.taoluyuan.com,10
3QeL0Jwe7k,奥利弗的狗窝,,aolifu.org,10
1VdJjBMdLQ,如是乎 · 生活百味随笔,,rushihu.com,10
ARe1pE7d7n,妄尘驿,,blog.wcysite.com,10
8Rv2xgReLw,妙镜,,cxumol.com,10
yjvQXxBobg,学无止境@一点一滴,,yibie.github.io,10
MZd77PpdrO,安和Blog,,ahcorn.github.io,10
YKd670neaP,寂静花园,,addesp.com,10
Ywv47jzoPa,寒寒的博客,,blog.alikia2x.com,10
4qv97zneaK,小城寒风,,blog.atago.moe,10
VaobOaqvAj,小小博客,,shagain.club,10
BwdGELJoPx,小小小日天的博客,,359303267.github.io,10
2me37mXewj,小小黑的个人小站,,lonelyenderman.top,10
aEdZxgqorO,小打小闹写点bug,,liutos.github.io,10
5PdMPmRvmg,小猪的窝,,ezo.biz,10
aqeE32Dv9R,小王子,,wanghao.me,10
qndgB48vLl,小石同学,,blog.shiyunhong.com,10
b0vmp82oB1,小祝同学的日常,,zzy2001.com,10
nBe02gBv37,小金鱼儿,,haoyu.love,10
proPL00oq6,小陈故事,,chener.net,10
WmoOzrle4E,小霖的梦花园,,xiaolin.in,10
YqoX2KPdOD,尚寂新,,shangjixin.com,10
3moB828dN5,尺宅杂记,,qncd.com,10
0MdKrE9vw1,属于CYY自己的世界,,blog.cyyself.name,10
8Rv2xjReLw,山葵酱部落格,,wasabi.fun,10
anopNyqdlZ,山野平原居茶馆,,lm.tanuki.moe,10
4KvxRZ1ekx,山野愚人居,,iyuren.com,10
pQvNOjJdNE,岁寒,,lvwenhan.com,10
MZd77zpdrO,川叶 :: 不舍昼夜,,blog.lishun.me,10
RrvW1Bge5z,己羊的梦,,jiyang00.github.io,10
4qv97XneaK,帕琪的小屋,,pakiknowledge.pages.dev,10
DgeyNrBoZq,弋牧,,emuia.com,10
DOvnxzpeEB,当下,,blog.fueis.com,10
47o87breMm,徐令予博客,,lingyu.blog,10
qndgBg8vLl,心灵博客,,blog.dngz.net,10
WmoOzlle4E,思斯作响,,thinkaloud.cc,10
YqoX2gPdOD,惶心博客,,huangxin.dev,10
1Vd5AaNd85,成功他媽．阿瑋,,kwchang0831.dev,10
aqeE3Z3v9R,我叫尤加利,,youjiali1995.github.io,10
nBe02WQv37,扫地老僧的Blog,,doyj.com,10
3QeL0lBe7k,掘火档案,,digforfire.net,10
3moB8ZgdN5,文武科技社,,blog.wangdu.site,10
0MdKrl0vw1,文章列表 on polarisxu,,polarisxu.studygolang.com,10
1VdJjlqdLQ,新世界的大门,,blog.xinshijiededa.men,10
12owZm0eNV,新鲜事 on clsty 的网络空间站,,css.celestialy.top,10
ARe1pWqd7n,旅行漫记,,synyan.cn,10
ENeYpm6dY4,无妄当自持,,insidentally.com,10
7GdaPXQvQy,旧时光,,moc.qq.pcno.cn,10
MZd772xdrO,明月的温馨小窝,,mooncn.win,10
RrvW17xe5z,星外之神 Blog,,wszqkzqk.github.io,10
Jndk1w5o3V,星尘独奏曲,,starduster.me,10
3adqN0yeng,是Kiri的博客呢,,kirikira.moe,10
DgeyNK7oZq,晓白博客,,blog.chs.pub,10
2KeD7zPdNP,晨旭的博客~,,chenxublog.com,10
6YoVw77vZa,月月月子喵~,,haozi.moe,10
5PdMPMXvmg,木先森,,meizg.cn,10
aqeE3M3v9R,木土金王可,,dujinke.com,10
m4ejwJpoxE,未知狐的小窝,,xfox.fun,10
proPL74oq6,机械境,,gythialy.github.io,10
3moB8PgdN5,杨昀,,subrige.xyz,10
1VdJjJqdLQ,杨钦元 - 博客,,yangqinyuan.com,10
12owZ50eNV,杰克部落,,renjikai.com,10
ARe1p2qd7n,极一's Blog,,jiyiblog.com,10
4KvxRBLekx,果果喵,,moe.xin,10
ENeYpk6dY4,枫茶舍,,hsiaofeng.com,10
pQvNO7NdNE,柏园猫のBlog,,nekomoe.xyz,10
7GdaP0QvQy,染念Blog,,dyedd.cn,10
YKd673JeaP,柯罗krau的博客 | krau's blog,,krau.top,10
RrvW1Axe5z,框架师,,mobaijun.com,10
4MdA7r5oxD,森木志,,imxxz.cn,10
wkvl2ZPez1,欠陥電気の摸鱼小池,,blog.apeiria.net,10
DOvnxlleEB,比目鱼博客：Bimuyu's Blog,,bimuyu.com,10
5PdMP1Xvmg,毛俊的博客,,maojun.xyz,10
aqeE3z3v9R,水景一页,,cnzhx.net,10
qndgBZlvLl,水清无鱼,,bosir.cn,10
m4ejwZpoxE,江村暮的个人网站,,rene.wang,10
YqoX2WxdOD,沧水的博客,,cangshui.net,10
aqeE3zrv9R,法庭線 The Witness,,thewitnesshk.com,10
m4ejwZ4oxE,浣心／Heart of Sleeve,,blog.loikein.one,10
Q0orD3Wd8B,海上的宫殿,,soha.moe,10
3QeL0wxe7k,涼花的书房,,suzuka.cc,10
0MdKrkavw1,湛蓝的调色板,,nekoq.eu.org,10
ENeYpODdY4,燕渡寒潭,,hisherry.com,10
pQvNOkVdNE,牧羊人,,shephe.com,10
yjvQXkzobg,狡猫三窝,,slykiten.com,10
YKd67zOeaP,猫叔,,maoshu.me,10
Ywv47PaoPa,猫叔博客,,blog.mcoo.cc,10
RrvW107e5z,猫鱼的小窝  –  2Cat.Net,,2cat.net,10
4MdA7k3oxD,琚致远,,juzhiyuan.me,10
VaobO1OvAj,生命之旅,,hazyman.com,10
BwdGEk8oPx,生活不在别处,,kuact.com,10
2me370Zewj,生活不在别处,,kuact.com,10
DgeyNjnoZq,白板报,,baibanbao.net,10
aEdZxMVorO,皮普的数字花园,,pipuwong.com,10
wkvl2zrez1,相逢一场,,unmei.cn,10
6YoVwr3vZa,睡月花儿,,gagahappy.com,10
5PdMPDpvmg,硬盘在歌唱,,disksing.com,10
m4ejwP4oxE,稚昂长,,yzyyz.top,10
nBe02mEv37,立云图志,,lopwon.com,10
proPLknoq6,竹林里有冰的博客,,zhul.in,10
WmoOzyOe4E,竹炉山房,,synyan.cn,10
3QeL0kxe7k,简简单单,,lele3.github.io,10
3moB8NzdN5,米米的博客,,zhangshuqiao.org,10
12owZJBeNV,绯索卡 · Phesoca,,phesoca.com,10
4KvxRwrekx,美樂地,,meledee.com,10
ENeYpyDdY4,翰林的小站,,blog.hanlin.press,10
pQvNO5VdNE,老兄de博客,,moec.top,10
yjvQXJzobg,老虎不吃人,,tdeh.top,10
7GdaPykvQy,老陈の咸鱼日常,,fantanstic.top,10
2me37NZewj,致郁系,,juroku.net,10
aEdZxyVorO,茶栗栗屋,,chariri.moe,10
wkvl2jrez1,荷戟独彷徨,,guanqr.com,10
DOvnxM2eEB,菠菜眾長,,lruihao.cn,10
47o87k2eMm,落雨宸的时光机,,blog.lzc256.com,10
qndgByVvLl,薄荷的猫草,,mou.ge,10
m4ejwg4oxE,虎窝,,blog.ahu.moe,10
Q0orDLWd8B,虞双齐爱折腾,,yushuangqi.com,10
nBe02NEv37,蚊BloG,,mozz.ie,10
x9ozb2xoXb,血衫非弧の一存,,blog.kelu.org,10
3QeL0Lxe7k,行者无疆 始于足下,,xiaohanyu.me,10
aqeE33gv9R,西枫里博客,,anji66.net,10
qndgBBxvLl,覆沉,,blog.ryey.icu,10
proPLLpoq6,读来依然摄影博客,,wind.ink,10
8Rv2xxneLw,软通达,,cyddgh.github.io,10
anopNNBdlZ,辛未羊的网络日志,,panqiincs.me,10
4KvxRRwekx,辟谣吧,,piyaoba.org,10
pQvNOO8dNE,迎風别葉,,yingfeng.me,10
7GdaPPLvQy,连波的闲谈杂鱼,,godruoyi.com,10
KGoR55zel6,迷你日志,,minirizhi.com,10
Ywv477WoPa,逆风的小窝,,blog.imnifeng.com,10
RrvW113e5z,逍遥隐士,,cry33.com,10
4qv977peaK,郝海龙,,haohailong.net,10
VaobOOgvAj,醉乐轩,,behappy.cc,10
BwdGEEgoPx,钧言极客,,jinjun.top,10
2me377newj,银河美术馆 Gallery of Galaxy,,blog.beautyyu.one,10
5PdMPP7vmg,随风沐虐,,munue.com,10
1Vd5xAMv85,财新博客,知识分子,zhishifenzi.blog.caixin.com,10
ENeYLjqdY4,Release notes from weekly,,github.com,10
KGoRAb1el6,Advanced-Frontend/Daily-Intervie,,github.com,10
MZd7x0GerO,haizlin/fe-interview Issues,,github.com,10
4qv9AEqvaK,Gqqnbig的专栏,,gqqnbig.me,10
YqoXQr4vOD,雷击木-LeiJiMu,,leijimu.com,10
8Rv21JKoLw,优哉·幽斋,,liyaos.com,10
yjvQNGndbg,Touko's diary,,touko.moe,10
qndg1bZoLl,文武双全,,jicker.cn,10
6YoVVPBoZa,彩虹海是我哒,,blog.flxxyz.com,10
Q0orpQ2d8B,LifeWieller,,lifewieller.com,10
proPBEmdq6,Quality Matters,,blog.yuanbin.me,10
YKd6JJgdaP,Zimoo's Blog,,blog.zimoo.me,10
RrvWOOlv5z,ZGQ's,,blog.izgq.net,10
anop0pyolZ,疯子的自留地,,pjf.name,10
aEdZqZBvrO,In Wandering,,xiaoyuann.me,10
wkvlMBkdz1,FreeThinking,,journal.yinfor.com,10
5PdMNa0emg,David Zhang,,crispgm.com,10
WmoOGqlo4E,写代码的猴子,,jaeger.itscoder.com,10
Ywv4J8zePa,盐酸小姐,,misshcl.com,10
aEdZqXqvrO,When Winter Fell,,tianyaqu.com,10
7GdabjOeQy,鸿毛21,,hongmao21.com,10
Ywv4JEzePa,BlahGeek's Blog,,blog.blahgeek.com,10
RrvWOYgv5z,蔓草札记,,xuhehuan.com,10
4MdAapbdxD,Michael`s blog,,toplee.com,10
3adqQrydng,葵中剑,,swordair.com,10
aEdZqDgvrO,凌晨四点的蓝,,loststop.com,10
4qv9bj0daK,M.J,,webjyh.com,10
4MdAaQ5dxD,pre-sence.com,,pre-sence.com,10
proPBOndq6,Lance's Blog,,lance.moe,10
proPBYndq6,吕小荣,,mednoter.com,10
YqoXzw8dOD,东方网,上海,wap.eastday.com,1
Q0orpBPd8B,僵尸王故事,,jsw8.net,3
b0vmlgGoB1,天天一笑笑,冷笑话,tiantianxiaoxiao.com,3
m4ejXJmvxE,天天一笑笑,幽默笑话,tiantianxiaoxiao.com,3
Q0orpPzd8B,天天一笑笑,笑话大全,tiantianxiaoxiao.com,3
nBe0JAKv37,天天一笑笑,糗事,tiantianxiaoxiao.com,3
wkvlMzjdz1,虎扑社区,步行街主干道最新发帖,bbs.hupu.com,4
ARe1Qbpe7n,烟台论坛,烟台山下,ytbbs.com,4
Dgey9ApeZq,PhoneArena,Phones,phonearena.com,2
DOvnNQyvEB,江油论坛,今日江油,sc518.com,4
6YoVV3MoZa,知乎话题,宠物,zhihu.com,1
aEdZqOMvrO,runningcheese’s Activity,,github.com,10
Q0orpK5d8B,绍兴E网,绍兴杂谈,e0575.cn,4
aEdZZAXdrO,ScienceDirect Publication: Earth,,sciencedirect.com,2
RrvWV41o5z,ZAKER,武志红,myzaker.com,1
7Gdagr7oQy,Board Game Arena,,forum.boardgamearena.com,4
VaobmkMeAj,Trancefamilyglobal Official,,trancefamilyglobal-official.com,10
pQvN2Z8vNE,FT中文网,露西•凯拉韦,ftchinese.com,1
4KvxK59okx,Chiphell,品质生活,chiphell.com,4
KGoR1l5el6,刘安猪_Andrew 的 bilibili 空间,,space.bilibili.com,10
pQvN2ONvNE,Ministry of Health,News Highlights,moh.gov.sg,1
5PdML9Xvmg,科技島讀,,soundcloud.com,10
proPVy4dq6,花花与三猫CatLive 的 bilibili 空间,,space.bilibili.com,10
KGoR14bel6,电影传送门主页妹 的 bilibili 空间,,space.bilibili.com,10
proPVXOdq6,水木社区,超强万能管理器,newsmth.net,4
YqoXNpKdOD,微夏博客网,,vxia.net,10
1Vd5R1ae85,liuyukuan的专栏,,blog.csdn.net,10
RrvWxgkd5z,幽默笑话,笑话大全,xiaohuayoumo.com,3
2KeDJYDvNP,中金在线,国内财经,3g.cnfol.com,6
aEdZD0korO,中金在线,证券要闻,3g.cnfol.com,6
wkvlDaYvz1,中金在线,国际财经,3g.cnfol.com,6
6YoVDgBdZa,中金在线,产业经济,3g.cnfol.com,6
DOvng7LdEB,中金在线,IT,3g.cnfol.com,2
47o8pz0oMm,中金在线,消费,3g.cnfol.com,6
m4ejqgrdxE,搜狐号,微果酱,sohu.com,10
Q0or4LPd8B,搜狐号,新榜,sohu.com,10
nBe0MNyo37,搜狐号,成功营销,sohu.com,10
proPYKkvq6,搜狐号,富日记,sohu.com,10
WmoODBBv4E,搜狐号,雨果网,sohu.com,10
x9ozO2bvXb,搜狐号,短视频培训顾小雨,sohu.com,10
YqoXGy6eOD,搜狐号,终结诈骗,sohu.com,10
Jndk49ye3V,科学网,数理科学论文,paper.sciencenet.cn,2
1VdJYy0vLQ,Youtube,GoPro,youtube.com,3
YKd68yKoaP,Reddit,Google Play Deals,reddit.com,4
Ywv49npdPa,Android Apps - Mobilism,,forum.mobilism.org,4
RrvWNako5z,xda-developers,,xda-developers.com,4
4qv98QboaK,9GAG,All Posts,9gag.com,4
2KeD1rXoNP,Reddit,All Posts,reddit.com,4
proPY1mvq6,📣Announcements - Dynalist Forum,,talk.dynalist.io,4
MZd7w1gdrO,蚁阅更新日志,,rss.anyant.com,10
2me3KB0ewj,英文阅读网,名人传记,enread.com,1
3adqyJzdng,英文阅读网,生活英语,enread.com,1
proPY94vq6,tlanyan,,tlanyan.me,10
1VdJYmpvLQ,ACSM's Health & Fitness Journal,,journals.lww.com,1
12owrzBeNV,Youtube,"""Exercises in Futility"" Archive",youtube.com,3
Vaob96OeAj,ETSI News & Press,,etsi.org,1
3QeLYrxo7k,不吐不快,,mianao.info,10
0MdKKQpdw1,海布里天井,,feimind.xyz,10
1Vd5rVYe85,博客园_Bilinico,,cnblogs.com,10
4MdAjrZexD,Nala Ginrut's Blog,,nalaginrut.com,10
1VdJBKGdLQ,科学网招生招聘,信息科学,talent.sciencenet.cn,2
MZd7P7DerO,OELoop 的 bilibili 空间,,space.bilibili.com,10
YKd607boaP,伊丽莎白鼠 的 bilibili 空间,,space.bilibili.com,10
Ywv4j7XePa,倒悬的橘子 的 bilibili 空间,,space.bilibili.com,10
Jndk71Pd3V,厌食同学 的 bilibili 空间,,space.bilibili.com,10
4qv9z7PdaK,哦呼w 的 bilibili 空间,,space.bilibili.com,10
4MdAj7GexD,女孩为何穿短裙 的 bilibili 空间,,space.bilibili.com,10
VaobaO3eAj,此物天下绝响 的 bilibili 空间,,space.bilibili.com,10
BwdGLEOePx,疯猴pme 的 bilibili 空间,,space.bilibili.com,10
2me3m7Bvwj,绿豆KC 的 bilibili 空间,,space.bilibili.com,10
3adq7Naong,豪言の经理 的 bilibili 空间,,space.bilibili.com,10
DgeyDNRdZq,还有一天就放假了 的 bilibili 空间,,space.bilibili.com,10
2KeDP7AeNP,非我执笔 的 bilibili 空间,,space.bilibili.com,10
aEdZaxBvrO,非桥段 的 bilibili 空间,,space.bilibili.com,10
12owqQzdNV,野居青年 的 bilibili 空间,,space.bilibili.com,10
m4ej743oxE,Youtube,1MILLION Dance Studio,youtube.com,3
1Vd5PzKv85,华衣网,华衣网最新服装资讯,news.ef360.com,1
3moB2XVoN5,华衣网,华衣网-女装行业数据,ef360.com,1
0MdKE82ow1,华衣网,华衣网-男装行业数据,ef360.com,1
1VdJZAZdLQ,华衣网,华衣网-服装行业数据,ef360.com,1
12ow4xmvNV,华衣网,华衣网-童装行业数据,ef360.com,1
ARe1mr2e7n,华衣网,服装电商最新动态,ef360.com,1
8Rv2j0nvLw,Google Alert - 温州服装,,google.com,1
4KvxZWwekx,Google Alert - 服装加工工厂,,google.com,1
ENeYEzpeY4,Google Alert - 服装内贸,,google.com,1
pQvNjV8vNE,Google Alert - 服装外贸,,google.com,1
yjvQPE6obg,Google Alert - 加工服装订单,,google.com,1
7GdazlLeQy,Google Alert - 小批量服装加工,,google.com,1
KGoROgzvl6,Google Alert - 品牌服饰,,google.com,1
MZd7zg6vrO,Google Alert - 童装,,google.com,1
YKd6OEjeaP,Google Alert - 男装,,google.com,1
Ywv40OWvPa,Google Alert - 女装,,google.com,1
RrvWBP3o5z,Google Alert - 江苏服装,,google.com,1
Jndk6yJv3V,Google Alert - 上海服装,,google.com,1
4qv9XjpoaK,Google Alert - 浙江服装,,google.com,1
4MdAxQPvxD,Google Alert - 服装智能制造,,google.com,1
VaobL7gdAj,Google Alert - 服装产业,,google.com,1
BwdG2wgvPx,Google Alert - 服装软件,,google.com,1
2me3rPndwj,Google Alert - 睡衣品牌,,google.com,1
3adq6b3eng,Google Alert - 梭织服装,,google.com,1
DgeykJqvZq,Google Alert - 服装市场,,google.com,1
2KeDNXYvNP,Google Alert - 服装展会,,google.com,1
wkvl61yez1,Google Alert - 服装趋势,,google.com,1
6YoV50aeZa,Google Alert - 纺织服装,,google.com,1
DOvn61BvEB,Google Alert - 服装经济,,google.com,1
47o8LmwoMm,Google Alert - 服装报告,,google.com,1
5PdMmw7dmg,Google Alert - 服装智能化,,google.com,1
aqeE2wgo9R,Google Alert - 服装知识,,google.com,1
qndg4JxeLl,Google Alert - 服装外贸订单,,google.com,1
b0vm82loB1,Google Alert - 男装行业,,google.com,1
m4ej6DxexE,Google Alert - 羽绒服,,google.com,1
Q0or6gOo8B,Google Alert - 服装行业,,google.com,1
nBe0g01d37,Google Alert - 女装行业,,google.com,1
proP0Opoq6,Google Alert - 童装行业,,google.com,1
WmoOrPRe4E,Google Alert - 电商服装,,google.com,1
x9ozwL6vXb,Google Alert - 服装行业报告,,google.com,1
3QeLgjAd7k,Google Alert - 睡衣行业,,google.com,1
YqoXK88eOD,Google Alert - 外贸服装,,google.com,1
1Vd5PEKv85,Google Alert - 服装厂,,google.com,1
0MdKEm2ow1,Google Alert - 服装品牌,,google.com,1
12ow4PmvNV,Google Alert - 服装加工厂,,google.com,1
8Rv2jOnvLw,Google Alert - 服装外贸公司,,google.com,1
4KvxZOwekx,Google Alert - 服装订单,,google.com,1
pQvNj08vNE,Google Alert - 外贸,,google.com,1
7Gdaz9LeQy,Google Alert - 服装面料,,google.com,1
MZd7zm6vrO,Google Alert - 服装供应链,,google.com,1
Jndk63Jv3V,Google Alert - 服装加工,,google.com,1
4MdAxBPvxD,Google Alert - 工厂服装定做,,google.com,1
3adq6E3eng,Google Alert - 加工服装,,google.com,1
5PdMmr7dmg,Google Alert - 服装定做,,google.com,1
nBe0gM1d37,服装新闻,解读上市公司,news.efu.com.cn,1
proP0Ypoq6,服装新闻网,服装大牌事件,news.efu.com.cn,1
3QeLgYAd7k,服装新闻,品牌,news.efu.com.cn,1
YqoXKG8eOD,服装新闻,大牌,news.efu.com.cn,1
1Vd5PKKv85,服装新闻,男装,news.efu.com.cn,1
aqeE21Vo9R,服装新闻,童装,news.efu.com.cn,1
qndg4kWeLl,服装新闻,休闲,news.efu.com.cn,1
b0vm848oB1,服装新闻,运动,news.efu.com.cn,1
m4ej6qrexE,服装新闻,服饰,news.efu.com.cn,1
Q0or64Po8B,服装新闻,综合,news.efu.com.cn,1
nBe0gMyd37,服装新闻,人物,news.efu.com.cn,1
proP0Ykoq6,服装新闻,领袖,news.efu.com.cn,1
WmoOrDBe4E,服装新闻,设计师,news.efu.com.cn,1
x9ozwObvXb,服装新闻,专家,news.efu.com.cn,1
3QeLgY9d7k,服装新闻,综合,news.efu.com.cn,1
YqoXKG6eOD,服装新闻,产业,news.efu.com.cn,1
1Vd5PK5v85,服装新闻,电商,news.efu.com.cn,1
3moB2R9oN5,服装新闻,零售终端,news.efu.com.cn,1
0MdKEQ6ow1,服装新闻,批发市场,news.efu.com.cn,1
1VdJZYadLQ,服装新闻,面辅料,news.efu.com.cn,1
12ow4rwvNV,服装新闻,设备,news.efu.com.cn,1
ARe1mK4e7n,服装新闻,科技,news.efu.com.cn,1
8Rv2jGwvLw,服装新闻,视频,v.efu.com.cn,1
anopyDKvlZ,服装视频,高端访谈,v.efu.com.cn,1
4KvxZ09ekx,服装视频,衣手匠心,v.efu.com.cn,1
ENeYENReY4,服装视频,FASHION秀,v.efu.com.cn,1
pQvNjYzvNE,服装视频,潮店,v.efu.com.cn,1
yjvQPYjobg,服装视频,政经,news.efu.com.cn,1
7GdazkpeQy,服装视频,政策,news.efu.com.cn,1
KGoROkbvl6,服装视频,行情,news.efu.com.cn,1
MZd7zwOvrO,服装视频,统计,news.efu.com.cn,1
YKd6O8qeaP,服装视频,统计,news.efu.com.cn,1
Ywv409xvPa,服装视频,数据,news.efu.com.cn,1
RrvWBNRo5z,服装新闻,活动,news.efu.com.cn,1
Jndk64Lv3V,服装新闻,订货会,news.efu.com.cn,1
4qv9X81oaK,服装新闻,展会,news.efu.com.cn,1
4MdAx1gvxD,服装新闻,时装周,news.efu.com.cn,1
VaobL8GdAj,服装新闻,大赛,news.efu.com.cn,1
yjvQWD6ebg,inDev. Journal,,frankindev.com,10
2KeDMwYoNP,穆野霜泉的黑洞,,muyesq.cn,10
x9oz3Z7vXb,The Economist,The world in brief,economist.com,1
Ywv43ZMoPa,飞象网,快讯,cctime.com,1
4MdArY1exD,红辣椒评论,马上评论,hlj.rednet.cn,1
YqoXWGzeOD,🎉 Efficiency资源干货全收录 - Telegram Channel,,t.me,10
wkvlZZYez1,ROYWANG,,uaxk.com,10
6YoVWWBvZa,Jieran233's Blog,,jieran233.gitee.io,10
qndgZZXvLl,Sc's 神奇的JavaWeb,,shicheng.cool,10
m4ejZZ1exE,D2PE,,d2pe.com,10
Q0or332v8B,Moeif,,blog.moeif.com,10
nBe0yy5o37,频率 - 风卷过的起点,,pinlyu.com,10
b0vmZZ6dB1,yonniye's blog,,yonniye.com,10
proPWkBeq6,Lao_Liu's Blog,,blog.laoliu.eu.org,10
8Rv2nrgvLw,戴兜的小屋,,daidr.me,10
4Kvxymjdkx,Shiroha白羽的博客,,hukeqing.github.io,10
pQvNykyoNE,白云苍狗,,imalun.com,10
yjvQWkkebg,我有点酷-HuntZou的博客,,blog.woyou.cool,10
7GdaZwyeQy,浮云翩迁之间,,blognas.hwb0307.com,10
KGoRWE5vl6,星空下的YZY,,226yzy.com,10
MZd73LDdrO,PinkR1ver Studio,,pinkr1ver.com,10
JndkZOPv3V,NoneData,,nonedata.com,10
4MdArkGexD,七米蓝,,chirmyram.top,10
nBe0yNzo37,Jieran233's Blog,,jieran233.github.io,10
YqoXW2qeOD,1905电影网,新闻,1905.com,3
1Vd5ZAGe85,1905电影网,VIP专区,1905.com,3
aqeEz3Do9R,1905电影网,影片库,1905.com,3
proPWL0eq6,美食作家王刚R 的 bilibili 空间,,space.bilibili.com,10
1Vd5ZnNe85,关于悉达多的最新评论,,book.douban.com,10
7GdaZ6QeQy,楚天乐的小站,,blog.shyclouds.net,10
Ywv43XBoPa,十贰的小窝,,hehysh.github.io,10
4qv9Vw0daK,智朋的个人博客,,coffeelize.top,10
VaobZXDoAj,Chancel's blog,,chancel.me,10
BwdGXbwePx,互航飞,,huhangfei.com,10
aEdZWmgerO,Save The Web Project,,saveweb.othing.xyz,10
wkvlZYPez1,Zhongkui Zhang | 张中魁,,zhongkui.org,10
aqeEzG3o9R,且炼时光,,linshenkx.cn,10
1VdJKbqeLQ,洛雪のCat,,blog.sayhi.moe,10
x9oz3NxvXb,伊藤•博文,,moc.1tlt1.com,10
ARe13Rnv7n,BinGo‘s Blog,,zh996.com,10
ENeYW4DvY4,造壳 MkShell,,mkshell.com,10
pQvNyMVoNE,流年石刻,,timeshike.com,10
7GdaZGkeQy,孙威的阳光海,,sunnyfly.com,10
KGoRW4Nvl6,Sean's Note,,blog.sean.taipei,10
JndkZGZv3V,xiongxinwei的个人博客,,nsddd.top,10
BwdGXY8ePx,hydrogel cosmetic,,pubmed.ncbi.nlm.nih.gov,10
proPWjpeq6,了迹奇有没,,whrss.com,10
WmoOWmRo4E,谭新宇的博客,,tanxinyu.work,10
3QeLwDAd7k,Kaichao You,,youkaichao.github.io,10
3moB0WVdN5,Wriprin's Blog,,blog.cnix.cc,10
aEdZWKnerO,少楠Plidezus的即刻动态,,okjike.com,10
wkvlZryez1,flomo浮墨笔记的即刻动态,,okjike.com,10
x9oz3abvXb,勇敢一点,,wanghuibin0.github.io,10
YqoXWx6eOD,Wang Fenjin's Blog,,wangfenjin.com,10
ARe13X4v7n,Mark24Code,,mark24code.github.io,10
ENeYWYRvY4,GamerNoTitle,,bili33.top,10
YKd63wqeaP,Wang's Blog,,vlight.me,10
Dgey3E5vZq,大白最黑のHome,,dabaizuihei.github.io,10
wkvlZpqez1,tj‘sblog_无聊项目聚集地,,tjsite.cn,10
DOvnlY1eEB,R4y的博客,,blog.12ms.xyz,10
nBe0yYyo37,Kenvix's Blog,,kenvix.com,10
WmoOWYBo4E,Eson Wong's Blog,,blog.esonwong.com,10
m4ejZ1mexE,早早城的微博,,weibo.com,10
Q0or3Rzv8B,见之孔一的微博,,weibo.com,10
nBe0yYKo37,早早城 的 bilibili 动态,,space.bilibili.com,10
x9oz3g7vXb,蔡文静的微博,,weibo.com,10
1Vd5Z7Le85,阿啊阿吖丁,,4ading.com,10
0MdKJ14vw1,代码范,,codefine.site,10
1VdJKwneLQ,BB酱的博客,,bbbbchan.com,10
12owDkzvNV,Yandao's Blog,,daoblog.top,10
4MdArE1exD,weiweng的博客,,weiweng.github.io,10
VaobZg8oAj,doyoudo 的 bilibili 动态,,space.bilibili.com,10
BwdGXPLePx,Momentor动态设计C4D 的 bilibili 动态,,space.bilibili.com,10
2me33lrewj,一起拉片 的 bilibili 动态,,space.bilibili.com,10
3adqq1Mdng,影视飓风 的 bilibili 动态,,space.bilibili.com,10
Dgey3RKvZq,Aniraiden 的 bilibili 动态,,space.bilibili.com,10
2KeDMjMoNP,南门录像厅 的 bilibili 动态,,space.bilibili.com,10
aEdZW7MerO,shenmi 的 bilibili 动态,,space.bilibili.com,10
wkvlZ5jez1,kardel 的 bilibili 动态,,space.bilibili.com,10
6YoVWNwvZa,GenJi是真想教会你 的 bilibili 动态,,space.bilibili.com,10
DOvnlKqeEB,百万剪辑狮 的 bilibili 动态,,space.bilibili.com,10
47o83lgeMm,仕林的视频日记 的 bilibili 动态,,space.bilibili.com,10
5PdM1Bbdmg,惫懒の欧阳川 的 bilibili 动态,,space.bilibili.com,10
aqeEzr4o9R,阿次的寶藏片場 的 bilibili 动态,,space.bilibili.com,10
qndgZPmvLl,北电追梦者 的 bilibili 动态,,space.bilibili.com,10
b0vmZBGdB1,一目十影 的 bilibili 动态,,space.bilibili.com,10
m4ejZLmexE,壹帧影视 的 bilibili 动态,,space.bilibili.com,10
Q0or32zv8B,夜不眠Lost 的 bilibili 动态,,space.bilibili.com,10
nBe0ylKo37,深川漱Pengoss 的 bilibili 动态,,space.bilibili.com,10
proPWw5eq6,咋拍好ZPH 的 bilibili 动态,,space.bilibili.com,10
WmoOWJYo4E,导演姐姐马成美 的 bilibili 动态,,space.bilibili.com,10
x9oz377vXb,调色师手册 的 bilibili 动态,,space.bilibili.com,10
3QeLw5Pd7k,谜一样的剪辑师 的 bilibili 动态,,space.bilibili.com,10
YqoXWaXeOD,IKITA_ 的 bilibili 动态,,space.bilibili.com,10
1Vd5ZlLe85,晴天调色 的 bilibili 动态,,space.bilibili.com,10
3moB0g1dN5,千叶结锤 的 bilibili 动态,,space.bilibili.com,10
0MdKJX4vw1,一婶是Ethan 的 bilibili 动态,,space.bilibili.com,10
1VdJKLneLQ,1分钟剪辑课 的 bilibili 动态,,space.bilibili.com,10
12owDQzvNV,新片场学院 的 bilibili 动态,,space.bilibili.com,10
ARe13l6v7n,导演系一一 的 bilibili 动态,,space.bilibili.com,10
8Rv2nl3vLw,切片计划 的 bilibili 动态,,space.bilibili.com,10
anop3wkelZ,房琪kiki 的 bilibili 动态,,space.bilibili.com,10
4Kvxya7dkx,影视后期系统教学 的 bilibili 动态,,space.bilibili.com,10
ENeYWxqvY4,幕后玩家Stage 的 bilibili 动态,,space.bilibili.com,10
pQvNyzBoNE,小鹿Lawrence 的 bilibili 动态,,space.bilibili.com,10
yjvQW5Debg,林粒粒呀 的 bilibili 动态,,space.bilibili.com,10
7GdaZ4geQy,安迪的美院日常 的 bilibili 动态,,space.bilibili.com,10
KGoRWB1vl6,小芃路子野 的 bilibili 动态,,space.bilibili.com,10
MZd73pGdrO,HeyDrones 的 bilibili 动态,,space.bilibili.com,10
YKd632meaP,视频大拍档 的 bilibili 动态,,space.bilibili.com,10
Ywv43wMoPa,宝藏大叔 的 bilibili 动态,,space.bilibili.com,10
RrvWA2De5z,左手plus 的 bilibili 动态,,space.bilibili.com,10
JndkZVyv3V,特效小哥studio 的 bilibili 动态,,space.bilibili.com,10
4qv9VYrdaK,_青红造了个白_ 的 bilibili 动态,,space.bilibili.com,10
4MdArW1exD,小红书-赵今麦-笔记,,xiaohongshu.com,10
VaobZW8oAj,小红书-周雨彤-笔记,,xiaohongshu.com,10
BwdGXgLePx,小红书-白鹿-笔记,,xiaohongshu.com,10
3adqqVMdng,Miss璐小姐 | LOFTER,,fl960106.lofter.com,10
wkvlZVjez1,残页的小博客,,blog.canyie.top,10
b0vmZVGdB1,Mosu | Mosuzi的博客,,mosuzi.com,10
Q0or3Vzv8B,晴雀宫,,blog.nbplus.eu.org,10
nBe0y5Ko37,徐云流浪中国 的 bilibili 动态,,space.bilibili.com,10
proPWX5eq6,带床去旅行 的 bilibili 动态,,space.bilibili.com,10
YqoXWXzeOD,SkyWT,,blog.skywt.cn,10
1Vd5Zq8e85,Jing Blog,,jingine.com,10
0MdKJqOvw1,HugeTerry|Den,,hugeterry.cn,10
1VdJKq8eLQ,明明如月的博客,,lmmsoft.github.io,10
12owDOjvNV,象帝浮华生,,ahianzhang.com,10
Q0or3m5v8B,Cestlavie's Blog,,cestlavie.moe,10
nBe0yqbo37,happy xiao 的博客,,happyxiao.com,10
x9oz3zKvXb,Yi's Blog,,ycao.top,10
3moB0QEdN5,お前はどこまで見えている,,hotarugali.github.io,10
ARe130Lv7n,老鱼的博客,,hgoldfish.com,10
8Rv2nP0vLw,xxxx的个人博客,,windsong.top,10
anop3GRelZ,范明明,,fanmingming.com,10
ENeYWXZvY4,月落星河Tsukistar,,tsukistar.fun,10
YKd63XzeaP,阳和平说事儿 的 bilibili 动态,,space.bilibili.com,10
proPWbOeq6,The world in brief | The Economist,,economist.com,6
WmoOWADo4E,经济学人 · 商论,,businessreview.global,6
x9oz3EYvXb,The Economist Global Business Review,,businessreview.global,6
3QeLwWJd7k,The Economist Global Business Review,,businessreview.global,6
3QeLwKEd7k,长城网,人事任免,heb.hebei.com.cn,1
qndgZ30vLl,Obsidian 中文论坛,疑问解答,forum-zh.obsidian.md,4
proPkG0eq6,NGA,晴风村,nga.178.com,4
m4ejP2pvxE,Norwegian Wood,,akynazh.site,10
m4ejP63vxE,GitLab merge requests,,gitlab.com,10
1Vd5O28o85,韩联社,滚动新闻,cn.yna.co.kr,1
Ywv4P3RvPa,Greg Brockman,,blog.gregbrockman.com,10
Vaob11BeAj,The Lancet Regional Health - Southeast Asia,,thelancet.com,10
BwdGkkadPx,The Lancet Regional Health – Western Pacific,,thelancet.com,10
2me300bowj,The Lancet Respiratory Medicine,,thelancet.com,10
3adqKKmong,The Lancet Rheumatology,,thelancet.com,10
DgeyjjpoZq,eBioMedicine,,thelancet.com,10
2KeD995oNP,eClinicalMedicine,,thelancet.com,10
aEdZMMOvrO,The Lancet,,thelancet.com,10
wkvlzzgez1,The Lancet Child &amp; Adolescent Health,,thelancet.com,10
6YoVryGoZa,The Lancet Diabetes &amp; Endocrinology,,thelancet.com,10
47o8XkQoMm,The Lancet Gastroenterology &amp; Hepatology,,thelancet.com,10
5PdMDXavmg,The Lancet Global Health,,thelancet.com,10
aqeEkmjv9R,The Lancet Haematology,,thelancet.com,10
qndgjyLvLl,The Lancet Healthy Longevity,,thelancet.com,10
b0vmLrWoB1,The Lancet HIV,,thelancet.com,10
m4ejPgyvxE,The Lancet Infectious Diseases,,thelancet.com,10
Q0orJL0o8B,The Lancet Neurology,,thelancet.com,10
nBe0mNjo37,The Lancet Microbe,,thelancet.com,10
proPkKOeq6,The Lancet Oncology,,thelancet.com,10
WmoOyBDd4E,The Lancet Planetary Health,,thelancet.com,10
x9ozr2YoXb,The Lancet Psychiatry,,thelancet.com,10
3QeLkLJd7k,The Lancet Public Health,,thelancet.com,10
YqoXPyKoOD,The Lancet Regional Health – Americas,,thelancet.com,10
1Vd5ONao85,The Lancet Regional Health – Europe,,thelancet.com,10
aqeEkmMv9R,The Lancet Regional Health - Southeast Asia,,thelancet.com,10
qndgjyZvLl,The Lancet Regional Health – Western Pacific,,thelancet.com,10
b0vmLrLoB1,The Lancet Respiratory Medicine,,thelancet.com,10
m4ejPggvxE,The Lancet Rheumatology,,thelancet.com,10
WmoOyBbd4E,Makerlife 的小站,,blog.makerlife.top,10
x9ozr2MoXb,Mycpen,,blog.cpen.top,10
YqoXPy4oOD,Kris Yan,,blog.krisyan.dev,10
1Vd5ONWo85,Ethan's Wiki,,wiki-mkdocs-topaz.vercel.app,10
3moBlNydN5,dsy4567 的小站,,dsy4567.github.io,10
1VdJkO0eLQ,Captain的博客,,totapo.netlify.app,10
ARe1jAlo7n,zhaolife Blog,,zhaolife.com,10
4KvxmwPdkx,Fernweh,,blog.wohin.me,10
7Gdawy7oQy,plus studio,,studyinglover.com,10
Ywv4PNpvPa,蒲小花的博客,,jackpu.com,10
RrvW01kd5z,ccagml的博客,,ccagml.com,10
JndkO1pd3V,泠泫凝的异次元空间,,lxnchan.cn,10
4MdAk7LoxD,Sekyoro的博客小屋,,sekyoro.top,10
Vaob1OMeAj,柴郡猫,,cheshirex.com,10
BwdGkEMdPx,荷岭网居,,helim.net,10
DgeyjNMoZq,醉里博客,,202271.xyz,10
aEdZMx8vrO,RBA的技术分享,,firfor.cn,10
6YoVrwKoZa,九仞之行,,styunlen.cn,10
DOvnXxDeEB,Enderfga's blog,,enderfga.cn,10
qndgjBZvLl,ming5ming's blog,,ming5ming.xlog.app,10
b0vmLpLoB1,牧尘的网络日志,,dreamlyn.cn,10
m4ejPwgvxE,草梅友仁的博客,,blog.cmyr.ltd,10
Q0orJDDo8B,Yusank's Site,,yusank.space,10
nBe0m2Do37,郑文峰的博客,,zhengwenfeng.com,10
x9ozrbMoXb,CRUDMAN,,crudman.cn,10
0MdKkr5dw1,Xiaobin's Blog,,lxb.wiki,10
1VdJkj0eLQ,LanYunのBlog,,lanyundev.com,10
anopBNEdlZ,WuHJ's Personel Site,,hjwu.cc,10
pQvNkO9dNE,sjdhome blog,,sjdhome.com,10
7GdawP7oQy,Moby,,isfalse.pro,10
MZd7L7lerO,kkocdko 的博客,,kkocdko.site,10
YKd6z7KdaP,若绾,,royc30ne.com,10
Ywv4P7pvPa,千古八方的博客,,rangotec.com,10
JndkOApd3V,ikeno blog,,blog.ikeno.top,10
Vaob1AMeAj,碎言博客,,suiyan.cc,10
BwdGk8MdPx,Dr3@m's Blog,,blog.ctftools.com,10
2me30Dkowj,任霏博客,,renfei.net,10
2KeD9DXoNP,凌览社,,linglan01.cn,10
aEdZMA8vrO,SRE运维博客,,cnsre.cn,10
wkvlzA4ez1,Ripple's blog,,hiripple.com,10
6YoVr9KoZa,远鹏的博客,,liangyuanpeng.com,10
5PdMD9lvmg,饭喵,,blog.fanmiao.site,10
aqeEk9Mv9R,丘卡饮品店,,blog.zerolacqua.top,10
b0vmL3LoB1,Oragekk's Blog,,oragekk.me,10
Q0orJaDo8B,豆逗子的小黑屋,,weaxsey.org,10
x9ozr9MoXb,Dorad's Life,,blog.cuger.cn,10
1Vd5OnWo85,Cirry's Blog,,cirry.cn,10
b0vmL3XoB1,质数人生,,2357.life,10
Q0orJa2o8B,HikariLan's Blog,,my.minecraft.kim,10
nBe0mD5o37,Rehtt's Blog,,rehtt.com,10
proPkymeq6,NotionEverything,,xiaohuge.icu,10
WmoOy9Ed4E,Bluemangoo;s Blog,,blog.bluemangoo.net,10
x9ozr9DoXb,trudbot's blog,,trudbot.cn,10
YqoXP9noOD,这里是L,,liuuzaki.net,10
1Vd5OnMo85,shimmer,,wp-boke.work,10
0MdKk9pdw1,WAYJAM's Blog,,wayjam.me,10
1VdJk3GeLQ,重生云,,xiaochopin.github.io,10
ARe1jb8o7n,FKY&JYQ,,blog.fkynjyq.com,10
8Rv2rb1vLw,Vincent' blog,,wekic.com,10
anopB90dlZ,闲人Life,,xianrenlife.com,10
4KvxmAEdkx,小松鼠的博客,,ladybug.top,10
yjvQk6aebg,菜皮日记,,lipijin.com,10
MZd7LEgerO,Seraphineの小窝,,helloseraphine.top,10
Ywv4Pb9vPa,Py's blog,,py233.net,10
RrvW06ld5z,Leon Fong 的个人网站,,leonfong.me,10
JndkO97d3V,Ke's blog,,mengke.me,10
4qv95mXvaK,蛮荆,,dbwu.tech,10
3adqK8zong,Ivan's Timeline,,tl.ivanli.cc,10
DgeyjANoZq,Nemo,,nemo.cool,10
aEdZMkkvrO,方寸之间,,smj.im,10
nBe0mn5o37,Yuteng's Blog,,yanyuteng.github.io,10
3QeLkNWd7k,Ryan' Lab,,blog.gaoran.xyz,10
YqoXP6noOD,叹世界,,hauhau.cn,10
ARe1jO8o7n,月梦の技术博客,,ymiir.top,10
8Rv2rz1vLw,Jason Lee的个人博客,,blog.jasonleehere.com,10
4KvxmlEdkx,krkr2(beta),,krkr2.xyz,10
pQvNkbAdNE,Sky Watch,,darksair.org,10
7GdawL2oQy,Shanwer's Blog,,blog.shanwer.top,10
KGoREyQel6,xnum's Blog,,xnum.github.io,10
MZd7LKgerO,无名博客,,wuminboke.site,10
Ywv4PX9vPa,凉樱の天空之境,,liangying.cf,10
JndkOx7d3V,Longlong's Blog,,blog.xlonglong.cn,10
Vaob1XPeAj,歪麦博客,,awaimai.com,10
BwdGkbXdPx,离线以自由,,reserve2freedom.github.io,10
BwdGkWJdPx,云无心天天向上,,yangk.net,10
3QeLkywd7k,fwqaaq's Blog,,fwqaq.us,10
anopBP2dlZ,Mox的笔记库,,mocusez.site,10
4KvxmJLdkx,专享生活,,zhjwork.online,10
2KeD9rPoNP,8ug.icu,,8ug.icu,10
aEdZM6gvrO,QP's Blog,,szqp.site,10
wkvlzwPez1,lazy_forever's Blog,,blog.lazyforever.top,10
WmoOywmd4E,阿猪,,yfzhu.cn,10
x9ozry1oXb,寒九,,hhao.wang,10
4Kvxm4Ldkx,我是黄鸭兄 的 bilibili 空间,,space.bilibili.com,10
ENeYO76vY4,Simple Read 步履不停,,ximalaya.com,10
7GdawrQoQy,梅森设计 的西瓜视频,,ixigua.com,10
4qv95p0vaK,迷雾地上,,space.bilibili.com,10
4MdAk65oxD,向前奔跑的动力,,space.bilibili.com,10
